PatientID,BirthDate,Gender,Race,Ethnicity,ZipCode,State,Region,RegistrationDate
PAT000001,24-07-2006,Male,White,Not Hispanic or Latino,22554,VA,Northern,12-08-2023
PAT000002,07-04-1953,Female,White,Not Hispanic or Latino,23834,VA,Southern,15-10-2023
PAT000003,09-03-1994,Male,White,Not Hispanic or Latino,23606,VA,Eastern,26-05-2024
PAT000004,26-08-2023,Female,Black or African American,Not Hispanic or Latino,22401,VA,Northern,16-10-2023
PAT000005,25-02-2007,Female,White,Hispanic or Latino,23805,VA,Southern,07-12-2023
PAT000006,16-08-1994,Male,White,Hispanic or Latino,22902,VA,Western,01-04-2025
PAT000007,13-03-2024,Female,White,Not Hispanic or Latino,23220,VA,Central,16-04-2025
PAT000008,10-08-2017,Other,Asian,Not Hispanic or Latino,23225,VA,Central,23-09-2025
PAT000009,10-04-2021,Male,Black or African American,Not Hispanic or Latino,23601,VA,Eastern,30-04-2023
PAT000010,11-12-2006,Female,White,Not Hispanic or Latino,23220,VA,Central,13-04-2023
PAT000011,17-08-1981,Female,White,Not Hispanic or Latino,22902,VA,Western,27-04-2023
PAT000012,28-02-1967,Male,White,Not Hispanic or Latino,23601,VA,Eastern,21-05-2023
PAT000013,28-11-2005,Male,White,Not Hispanic or Latino,23805,VA,Southern,06-04-2025
PAT000014,08-10-2022,Female,White,Not Hispanic or Latino,23220,VA,Central,17-06-2023
PAT000015,19-11-1994,Female,Black or African American,Not Hispanic or Latino,23831,VA,Southern,18-06-2024
PAT000016,23-11-1987,Female,White,Not Hispanic or Latino,23223,VA,Central,03-05-2024
PAT000017,05-07-2017,Male,White,Hispanic or Latino,23223,VA,Central,25-07-2025
PAT000018,01-02-1950,Male,White,Not Hispanic or Latino,23606,VA,Eastern,24-07-2023
PAT000019,07-09-2005,Male,Black or African American,Hispanic or Latino,22903,VA,Western,29-09-2023
PAT000020,08-02-1949,Male,White,Not Hispanic or Latino,22554,VA,Northern,06-08-2024
PAT000021,27-08-1988,Female,Black or African American,Not Hispanic or Latino,22903,VA,Western,19-12-2025
PAT000022,27-11-1960,Female,Asian,Not Hispanic or Latino,23831,VA,Southern,01-08-2023
PAT000023,04-05-2021,Female,Asian,Not Hispanic or Latino,23185,VA,Eastern,15-11-2023
PAT000024,20-05-1971,Male,White,Not Hispanic or Latino,22405,VA,Northern,03-12-2024
PAT000025,21-11-2019,Female,White,Not Hispanic or Latino,22554,VA,Northern,01-11-2025
PAT000026,28-05-1968,Male,White,Not Hispanic or Latino,23803,VA,Southern,09-07-2023
PAT000027,02-05-1994,Female,White,Not Hispanic or Latino,22901,VA,Western,14-11-2024
PAT000028,21-03-1978,Male,Black or African American,Not Hispanic or Latino,23602,VA,Eastern,27-11-2023
PAT000029,23-09-2011,Male,Black or African American,Not Hispanic or Latino,23834,VA,Southern,20-01-2023
PAT000030,23-02-2004,Female,Black or African American,Not Hispanic or Latino,22405,VA,Northern,15-03-2023
PAT000031,19-06-1977,Female,White,Not Hispanic or Latino,23221,VA,Central,30-05-2025
PAT000032,10-01-2021,Female,Asian,Not Hispanic or Latino,22903,VA,Western,23-03-2023
PAT000033,07-06-1961,Male,White,Hispanic or Latino,23221,VA,Central,30-07-2023
PAT000034,28-09-1970,Female,White,Not Hispanic or Latino,23606,VA,Eastern,13-11-2023
PAT000035,26-03-2018,Female,Unknown,Unknown,23221,VA,Central,24-04-2025
PAT000036,24-03-1975,Female,Black or African American,Not Hispanic or Latino,23831,VA,Southern,23-04-2025
PAT000037,28-11-1935,Female,Asian,Not Hispanic or Latino,23221,VA,Central,30-06-2024
PAT000038,04-12-1988,Female,White,Not Hispanic or Latino,23225,VA,Central,21-03-2023
PAT000039,08-08-1962,Female,Multiple,Not Hispanic or Latino,22902,VA,Western,31-07-2025
PAT000040,27-05-1970,Male,Black or African American,Not Hispanic or Latino,22405,VA,Northern,01-04-2024
PAT000041,07-11-1975,Male,White,Not Hispanic or Latino,23225,VA,Central,03-11-2024
PAT000042,25-02-1986,Female,Black or African American,Not Hispanic or Latino,23602,VA,Eastern,20-12-2024
PAT000043,13-09-1965,Female,White,Not Hispanic or Latino,22554,VA,Northern,26-02-2023
PAT000044,06-05-2022,Female,White,Not Hispanic or Latino,22903,VA,Western,20-03-2023
PAT000045,14-10-1989,Male,White,Not Hispanic or Latino,22903,VA,Western,04-10-2024
PAT000046,17-10-1994,Female,White,Not Hispanic or Latino,23220,VA,Central,27-02-2025
PAT000047,02-05-2001,Unknown,Black or African American,Not Hispanic or Latino,23606,VA,Eastern,04-01-2023
PAT005177,22-09-1944,Female,White,Not Hispanic or Latino,23221,VA,Central,15-01-2025
PAT000049,22-02-1994,Male,Black or African American,Not Hispanic or Latino,23223,VA,Central,04-10-2024
PAT000050,10-12-2004,Male,White,Not Hispanic or Latino,23223,VA,Central,16-04-2025
PAT000051,23-07-1997,Male,Black or African American,Not Hispanic or Latino,23223,VA,Central,18-09-2023
PAT000052,22-07-2019,Female,White,Not Hispanic or Latino,22911,VA,Western,23-12-2023
PAT000053,18-07-2016,Female,Black or African American,Not Hispanic or Latino,22401,VA,Northern,14-09-2024
PAT000054,14-04-1971,Male,Unknown,Not Hispanic or Latino,23602,VA,Eastern,10-08-2025
PAT000055,22-08-1983,Female,Black or African American,Hispanic or Latino,23221,VA,Central,12-11-2025
PAT000056,06-12-2010,Male,White,Not Hispanic or Latino,22401,VA,Northern,04-08-2024
PAT000057,21-11-1967,Female,Black or African American,Not Hispanic or Latino,23602,VA,Eastern,11-07-2023
PAT000058,10-11-2000,Male,White,Not Hispanic or Latino,23221,VA,Central,12-02-2024
PAT000059,02-01-2003,Female,Asian,Hispanic or Latino,23221,VA,Central,31-08-2025
PAT000060,14-08-2023,Female,White,Not Hispanic or Latino,23221,VA,Central,18-08-2025
PAT000061,16-07-1938,Female,White,Not Hispanic or Latino,23834,VA,Southern,14-05-2024
PAT000062,23-11-1988,Male,Asian,Not Hispanic or Latino,23185,VA,Eastern,07-08-2023
PAT000063,08-07-1936,Female,Unknown,Not Hispanic or Latino,23805,VA,Southern,26-11-2025
PAT000064,18-01-1983,Male,Black or African American,Not Hispanic or Latino,22405,VA,Northern,06-09-2023
PAT000065,26-03-1946,Male,Black or African American,Not Hispanic or Latino,23606,VA,Eastern,23-12-2025
PAT000066,11-10-1982,Female,Asian,Hispanic or Latino,23225,VA,Central,30-10-2025
PAT000067,15-09-1969,Male,White,Not Hispanic or Latino,23221,VA,Central,30-08-2025
PAT000068,25-05-1983,Male,Black or African American,Not Hispanic or Latino,23805,VA,Southern,21-07-2024
PAT000069,21-08-1991,Female,White,Not Hispanic or Latino,22405,VA,Northern,16-07-2024
PAT000070,23-02-1946,Female,White,Not Hispanic or Latino,23223,VA,Central,25-04-2024
PAT000071,11-06-1999,Male,Black or African American,Not Hispanic or Latino,22401,VA,Northern,11-10-2023
PAT000072,13-04-1956,Male,White,Not Hispanic or Latino,23221,VA,Central,14-03-2024
PAT000073,14-07-1989,Female,Black or African American,Not Hispanic or Latino,22554,VA,Northern,12-08-2025
PAT000074,07-01-2012,Female,White,Not Hispanic or Latino,22911,VA,Western,08-03-2025
PAT000075,23-10-1976,Female,White,Not Hispanic or Latino,22401,VA,Northern,18-02-2025
PAT000076,12-01-1968,Male,White,Not Hispanic or Latino,23831,VA,Southern,09-03-2025
PAT000077,24-09-1947,Female,White,Not Hispanic or Latino,22405,VA,Northern,26-09-2025
PAT000078,14-05-1987,Male,Black or African American,Not Hispanic or Latino,23834,VA,Southern,01-03-2023
PAT000079,22-06-1948,Male,Black or African American,Not Hispanic or Latino,23225,VA,Central,05-12-2023
PAT000080,05-08-1977,Male,Black or African American,Not Hispanic or Latino,23803,VA,Southern,17-03-2025
PAT000081,22-10-1966,Female,Black or African American,Not Hispanic or Latino,22401,VA,Northern,21-06-2023
PAT000082,28-03-1994,Female,Black or African American,Not Hispanic or Latino,22551,VA,Northern,08-01-2024
PAT000083,13-05-2006,Female,White,Not Hispanic or Latino,22554,VA,Northern,09-03-2024
PAT000084,11-06-1983,Female,White,Not Hispanic or Latino,23225,VA,Central,23-07-2024
PAT000085,09-07-1936,Male,White,Not Hispanic or Latino,22901,VA,Western,21-08-2025
PAT000086,18-12-1960,Female,Multiple,Hispanic or Latino,22901,VA,Western,17-12-2024
PAT000087,03-11-1987,Female,Asian,Not Hispanic or Latino,22401,VA,Northern,05-03-2023
PAT000088,27-04-1987,Female,White,Not Hispanic or Latino,23803,VA,Southern,09-11-2023
PAT000089,16-03-2000,Female,Black or African American,Not Hispanic or Latino,23185,VA,Eastern,22-03-2024
PAT000090,09-12-2011,Female,Other,Not Hispanic or Latino,23831,VA,Southern,10-12-2023
PAT000091,10-03-2004,Male,Black or African American,Not Hispanic or Latino,23220,VA,Central,22-02-2023
PAT000092,19-05-1961,Male,White,Hispanic or Latino,23225,VA,Central,23-03-2025
PAT000093,03-04-1979,Female,Asian,Hispanic or Latino,22902,VA,Western,28-07-2023
PAT000094,28-05-1964,Male,Other,Unknown,23220,VA,Central,26-03-2023
PAT000095,14-09-1996,Female,Black or African American,Hispanic or Latino,23602,VA,Eastern,22-05-2023
PAT000096,11-11-1944,Female,Asian,Not Hispanic or Latino,23220,VA,Central,10-05-2025
PAT000097,14-02-1992,Female,Multiple,Not Hispanic or Latino,23831,VA,Southern,30-07-2025
PAT000098,14-03-1964,Male,Black or African American,Not Hispanic or Latino,23805,VA,Southern,04-12-2025
PAT000099,20-05-1980,Male,Black or African American,Not Hispanic or Latino,22551,VA,Northern,10-08-2025
PAT000100,19-12-1984,Male,White,Not Hispanic or Latino,22554,VA,Northern,22-10-2024
PAT000101,09-02-2000,Female,Black or African American,Not Hispanic or Latino,22911,VA,Western,14-05-2024
PAT000102,19-08-1978,Female,Black or African American,Unknown,23606,VA,Eastern,19-11-2024
PAT000103,28-08-1975,Female,White,Not Hispanic or Latino,23831,VA,Southern,08-01-2024
PAT000104,12-04-1983,Female,White,Not Hispanic or Latino,22554,VA,Northern,28-11-2024
PAT000105,23-10-1986,Female,Black or African American,Not Hispanic or Latino,22554,VA,Northern,21-01-2023
PAT000106,03-04-1982,Female,White,Not Hispanic or Latino,23805,VA,Southern,12-04-2025
PAT000107,25-09-1968,Female,Asian,Not Hispanic or Latino,23221,VA,Central,02-09-2025
PAT000108,26-08-1992,Male,White,Not Hispanic or Latino,22901,VA,Western,10-07-2023
PAT000109,13-04-2016,Male,White,Not Hispanic or Latino,23805,VA,Southern,19-09-2024
PAT000110,18-08-2014,Female,Asian,Hispanic or Latino,23831,VA,Southern,21-05-2025
PAT000111,11-09-1964,Male,White,Hispanic or Latino,23223,VA,Central,18-07-2025
PAT000112,09-05-1952,Female,White,Not Hispanic or Latino,23221,VA,Central,05-09-2023
PAT000113,04-06-2001,Female,White,Not Hispanic or Latino,23221,VA,Central,28-01-2024
PAT000114,16-12-1972,Male,Black or African American,Not Hispanic or Latino,23602,VA,Eastern,10-12-2025
PAT000115,04-05-1966,Male,White,Not Hispanic or Latino,22902,VA,Western,29-08-2024
PAT000116,06-06-1987,Male,Multiple,Not Hispanic or Latino,23223,VA,Central,29-01-2023
PAT000117,05-09-1938,Male,Black or African American,Not Hispanic or Latino,23223,VA,Central,04-04-2023
PAT000118,10-09-2006,Female,White,Not Hispanic or Latino,23221,VA,Central,02-10-2025
PAT000119,19-01-1989,Female,White,Not Hispanic or Latino,22903,VA,Western,19-08-2025
PAT000120,11-08-1983,Male,White,Not Hispanic or Latino,22405,VA,Northern,16-04-2023
PAT000121,04-08-1986,Female,White,Not Hispanic or Latino,23803,VA,Southern,31-03-2025
PAT000122,19-02-1992,Female,Black or African American,Not Hispanic or Latino,23803,VA,Southern,07-11-2023
PAT000123,10-10-1988,Female,White,Not Hispanic or Latino,23185,VA,Eastern,23-05-2024
PAT000124,25-09-2022,Male,White,Not Hispanic or Latino,23225,VA,Central,07-04-2024
PAT000125,13-09-1936,Female,Asian,Unknown,23606,VA,Eastern,25-06-2025
PAT000126,14-10-1951,Male,Black or African American,Not Hispanic or Latino,23223,VA,Central,04-05-2023
PAT000127,04-12-1981,Female,White,Not Hispanic or Latino,22902,VA,Western,08-03-2024
PAT000128,03-11-1986,Female,Asian,Unknown,23805,VA,Southern,06-05-2024
PAT000129,03-09-1955,Female,Other,Not Hispanic or Latino,22405,VA,Northern,06-01-2023
PAT000130,23-08-1994,Male,Black or African American,Not Hispanic or Latino,23606,VA,Eastern,19-08-2024
PAT000131,10-04-2024,Female,Black or African American,Not Hispanic or Latino,22903,VA,Western,18-07-2025
PAT000132,08-11-1974,Male,Asian,Not Hispanic or Latino,23223,VA,Central,10-02-2024
PAT000133,18-02-1947,Male,Asian,Not Hispanic or Latino,22902,VA,Western,02-11-2023
PAT000134,03-03-1999,Female,Asian,Hispanic or Latino,23803,VA,Southern,06-12-2023
PAT000135,20-05-1935,Male,White,Not Hispanic or Latino,22554,VA,Northern,18-06-2025
PAT000136,23-08-1974,Female,White,Not Hispanic or Latino,23831,VA,Southern,04-04-2025
PAT000137,18-09-1986,Male,Multiple,Not Hispanic or Latino,23834,VA,Southern,15-06-2025
PAT000138,02-10-1958,Female,Asian,Not Hispanic or Latino,23225,VA,Central,22-10-2024
PAT000139,01-05-1981,Female,Black or African American,Hispanic or Latino,23220,VA,Central,13-04-2024
PAT000140,27-11-2007,Male,Black or African American,Not Hispanic or Latino,23831,VA,Southern,24-03-2023
PAT000141,16-03-1978,Female,Asian,Not Hispanic or Latino,23606,VA,Eastern,23-07-2024
PAT000142,14-10-1988,Male,Other,Not Hispanic or Latino,23225,VA,Central,06-07-2023
PAT000143,14-06-1968,Male,Asian,Not Hispanic or Latino,22903,VA,Western,19-10-2024
PAT000144,28-02-1965,Female,Other,Not Hispanic or Latino,22902,VA,Western,06-11-2024
PAT000145,16-12-2012,Male,White,Not Hispanic or Latino,23223,VA,Central,31-03-2025
PAT000146,02-09-1936,Female,Other,Not Hispanic or Latino,23834,VA,Southern,30-06-2023
PAT000147,11-05-1985,Male,White,Not Hispanic or Latino,23803,VA,Southern,07-04-2025
PAT000148,27-09-1962,Male,White,Hispanic or Latino,23220,VA,Central,04-08-2025
PAT000149,07-01-1947,Male,White,Not Hispanic or Latino,23602,VA,Eastern,17-10-2025
PAT000150,25-08-1940,Female,Black or African American,Not Hispanic or Latino,23220,VA,,21-02-2024
PAT000151,05-09-1952,Female,Black or African American,Not Hispanic or Latino,23831,VA,Southern,16-06-2025
PAT000152,16-12-1961,Other,Multiple,Not Hispanic or Latino,23803,VA,Southern,01-03-2023
PAT000153,06-12-2018,Female,White,Not Hispanic or Latino,22903,VA,Western,29-01-2023
PAT000154,03-07-1982,Male,White,Not Hispanic or Latino,23601,VA,Eastern,21-08-2023
PAT000155,21-02-1993,Male,White,Not Hispanic or Latino,23601,VA,Eastern,17-10-2025
PAT000156,23-09-2016,Male,Black or African American,Not Hispanic or Latino,23831,VA,Southern,30-04-2025
PAT000157,08-08-1992,Female,White,Not Hispanic or Latino,22551,VA,Northern,24-10-2023
PAT000158,20-04-1984,Male,Black or African American,Not Hispanic or Latino,22405,VA,Northern,23-05-2023
PAT000159,11-07-1971,Female,Black or African American,Not Hispanic or Latino,22903,VA,Western,06-01-2023
PAT000160,10-12-1986,Male,Unknown,Hispanic or Latino,23225,VA,Central,01-11-2023
PAT000161,16-09-1983,Female,White,Hispanic or Latino,23223,VA,Central,11-11-2024
PAT000162,13-09-2008,Male,White,Not Hispanic or Latino,23225,VA,Central,21-10-2024
PAT000163,23-04-1977,Male,White,Not Hispanic or Latino,23601,VA,Eastern,23-02-2025
PAT000164,02-07-2018,Male,White,Not Hispanic or Latino,23831,VA,Southern,26-08-2025
PAT000165,13-07-1964,Male,Multiple,Hispanic or Latino,23221,VA,Central,11-10-2025
PAT000166,17-03-1990,Male,Other,Not Hispanic or Latino,23223,VA,Central,25-07-2023
PAT000167,04-08-1962,Other,Multiple,Not Hispanic or Latino,22911,VA,Western,01-02-2023
PAT000168,14-03-1937,Female,White,Not Hispanic or Latino,23601,VA,Eastern,03-06-2023
PAT000169,11-05-1992,Female,White,Hispanic or Latino,22551,VA,Northern,14-06-2023
PAT000170,28-11-2015,Female,Asian,Not Hispanic or Latino,23834,VA,Southern,10-10-2024
PAT000171,02-09-1992,Female,Black or African American,Not Hispanic or Latino,23220,VA,Central,25-04-2024
PAT000172,10-11-1980,Female,Unknown,Not Hispanic or Latino,22405,VA,Northern,05-07-2023
PAT000173,25-02-1969,Female,White,Not Hispanic or Latino,22901,VA,Western,27-06-2025
PAT000174,10-12-1988,Male,White,Not Hispanic or Latino,23220,VA,Central,05-04-2023
PAT000175,10-01-1950,Male,White,Not Hispanic or Latino,23602,VA,Eastern,06-02-2025
PAT000176,08-03-1994,Male,White,Not Hispanic or Latino,23225,VA,Central,04-01-2024
PAT000177,03-03-1988,Female,White,Not Hispanic or Latino,22911,VA,Western,08-05-2024
PAT000178,05-10-2010,Female,Black or African American,Not Hispanic or Latino,23805,VA,Southern,02-08-2025
PAT000179,15-05-1965,Female,American Indian or Alaska Native,Not Hispanic or Latino,22554,VA,Northern,20-01-2023
PAT000180,10-08-1935,Male,White,Not Hispanic or Latino,23221,VA,Central,01-06-2023
PAT000181,19-06-1993,Female,White,Not Hispanic or Latino,23223,VA,Central,18-05-2025
PAT000182,15-05-1938,Female,White,Not Hispanic or Latino,23223,VA,Central,12-02-2024
PAT000183,04-08-1948,Male,Multiple,Hispanic or Latino,23805,VA,Southern,20-02-2025
PAT000184,19-06-1966,Male,White,Hispanic or Latino,23223,VA,Central,27-08-2024
PAT000185,13-11-1990,Male,White,Hispanic or Latino,23602,VA,Eastern,17-01-2023
PAT000186,24-10-2024,Male,White,Not Hispanic or Latino,23606,VA,Eastern,24-12-2025
PAT000187,25-05-1976,Male,Asian,Not Hispanic or Latino,23221,VA,Central,22-12-2024
PAT000188,07-11-1972,Female,White,Not Hispanic or Latino,23831,VA,Southern,08-10-2023
PAT000189,21-02-1980,Male,White,Not Hispanic or Latino,22901,VA,Western,24-09-2024
PAT000190,02-08-1963,Male,Black or African American,Not Hispanic or Latino,22554,VA,Northern,27-09-2023
PAT000191,11-05-2023,Female,White,Not Hispanic or Latino,23225,VA,Central,06-11-2023
PAT000192,26-03-2019,Male,White,Not Hispanic or Latino,23223,VA,Central,23-12-2025
PAT000193,27-05-1944,Female,Asian,Not Hispanic or Latino,23601,VA,Eastern,10-06-2024
PAT000194,26-08-1961,Male,White,Not Hispanic or Latino,22903,VA,Western,24-11-2024
PAT000195,03-08-2022,Female,Multiple,Not Hispanic or Latino,22902,VA,Western,07-04-2024
PAT007631,24-11-1962,M,White,Not Hispanic or Latino,23834,VA,Southern,19-01-2025
PAT000197,01-07-1974,Male,American Indian or Alaska Native,Not Hispanic or Latino,23831,VA,Southern,11-09-2023
PAT000198,22-06-1983,Female,White,Not Hispanic or Latino,23223,VA,Central,19-02-2025
PAT000199,22-02-2014,Male,Black or African American,Hispanic or Latino,23601,VA,Eastern,23-08-2025
PAT000200,18-10-2007,Female,Other,Not Hispanic or Latino,22554,VA,Northern,29-03-2024
PAT000201,27-11-2023,Female,Black or African American,Not Hispanic or Latino,23834,VA,Southern,13-11-2025
PAT000202,14-11-1998,Male,Black or African American,Not Hispanic or Latino,23803,VA,Southern,14-10-2023
PAT000203,10-01-1990,Other,White,Not Hispanic or Latino,23834,VA,Southern,26-08-2023
PAT000204,18-04-1989,Female,Black or African American,Not Hispanic or Latino,23601,VA,Eastern,06-03-2025
PAT000205,22-06-1946,Female,Black or African American,Not Hispanic or Latino,23225,VA,Central,13-11-2023
PAT000206,04-11-2012,Female,White,Not Hispanic or Latino,23225,VA,Central,15-04-2025
PAT000207,23-01-1999,Female,Other,Hispanic or Latino,22554,VA,Northern,20-03-2024
PAT000208,08-08-1946,Male,Asian,Not Hispanic or Latino,23223,VA,Central,23-07-2023
PAT000209,18-06-1939,Male,Black or African American,Not Hispanic or Latino,23223,VA,Central,05-05-2023
PAT000210,07-05-1969,Female,White,Not Hispanic or Latino,23803,VA,Southern,20-07-2025
PAT000211,07-11-1974,Female,White,Not Hispanic or Latino,22901,VA,Western,14-04-2023
PAT000212,08-06-1963,Female,Black or African American,Not Hispanic or Latino,23805,VA,Southern,25-02-2024
PAT000213,07-09-1989,Female,Asian,Not Hispanic or Latino,23221,VA,Central,22-04-2024
PAT000214,26-03-2015,Male,Black or African American,Not Hispanic or Latino,23803,VA,Southern,21-07-2024
PAT000215,05-03-1977,Female,White,Not Hispanic or Latino,23602,VA,Eastern,24-12-2023
PAT000216,28-11-1957,Male,White,Not Hispanic or Latino,23220,VA,Central,27-09-2023
PAT000217,26-06-1975,Male,Black or African American,Not Hispanic or Latino,23221,VA,Central,25-10-2024
PAT000218,09-03-1990,Male,White,Not Hispanic or Latino,23185,VA,Eastern,17-09-2023
PAT000219,04-09-2012,Female,White,Not Hispanic or Latino,23803,VA,Southern,02-09-2025
PAT000220,17-06-1968,Female,Black or African American,Not Hispanic or Latino,22401,VA,Northern,14-07-2025
PAT000221,20-04-1967,Male,White,Not Hispanic or Latino,23803,VA,Southern,03-12-2025
PAT000222,21-08-1971,Female,Unknown,Not Hispanic or Latino,22401,VA,Northern,05-05-2023
PAT000223,14-07-1983,Male,Asian,Not Hispanic or Latino,23185,VA,Eastern,01-10-2025
PAT000224,03-08-1979,Female,Black or African American,Not Hispanic or Latino,22401,VA,Northern,21-10-2024
PAT000225,03-03-1981,Male,White,Hispanic or Latino,22405,VA,Northern,17-07-2024
PAT000226,19-11-1966,Female,Black or African American,Hispanic or Latino,23831,VA,Southern,19-02-2025
PAT000227,15-05-1991,Male,American Indian or Alaska Native,Hispanic or Latino,23834,VA,Southern,23-07-2023
PAT003272,04-12-1963,Male,White,Not Hispanic or Latino,22902,VA,Western,30-05-2025
PAT000229,14-04-1983,Male,White,Not Hispanic or Latino,23223,VA,Central,17-07-2025
PAT000230,24-07-1984,Female,Other,Not Hispanic or Latino,22401,VA,Northern,02-10-2024
PAT000231,22-06-1994,Female,White,Not Hispanic or Latino,23602,VA,Eastern,05-02-2025
PAT000232,16-11-1973,Male,American Indian or Alaska Native,Not Hispanic or Latino,22401,VA,Northern,06-07-2023
PAT000233,14-02-2023,Other,White,Not Hispanic or Latino,23220,VA,Central,18-03-2025
PAT000234,18-03-1963,Male,White,Hispanic or Latino,23220,VA,Central,06-11-2024
PAT000235,14-02-1965,Female,White,Not Hispanic or Latino,23831,VA,Southern,16-05-2025
PAT000236,20-05-2024,Male,Unknown,Not Hispanic or Latino,23223,VA,Central,15-05-2025
PAT000237,17-10-1989,Male,Black or African American,Not Hispanic or Latino,23221,VA,Central,13-11-2023
PAT000238,28-04-2010,Female,Black or African American,Not Hispanic or Latino,23220,VA,Central,18-12-2024
PAT000239,12-09-1962,Male,White,Not Hispanic or Latino,23220,VA,Central,24-07-2024
PAT000240,26-04-1966,Female,White,Hispanic or Latino,23225,VA,Central,23-02-2023
PAT000241,27-11-1941,Female,Asian,Hispanic or Latino,23602,VA,Eastern,01-03-2023
PAT000242,23-05-1955,Female,Other,Not Hispanic or Latino,23831,VA,Southern,26-11-2024
PAT000243,06-01-1985,Male,White,Not Hispanic or Latino,23221,VA,Central,31-03-2025
PAT000244,24-03-1958,Unknown,Asian,Hispanic or Latino,23220,VA,Central,07-07-2023
PAT000245,13-04-2009,Female,Asian,Not Hispanic or Latino,22551,VA,Northern,18-07-2025
PAT000246,12-03-1950,Female,White,Not Hispanic or Latino,22554,VA,Northern,26-10-2024
PAT000247,05-01-2005,Female,White,Not Hispanic or Latino,23805,VA,Southern,12-04-2023
PAT000248,09-02-1980,Male,Black or African American,Not Hispanic or Latino,22551,VA,Northern,18-05-2025
PAT000249,15-10-1983,Male,Black or African American,Not Hispanic or Latino,23834,VA,Southern,13-07-2024
PAT000250,04-09-1972,Female,Black or African American,Not Hispanic or Latino,23602,VA,Eastern,30-05-2025
PAT000251,22-05-1957,Female,White,Not Hispanic or Latino,22551,VA,Northern,15-12-2025
PAT000252,08-01-1998,Male,White,Not Hispanic or Latino,23606,VA,Eastern,23-04-2023
PAT000253,10-04-1975,Female,Asian,Not Hispanic or Latino,22902,VA,Western,09-10-2023
PAT000254,11-05-2017,Female,Black or African American,Not Hispanic or Latino,23220,VA,Central,16-01-2023
PAT000255,14-12-1983,Male,White,Not Hispanic or Latino,22405,VA,Northern,22-09-2023
PAT000256,23-09-1969,Female,Black or African American,Not Hispanic or Latino,23221,VA,Central,21-10-2025
PAT000257,26-11-1967,Male,Unknown,Not Hispanic or Latino,22554,VA,Northern,28-05-2023
PAT000258,02-12-2013,Female,Asian,Not Hispanic or Latino,23225,VA,Central,08-02-2023
PAT000259,28-02-1968,Male,Multiple,Not Hispanic or Latino,23223,VA,Central,29-05-2025
PAT000260,23-07-1942,Male,Black or African American,Hispanic or Latino,23225,VA,Central,15-08-2024
PAT000261,01-07-1974,Female,Black or African American,Not Hispanic or Latino,23831,VA,Southern,18-12-2023
PAT000262,12-12-2011,Male,Multiple,Not Hispanic or Latino,23803,VA,Southern,13-06-2025
PAT000263,14-04-2004,Male,Black or African American,Not Hispanic or Latino,23834,VA,Southern,09-12-2025
PAT000264,28-07-1958,Female,White,Not Hispanic or Latino,23223,VA,Central,26-11-2024
PAT000265,25-06-2000,Female,White,Not Hispanic or Latino,23221,VA,Central,06-06-2023
PAT000266,04-11-1991,Male,White,Not Hispanic or Latino,23221,VA,Central,16-12-2024
PAT000267,27-12-1970,Male,White,Not Hispanic or Latino,23805,VA,Southern,28-04-2024
PAT000268,09-03-1974,Male,White,Not Hispanic or Latino,23221,VA,Central,22-12-2023
PAT000269,03-11-2003,Female,Black or African American,Not Hispanic or Latino,22902,VA,Western,08-10-2025
PAT000270,25-10-1968,Male,Black or African American,Not Hispanic or Latino,22551,VA,Northern,23-10-2024
PAT000271,15-03-1997,Male,Black or African American,Not Hispanic or Latino,23185,VA,Eastern,18-08-2025
PAT000272,10-11-1968,Male,Black or African American,Not Hispanic or Latino,23831,VA,Southern,26-04-2023
PAT000273,03-09-1970,Male,White,Not Hispanic or Latino,23223,VA,Central,03-08-2025
PAT000274,02-01-1993,Male,Unknown,Not Hispanic or Latino,23223,VA,Central,10-08-2024
PAT000275,28-11-1974,Male,Other,Not Hispanic or Latino,23185,VA,Eastern,04-11-2025
PAT000276,19-08-2013,Male,White,Not Hispanic or Latino,23220,VA,Central,10-07-2025
PAT000277,20-06-2001,Other,White,Not Hispanic or Latino,23225,VA,Central,23-10-2025
PAT000278,15-01-1956,Male,Black or African American,Not Hispanic or Latino,23220,VA,Central,04-12-2024
PAT000279,17-02-1964,Male,White,Not Hispanic or Latino,22902,VA,Western,22-03-2023
PAT000280,15-12-1972,Female,White,Hispanic or Latino,23225,VA,Central,09-12-2025
PAT000281,06-10-1991,Male,White,Not Hispanic or Latino,23223,VA,Central,02-02-2025
PAT000282,13-05-1976,Female,White,Not Hispanic or Latino,22911,VA,Western,23-11-2024
PAT000283,21-11-2024,Female,Black or African American,Not Hispanic or Latino,22554,VA,Northern,24-12-2024
PAT000284,18-02-1985,Male,Black or African American,Not Hispanic or Latino,23834,VA,Southern,04-08-2024
PAT000285,28-12-1986,Female,White,Not Hispanic or Latino,23601,VA,Eastern,13-11-2024
PAT000286,22-10-2005,Male,White,Not Hispanic or Latino,22902,VA,Western,17-12-2024
PAT000287,23-11-1986,Female,Black or African American,Not Hispanic or Latino,23225,VA,Central,22-09-2023
PAT000288,03-12-1966,Male,Multiple,Not Hispanic or Latino,23223,VA,Central,10-02-2025
PAT000289,27-06-1940,Female,Black or African American,Not Hispanic or Latino,22405,VA,Northern,14-12-2025
PAT000290,22-11-1989,Male,White,Not Hispanic or Latino,23225,VA,Central,07-11-2025
PAT000291,12-01-1970,Female,Native Hawaiian or Other Pacific Islander,Not Hispanic or Latino,22903,VA,Western,05-01-2024
PAT000292,25-06-2019,Male,Black or African American,Not Hispanic or Latino,22551,VA,Northern,29-01-2024
PAT000293,05-03-1987,Male,White,Not Hispanic or Latino,23185,VA,Eastern,28-08-2024
PAT000294,17-02-1962,Male,White,Not Hispanic or Latino,23220,VA,Central,20-11-2024
PAT000295,05-10-1961,Male,White,Not Hispanic or Latino,23834,VA,Southern,12-11-2023
PAT000296,27-03-1973,Male,White,Not Hispanic or Latino,23221,VA,Central,15-06-2025
PAT000297,12-07-1975,Female,Black or African American,Not Hispanic or Latino,22405,VA,Northern,28-06-2025
PAT000298,25-05-1966,Male,Black or African American,Not Hispanic or Latino,23225,VA,Central,24-04-2024
PAT000299,10-04-1982,Female,White,Not Hispanic or Latino,22551,VA,Northern,02-02-2024
PAT000300,19-11-1970,Female,Black or African American,Not Hispanic or Latino,23834,VA,Southern,03-08-2025
PAT000301,17-07-1998,Female,Black or African American,Not Hispanic or Latino,23225,VA,Central,28-11-2023
PAT000302,05-10-2019,Male,White,Not Hispanic or Latino,22554,VA,Northern,17-04-2023
PAT000303,18-06-1992,Male,White,Not Hispanic or Latino,23220,VA,Central,22-11-2025
PAT000304,10-02-1962,Female,Black or African American,Not Hispanic or Latino,22401,VA,Northern,25-11-2023
PAT000305,17-08-1952,Male,White,Not Hispanic or Latino,22902,VA,Western,14-06-2025
PAT000306,27-04-1958,Male,White,Not Hispanic or Latino,23225,VA,Central,16-12-2024
PAT000307,14-01-1961,Female,White,Not Hispanic or Latino,22401,VA,Northern,22-03-2025
PAT000308,08-06-1991,Female,White,Not Hispanic or Latino,23225,VA,Central,17-06-2023
PAT000309,01-04-1949,Male,White,Hispanic or Latino,23602,VA,Eastern,22-07-2023
PAT000310,21-12-1962,Female,White,Hispanic or Latino,22554,VA,Northern,27-10-2023
PAT000311,10-01-1988,Male,Unknown,Unknown,22911,VA,Western,12-10-2023
PAT000312,16-12-1963,Male,White,Not Hispanic or Latino,23606,VA,Eastern,11-01-2023
PAT000313,09-01-2023,Male,White,Not Hispanic or Latino,22902,VA,Western,11-11-2023
PAT000314,20-12-1967,Male,Unknown,Not Hispanic or Latino,23225,VA,,16-08-2023
PAT000315,10-04-1998,Male,White,Not Hispanic or Latino,22401,VA,Northern,08-04-2023
PAT000316,21-07-1953,Male,White,Not Hispanic or Latino,23225,VA,Central,09-05-2023
PAT000317,20-08-1989,Female,Black or African American,Not Hispanic or Latino,23220,VA,Central,21-11-2025
PAT000318,05-12-2018,Male,Black or African American,Hispanic or Latino,22554,VA,Northern,29-05-2025
PAT003484,12-10-1990,Male,White,Not Hispanic or Latino,22902,VA,Western,03-05-2025
PAT000320,22-11-1973,Female,White,Unknown,23803,VA,Southern,08-12-2025
PAT000321,17-02-1996,Female,White,Not Hispanic or Latino,23803,VA,Southern,10-03-2025
PAT000322,21-01-1992,Female,Black or African American,Not Hispanic or Latino,23225,VA,Central,03-02-2025
PAT000323,01-12-2017,Male,Asian,Not Hispanic or Latino,22554,VA,Northern,19-05-2023
PAT000324,24-04-1970,Male,Black or African American,Hispanic or Latino,22901,VA,Western,11-11-2024
PAT000325,12-01-1988,Male,White,Not Hispanic or Latino,23602,VA,Eastern,25-12-2023
PAT000326,15-11-1962,Female,White,Not Hispanic or Latino,23225,VA,Central,09-01-2024
PAT000327,03-03-1978,Female,White,Not Hispanic or Latino,23834,VA,Southern,17-03-2023
PAT000328,02-04-1951,Female,Multiple,Not Hispanic or Latino,23221,VA,Central,27-03-2023
PAT000329,17-05-1950,Female,White,Not Hispanic or Latino,23606,VA,Eastern,27-08-2025
PAT000330,25-01-1971,Female,White,Not Hispanic or Latino,22405,VA,Northern,08-08-2024
PAT000331,28-01-1949,Female,Asian,Hispanic or Latino,23602,VA,Eastern,13-07-2024
PAT000332,14-06-1974,Female,Asian,Not Hispanic or Latino,22551,VA,Northern,19-06-2025
PAT000333,11-07-1976,Male,White,Not Hispanic or Latino,23601,VA,Eastern,13-10-2025
PAT000334,26-06-1992,Male,Black or African American,Hispanic or Latino,23223,VA,Central,19-06-2023
PAT000335,14-02-2012,Male,White,Not Hispanic or Latino,22405,VA,Northern,24-08-2024
PAT000336,03-02-1950,Female,Black or African American,Hispanic or Latino,23223,VA,Central,28-08-2024
PAT000337,20-08-1971,Male,White,Not Hispanic or Latino,23834,VA,Southern,08-12-2023
PAT000338,15-06-2011,Male,Black or African American,Not Hispanic or Latino,23803,VA,Southern,23-12-2024
PAT000339,09-07-1966,Other,White,Not Hispanic or Latino,22401,VA,Northern,03-06-2023
PAT000340,17-06-1995,Male,Black or African American,Not Hispanic or Latino,22405,VA,Northern,05-03-2023
PAT000341,22-10-2021,Female,Asian,Not Hispanic or Latino,23225,VA,Central,13-03-2023
PAT000342,08-02-2021,Female,White,Not Hispanic or Latino,23831,VA,Southern,11-01-2025
PAT000343,02-10-1948,Female,Black or African American,Not Hispanic or Latino,23221,VA,Central,10-07-2025
PAT000344,15-06-1985,Female,White,Not Hispanic or Latino,23803,VA,Southern,09-10-2023
PAT000345,13-06-1967,Female,Multiple,Not Hispanic or Latino,23223,VA,Central,24-07-2024
PAT000346,01-02-1953,Male,White,Not Hispanic or Latino,22405,VA,Northern,19-10-2025
PAT000347,18-07-1982,Female,Black or African American,Not Hispanic or Latino,23220,VA,Central,20-06-2024
PAT000348,23-05-1936,Female,Asian,Hispanic or Latino,23225,VA,Central,15-03-2024
PAT000349,16-12-1998,Male,White,Not Hispanic or Latino,22405,VA,Northern,09-09-2023
PAT000350,15-02-2021,Male,White,Hispanic or Latino,23221,VA,Central,30-06-2025
PAT000351,28-11-2005,Female,Unknown,Not Hispanic or Latino,22554,VA,Northern,12-12-2024
PAT000352,18-02-1938,Male,White,Not Hispanic or Latino,23223,VA,Central,06-09-2024
PAT000353,23-03-1962,Female,White,Not Hispanic or Latino,23601,VA,Eastern,10-01-2025
PAT000354,04-04-2009,Male,Black or African American,Not Hispanic or Latino,23221,VA,Central,12-10-2023
PAT000355,01-08-1953,Male,Asian,Not Hispanic or Latino,23831,VA,Southern,25-01-2025
PAT000356,05-09-1983,Female,White,Not Hispanic or Latino,23220,VA,Central,15-05-2023
PAT000357,23-07-1998,Male,Other,Not Hispanic or Latino,23225,VA,Central,12-12-2025
PAT000358,27-07-2012,Female,White,Hispanic or Latino,23803,VA,Southern,14-09-2023
PAT000359,03-11-1985,Other,White,Not Hispanic or Latino,22551,VA,Northern,12-08-2025
PAT000360,12-09-1965,Female,Black or African American,Not Hispanic or Latino,23601,VA,Eastern,08-01-2024
PAT000361,14-03-1978,Male,Black or African American,Not Hispanic or Latino,23220,VA,Central,12-09-2023
PAT000362,10-03-1944,Male,Black or African American,Not Hispanic or Latino,23601,VA,Eastern,28-11-2023
PAT000363,08-12-2015,Male,Unknown,Not Hispanic or Latino,22554,VA,Northern,28-11-2025
PAT000364,09-02-1998,Female,Black or African American,Not Hispanic or Latino,23601,VA,Eastern,16-07-2024
PAT000365,10-11-2021,Male,Black or African American,Not Hispanic or Latino,23220,VA,Central,26-10-2025
PAT000366,19-03-1940,Female,Asian,Not Hispanic or Latino,23805,VA,Southern,17-12-2023
PAT000367,02-10-2015,Male,White,Not Hispanic or Latino,23185,VA,Eastern,16-06-2023
PAT000368,25-11-2006,Male,White,Hispanic or Latino,22554,VA,Northern,07-03-2024
PAT000369,21-10-1994,Male,White,Not Hispanic or Latino,23185,VA,Eastern,16-10-2025
PAT000370,10-11-1998,Male,Black or African American,Not Hispanic or Latino,22911,VA,Western,16-05-2024
PAT000371,13-11-1978,Male,Black or African American,Not Hispanic or Latino,23831,VA,Southern,17-07-2025
PAT000318,02-12-2005,Female,White,Not Hispanic or Latino,23805,VA,Southern,19-06-2025
PAT000373,15-08-2012,Male,Black or African American,Not Hispanic or Latino,23221,VA,Central,27-11-2024
PAT000374,11-03-1966,Female,American Indian or Alaska Native,Hispanic or Latino,23602,VA,Eastern,08-12-2024
PAT000375,25-03-1995,Other,White,Not Hispanic or Latino,23831,VA,Southern,20-11-2025
PAT000376,08-06-2004,Unknown,Unknown,Not Hispanic or Latino,23225,VA,Central,08-09-2023
PAT000377,08-08-1971,Male,White,Not Hispanic or Latino,23221,VA,Central,18-07-2023
PAT000378,13-05-2006,Female,White,Not Hispanic or Latino,22911,VA,Western,23-05-2024
PAT000379,19-06-2020,Female,Unknown,Not Hispanic or Latino,23831,VA,Southern,24-01-2024
PAT000380,17-08-2002,Male,Asian,Not Hispanic or Latino,22551,VA,Northern,18-10-2025
PAT000381,01-08-1998,Male,White,Not Hispanic or Latino,22401,VA,Northern,16-03-2025
PAT000382,08-08-1944,Female,White,Not Hispanic or Latino,22405,VA,Northern,23-12-2024
PAT000383,10-01-1990,Female,Asian,Not Hispanic or Latino,23225,VA,Central,21-08-2025
PAT000384,01-09-2016,Female,White,Not Hispanic or Latino,23220,VA,Central,01-06-2025
PAT000385,24-05-1973,Male,Black or African American,Unknown,23223,VA,Central,05-04-2025
PAT000386,13-01-2014,Male,American Indian or Alaska Native,Not Hispanic or Latino,22401,VA,Northern,03-02-2024
PAT000387,10-09-2014,Female,White,Not Hispanic or Latino,22901,VA,Western,02-03-2025
PAT000388,25-08-1991,Female,White,Not Hispanic or Latino,23831,VA,Southern,01-09-2023
PAT000389,13-02-1956,Male,White,Not Hispanic or Latino,22554,VA,Northern,25-11-2024
PAT000390,07-03-1996,Male,White,Not Hispanic or Latino,23606,VA,Eastern,21-10-2025
PAT000391,02-01-1990,Male,White,Hispanic or Latino,22902,VA,Western,13-11-2024
PAT000392,15-09-2010,Female,Unknown,Not Hispanic or Latino,23805,VA,Southern,21-11-2025
PAT000393,20-06-1956,Other,Black or African American,Not Hispanic or Latino,23831,VA,Southern,29-11-2023
PAT000394,24-10-1984,Female,White,Not Hispanic or Latino,23223,VA,Central,19-11-2024
PAT000395,18-09-2009,Male,White,Not Hispanic or Latino,23225,VA,Central,05-09-2024
PAT000396,12-01-1945,Male,White,Not Hispanic or Latino,23831,VA,Southern,13-08-2023
PAT000397,10-10-2012,Female,Native Hawaiian or Other Pacific Islander,Not Hispanic or Latino,23220,VA,Central,29-08-2025
PAT000398,26-11-1952,Female,Black or African American,Not Hispanic or Latino,23221,VA,Central,16-04-2023
PAT000399,06-08-1981,Male,Asian,Not Hispanic or Latino,23834,VA,Southern,30-10-2023
PAT000400,19-01-2000,Male,White,Not Hispanic or Latino,22401,VA,Northern,26-01-2024
PAT000401,11-08-2025,Female,White,Not Hispanic or Latino,23225,VA,Central,18-09-2025
PAT000402,07-12-1969,Male,Multiple,Not Hispanic or Latino,23225,VA,Central,24-10-2025
PAT000403,24-12-1992,Male,White,Not Hispanic or Latino,22401,VA,Northern,10-10-2023
PAT000404,18-04-1967,Female,Black or African American,Not Hispanic or Latino,23223,VA,Central,06-09-2025
PAT000405,11-07-1967,Female,White,Not Hispanic or Latino,22405,VA,Northern,30-07-2025
PAT000406,18-06-1943,Male,White,Not Hispanic or Latino,23223,VA,Central,25-06-2024
PAT000407,08-04-2010,Female,Multiple,Not Hispanic or Latino,22554,VA,Northern,03-09-2024
PAT000408,25-05-1987,Male,Black or African American,Not Hispanic or Latino,22554,VA,Northern,29-02-2024
PAT000409,16-12-1979,Female,Black or African American,Not Hispanic or Latino,23223,VA,Central,09-09-2025
PAT000410,26-09-1949,Female,White,Not Hispanic or Latino,22554,VA,Northern,12-08-2024
PAT000411,22-10-2004,Male,White,Not Hispanic or Latino,23606,VA,Eastern,19-03-2025
PAT000412,10-03-1996,Female,Black or African American,Not Hispanic or Latino,23803,VA,Southern,12-08-2024
PAT000413,15-06-2023,Female,White,Not Hispanic or Latino,22903,VA,Western,19-07-2025
PAT000414,07-04-2010,Male,Black or African American,Not Hispanic or Latino,23831,VA,Southern,10-07-2024
PAT000415,20-02-2003,Female,White,Not Hispanic or Latino,22902,VA,Western,11-05-2024
PAT000416,17-11-1975,Female,White,Not Hispanic or Latino,23601,VA,Eastern,21-04-2024
PAT000417,14-02-2024,Female,White,Not Hispanic or Latino,23602,VA,Eastern,11-06-2025
PAT000418,25-11-1974,Male,Black or African American,Not Hispanic or Latino,22902,VA,Western,11-01-2023
PAT000419,14-03-1982,Male,Black or African American,Not Hispanic or Latino,23834,VA,Southern,04-09-2025
PAT000420,25-04-1965,Female,Black or African American,Not Hispanic or Latino,23223,VA,Central,19-10-2024
PAT000421,02-11-2016,Male,White,Not Hispanic or Latino,23185,VA,Eastern,20-04-2024
PAT000422,24-12-1982,Female,Unknown,Not Hispanic or Latino,23803,VA,Southern,25-12-2023
PAT000423,02-03-1984,Male,White,Not Hispanic or Latino,22911,VA,Western,11-10-2025
PAT000424,28-12-1955,Male,White,Not Hispanic or Latino,23223,VA,,18-03-2023
PAT000425,19-05-1990,Female,White,Hispanic or Latino,22401,VA,Northern,17-11-2024
PAT000426,21-08-1951,Female,White,Not Hispanic or Latino,22551,VA,Northern,02-10-2023
PAT000427,15-09-1977,Female,White,Not Hispanic or Latino,23223,VA,Central,30-01-2024
PAT000428,06-06-2004,Male,White,Not Hispanic or Latino,22551,VA,Northern,10-06-2024
PAT000429,24-01-2020,Female,White,Not Hispanic or Latino,22903,VA,Western,27-08-2024
PAT000430,20-03-2001,Female,White,Hispanic or Latino,22551,VA,Northern,25-05-2025
PAT000431,03-06-1967,Female,White,Not Hispanic or Latino,22551,VA,Northern,15-07-2023
PAT000432,16-03-1955,Female,Black or African American,Hispanic or Latino,23223,VA,Central,23-05-2024
PAT000433,13-05-1960,Male,Unknown,Not Hispanic or Latino,23221,VA,Central,03-07-2025
PAT000434,10-06-2017,Male,Multiple,Not Hispanic or Latino,22401,VA,Northern,19-06-2024
PAT000435,08-12-1996,Male,White,Not Hispanic or Latino,23185,VA,Eastern,31-08-2023
PAT000436,06-05-1993,Male,White,Not Hispanic or Latino,22911,VA,Western,26-10-2025
PAT000437,25-12-1976,Male,Black or African American,Not Hispanic or Latino,23223,VA,Central,29-08-2023
PAT000438,12-05-1940,Female,Unknown,Not Hispanic or Latino,22405,VA,Northern,24-03-2024
PAT000439,05-08-2021,Male,Asian,Not Hispanic or Latino,23606,VA,Eastern,04-02-2025
PAT000440,18-12-1969,Male,Black or African American,Not Hispanic or Latino,23225,VA,Central,23-03-2024
PAT000441,22-04-1936,Female,White,Not Hispanic or Latino,22901,VA,Western,12-12-2025
PAT000442,23-09-2011,Female,White,Not Hispanic or Latino,23602,VA,Eastern,09-06-2023
PAT000443,27-01-2004,Male,Asian,Not Hispanic or Latino,23601,VA,Eastern,03-11-2023
PAT000444,28-06-2020,Female,Black or African American,Not Hispanic or Latino,23225,VA,Central,27-08-2023
PAT000445,23-04-1965,Female,White,Not Hispanic or Latino,23225,VA,Central,06-07-2023
PAT000446,15-09-1961,Female,White,Not Hispanic or Latino,22401,VA,Northern,17-07-2025
PAT000447,14-09-2021,Female,Other,Not Hispanic or Latino,23225,VA,Central,29-04-2023
PAT000448,22-08-1967,Female,White,Not Hispanic or Latino,22554,VA,Northern,14-02-2023
PAT000449,27-05-1984,Male,Black or African American,Not Hispanic or Latino,22401,VA,Northern,22-03-2024
PAT000450,02-02-1966,Female,White,Not Hispanic or Latino,23834,VA,Southern,06-12-2024
PAT000451,18-02-1964,Female,White,Unknown,23220,VA,Central,22-05-2023
PAT000452,10-01-2010,Female,White,Not Hispanic or Latino,23225,VA,Central,04-01-2024
PAT000453,24-11-2003,Male,Unknown,Not Hispanic or Latino,23606,VA,Eastern,05-02-2025
PAT000454,15-07-1961,Female,White,Not Hispanic or Latino,22551,VA,Northern,08-02-2025
PAT000455,22-11-1974,Female,Asian,Not Hispanic or Latino,23601,VA,Eastern,13-12-2024
PAT000456,18-03-1989,Female,Unknown,Not Hispanic or Latino,22911,VA,Western,19-12-2025
PAT000457,08-12-2021,Male,White,Not Hispanic or Latino,23803,VA,Southern,16-02-2023
PAT000458,22-08-2016,Male,Other,Not Hispanic or Latino,23606,VA,Eastern,25-12-2025
PAT000459,08-04-1948,Female,White,Not Hispanic or Latino,23834,VA,Southern,09-12-2024
PAT000460,07-05-2003,Female,White,Not Hispanic or Latino,22401,VA,Northern,07-03-2023
PAT000461,14-11-1963,Female,Black or African American,Hispanic or Latino,23220,VA,Central,07-05-2024
PAT000462,04-02-1954,Female,White,Not Hispanic or Latino,23220,VA,Central,03-07-2025
PAT000463,23-11-1981,Male,Black or African American,Not Hispanic or Latino,23220,VA,Central,16-05-2024
PAT000464,13-01-1937,Male,White,Not Hispanic or Latino,23225,VA,Central,24-04-2024
PAT000465,25-04-2008,Female,Asian,Not Hispanic or Latino,23220,VA,Central,14-10-2023
PAT000466,08-05-2009,Male,White,Not Hispanic or Latino,23223,VA,Central,18-10-2024
PAT000467,05-05-1972,Female,White,Not Hispanic or Latino,23805,VA,Southern,26-04-2025
PAT000468,02-05-1971,Female,White,Not Hispanic or Latino,23221,VA,Central,24-05-2025
PAT000469,12-01-1992,Female,White,Not Hispanic or Latino,23834,VA,Southern,10-12-2025
PAT000470,14-12-1985,Male,Multiple,Not Hispanic or Latino,23834,VA,Southern,02-11-2023
PAT000471,06-07-1998,Male,White,Not Hispanic or Latino,23606,VA,Eastern,08-05-2024
PAT000472,10-04-1962,Female,Multiple,Not Hispanic or Latino,22405,VA,Northern,06-08-2025
PAT000473,14-09-2006,Female,White,Not Hispanic or Latino,23606,VA,Eastern,21-12-2025
PAT000474,08-07-2021,Female,American Indian or Alaska Native,Not Hispanic or Latino,22903,VA,Western,21-02-2024
PAT000475,03-11-1950,Male,White,Not Hispanic or Latino,23834,VA,Southern,29-01-2025
PAT000476,24-09-2023,Male,Black or African American,Not Hispanic or Latino,23601,VA,Eastern,15-11-2023
PAT000477,22-07-1971,Male,White,Not Hispanic or Latino,23220,VA,Central,30-05-2023
PAT000478,24-10-2001,Male,Black or African American,Not Hispanic or Latino,23221,VA,Central,08-09-2025
PAT000479,10-06-1987,Female,Unknown,Hispanic or Latino,22401,VA,Northern,09-03-2024
PAT000480,24-04-1976,Female,White,Hispanic or Latino,23803,VA,Southern,07-09-2025
PAT000481,23-04-1961,Male,American Indian or Alaska Native,Not Hispanic or Latino,23805,VA,Southern,23-03-2025
PAT000482,18-04-1976,Female,White,Not Hispanic or Latino,23602,VA,Eastern,02-08-2024
PAT000483,18-08-1969,Female,Asian,Hispanic or Latino,22554,VA,Northern,23-09-2024
PAT000484,17-06-1952,Male,Black or African American,Unknown,23225,VA,Central,12-08-2025
PAT000485,16-12-1974,Male,Black or African American,Hispanic or Latino,23223,VA,Central,21-02-2024
PAT000486,14-06-1970,Female,Asian,Not Hispanic or Latino,23220,VA,Central,29-03-2024
PAT000487,01-03-1964,Male,Multiple,Not Hispanic or Latino,23831,VA,Southern,05-05-2025
PAT000488,07-03-1951,Male,Black or African American,Not Hispanic or Latino,22903,VA,Western,16-04-2024
PAT000489,27-10-1995,Female,Native Hawaiian or Other Pacific Islander,Hispanic or Latino,22405,VA,Northern,19-10-2025
PAT000490,22-11-1967,Male,White,Not Hispanic or Latino,23223,VA,Central,11-06-2024
PAT000491,24-08-1936,Female,White,Not Hispanic or Latino,22551,VA,Northern,01-08-2025
PAT000492,26-12-2002,Male,White,Not Hispanic or Latino,23602,VA,Eastern,13-12-2023
PAT000493,18-12-2003,Female,Black or African American,Not Hispanic or Latino,23834,VA,Southern,12-01-2024
PAT000494,21-09-1976,Female,Black or African American,Not Hispanic or Latino,23185,VA,Eastern,09-12-2025
PAT000495,27-02-1975,Male,White,Not Hispanic or Latino,22901,VA,Western,14-01-2023
PAT000496,27-03-1969,Female,Black or African American,Not Hispanic or Latino,23221,VA,Central,20-05-2023
PAT000497,01-03-1964,Female,Unknown,Not Hispanic or Latino,22405,VA,Northern,01-11-2025
PAT000498,02-06-1968,Female,Black or African American,Not Hispanic or Latino,23225,VA,Central,26-09-2025
PAT000499,18-01-1975,Female,Multiple,Not Hispanic or Latino,23225,VA,Central,25-01-2023
PAT000500,24-09-2007,Other,Black or African American,Not Hispanic or Latino,23223,VA,Central,10-08-2024
PAT000501,27-09-1975,Female,Other,Not Hispanic or Latino,23834,VA,Southern,03-01-2024
PAT000502,17-02-1989,Male,Black or African American,Not Hispanic or Latino,22902,VA,Western,08-05-2024
PAT000503,17-10-1987,Male,White,Not Hispanic or Latino,23223,VA,Central,26-12-2024
PAT000504,03-07-1971,Male,Other,Not Hispanic or Latino,23831,VA,Southern,11-04-2025
PAT000505,08-10-1946,Female,Black or African American,Not Hispanic or Latino,22405,VA,Northern,06-09-2024
PAT000506,21-02-1980,Female,White,Not Hispanic or Latino,23803,VA,Southern,11-07-2023
PAT000507,13-07-2013,Unknown,Black or African American,Not Hispanic or Latino,23834,VA,Southern,25-04-2023
PAT000508,06-12-2025,Female,White,Not Hispanic or Latino,22901,VA,Western,21-12-2025
PAT000509,21-07-1977,Male,White,Not Hispanic or Latino,23223,VA,Central,15-07-2023
PAT000510,08-01-1991,Male,White,Not Hispanic or Latino,23601,VA,Eastern,31-08-2025
PAT000511,03-01-1999,Female,White,Not Hispanic or Latino,22903,VA,Western,09-03-2023
PAT000512,01-06-1988,Female,Asian,Not Hispanic or Latino,23221,VA,Central,23-10-2023
PAT000513,27-12-1978,Female,Other,Not Hispanic or Latino,22911,VA,Western,07-06-2023
PAT000514,19-03-1971,Female,Asian,Not Hispanic or Latino,23805,VA,Southern,07-03-2025
PAT000515,11-09-1939,Male,Asian,Not Hispanic or Latino,22551,VA,Northern,14-10-2023
PAT000516,24-12-1935,Male,White,Not Hispanic or Latino,22901,VA,Western,22-10-2025
PAT000517,04-01-2014,Female,White,Unknown,22911,VA,Western,20-04-2024
PAT000518,11-02-1977,Female,White,Not Hispanic or Latino,23225,VA,Central,30-10-2024
PAT000519,09-11-2025,Male,White,Not Hispanic or Latino,23834,VA,Southern,10-12-2025
PAT000520,18-06-1953,Male,Black or African American,Not Hispanic or Latino,23606,VA,Eastern,03-06-2025
PAT000521,19-11-1955,Female,Unknown,Hispanic or Latino,23606,VA,Eastern,25-06-2023
PAT000522,10-10-1963,Male,Other,Not Hispanic or Latino,23805,VA,Southern,31-05-2023
PAT000523,05-05-2005,Male,Black or African American,Not Hispanic or Latino,22551,VA,Northern,12-11-2023
PAT000524,12-06-1995,Female,White,Not Hispanic or Latino,22901,VA,Western,07-07-2023
PAT000525,15-05-1960,Male,Asian,Not Hispanic or Latino,22903,VA,Western,06-07-2024
PAT000526,03-03-1989,Male,White,Not Hispanic or Latino,23805,VA,Southern,01-06-2025
PAT000527,18-09-2011,Female,White,Not Hispanic or Latino,22911,VA,Western,31-07-2023
PAT000528,12-02-1990,Male,Asian,Hispanic or Latino,23803,VA,Southern,26-10-2024
PAT000529,01-07-1962,Male,Asian,Not Hispanic or Latino,22554,VA,Northern,27-04-2025
PAT000530,24-02-2013,Male,Other,Not Hispanic or Latino,22405,VA,Northern,03-12-2025
PAT000531,13-11-1988,Female,White,Not Hispanic or Latino,23805,VA,Southern,12-10-2023
PAT000532,09-05-1999,Male,White,Not Hispanic or Latino,22911,VA,Western,26-10-2023
PAT000533,14-03-2023,Male,White,Not Hispanic or Latino,23831,VA,Southern,23-07-2025
PAT000534,26-08-1986,Female,Black or African American,Not Hispanic or Latino,23185,VA,Eastern,09-01-2025
PAT000535,24-04-1999,Male,White,Not Hispanic or Latino,22911,VA,Western,05-02-2024
PAT000536,05-02-1983,Male,Asian,Not Hispanic or Latino,23223,VA,Central,14-01-2023
PAT000537,27-06-1984,Male,Asian,Hispanic or Latino,23225,VA,Central,05-11-2024
PAT000538,14-06-1983,Male,Black or African American,Not Hispanic or Latino,22405,VA,Northern,07-09-2024
PAT000539,23-10-1950,Female,White,Not Hispanic or Latino,23601,VA,Eastern,08-09-2025
PAT000540,13-03-1970,Male,Unknown,Not Hispanic or Latino,23223,VA,Central,19-08-2024
PAT000541,26-10-1992,Male,Asian,Not Hispanic or Latino,23221,VA,Central,29-10-2024
PAT000542,27-05-1948,Male,White,Hispanic or Latino,23225,VA,Central,17-01-2025
PAT000543,07-10-2004,Female,White,Hispanic or Latino,23601,VA,Eastern,25-02-2023
PAT000544,23-08-1964,Male,Black or African American,Not Hispanic or Latino,22405,VA,Northern,16-06-2025
PAT000545,27-05-1978,Male,Multiple,Hispanic or Latino,23185,VA,,17-04-2025
PAT000546,21-03-2010,Female,Black or African American,Not Hispanic or Latino,23223,VA,Central,10-05-2024
PAT000547,05-11-1986,Female,Black or African American,Not Hispanic or Latino,22551,VA,Northern,11-02-2025
PAT000548,20-08-1989,Male,White,Hispanic or Latino,22911,VA,Western,31-03-2025
PAT000549,28-09-1967,Female,White,Not Hispanic or Latino,23606,VA,Eastern,17-03-2023
PAT000550,23-06-1963,Female,White,Not Hispanic or Latino,22401,VA,Northern,12-08-2023
PAT000551,22-11-2018,Male,Other,Not Hispanic or Latino,22903,VA,Western,07-12-2023
PAT000552,02-10-1965,Male,White,Not Hispanic or Latino,23225,VA,Central,10-11-2024
PAT000553,04-07-1978,Male,White,Not Hispanic or Latino,22401,VA,Northern,21-07-2023
PAT000554,17-04-1952,Female,White,Not Hispanic or Latino,23221,VA,Central,01-07-2025
PAT000555,15-07-1996,Female,White,Not Hispanic or Latino,22405,VA,Northern,07-12-2024
PAT000556,04-08-1960,Female,Black or African American,Hispanic or Latino,23602,VA,Eastern,01-05-2025
PAT000557,04-02-1961,Female,Unknown,Not Hispanic or Latino,22902,VA,Western,14-12-2024
PAT000558,15-06-1951,Male,White,Unknown,23221,VA,Central,03-12-2025
PAT000559,16-06-1983,Female,Black or African American,Not Hispanic or Latino,23803,VA,Southern,16-06-2025
PAT000560,03-06-1993,Female,White,Not Hispanic or Latino,22554,VA,Northern,02-04-2023
PAT000561,04-12-1963,Female,Black or African American,Not Hispanic or Latino,23220,VA,Central,03-12-2024
PAT000562,22-02-1965,Male,Multiple,Hispanic or Latino,22405,VA,Northern,14-05-2024
PAT000563,18-03-1967,Male,White,Not Hispanic or Latino,23805,VA,Southern,08-11-2024
PAT000564,15-07-1967,Male,Black or African American,Not Hispanic or Latino,23805,VA,Southern,09-04-2025
PAT000565,06-03-1965,Female,White,Hispanic or Latino,23225,VA,Central,21-03-2025
PAT000566,20-12-2025,Male,Black or African American,Not Hispanic or Latino,22902,VA,Western,27-12-2025
PAT000567,01-07-2012,Female,Black or African American,Not Hispanic or Latino,23221,VA,Central,26-02-2024
PAT000568,26-12-1971,Male,Other,Not Hispanic or Latino,22901,VA,Western,28-07-2023
PAT000569,11-06-2002,Female,Black or African American,Not Hispanic or Latino,23221,VA,Central,26-07-2025
PAT000570,22-05-1974,Female,Black or African American,Not Hispanic or Latino,22911,VA,Western,16-12-2025
PAT000571,13-10-2015,Female,American Indian or Alaska Native,Not Hispanic or Latino,22551,VA,Northern,22-08-2023
PAT000572,28-06-1985,Unknown,White,Not Hispanic or Latino,23834,VA,Southern,20-12-2023
PAT000573,23-11-1962,Male,Black or African American,Not Hispanic or Latino,23223,VA,Central,23-06-2023
PAT000574,11-03-1939,Male,White,Hispanic or Latino,23220,VA,Central,03-05-2024
PAT000575,06-02-1951,Male,White,Not Hispanic or Latino,23831,VA,Southern,17-10-2023
PAT000576,14-07-1967,Male,White,Not Hispanic or Latino,22405,VA,Northern,24-02-2025
PAT000577,16-03-1984,Male,Asian,Not Hispanic or Latino,22405,VA,Northern,08-12-2023
PAT000578,05-05-1992,Other,White,Not Hispanic or Latino,22405,VA,Northern,06-10-2024
PAT000579,02-10-1993,Female,White,Not Hispanic or Latino,22903,VA,Western,20-01-2023
PAT000580,07-03-1945,Male,Asian,Not Hispanic or Latino,22911,VA,Western,01-11-2025
PAT000581,14-08-1965,Female,White,Not Hispanic or Latino,23225,VA,Central,01-05-2025
PAT000582,16-08-1964,Male,Black or African American,Not Hispanic or Latino,23805,VA,Southern,19-06-2023
PAT000583,10-04-2007,Female,White,Not Hispanic or Latino,23220,VA,Central,16-07-2024
PAT000584,10-09-2000,Male,Black or African American,Hispanic or Latino,22405,VA,Northern,25-07-2025
PAT000585,25-12-1942,Male,Black or African American,Not Hispanic or Latino,22911,VA,Western,12-11-2025
PAT000586,04-10-1974,Female,Asian,Not Hispanic or Latino,23602,VA,Eastern,21-01-2025
PAT000587,25-01-2008,Female,White,Not Hispanic or Latino,23225,VA,Central,23-03-2024
PAT000588,24-02-1969,Male,Native Hawaiian or Other Pacific Islander,Not Hispanic or Latino,23221,VA,Central,01-09-2024
PAT000589,09-08-1959,Female,Black or African American,Not Hispanic or Latino,23223,VA,Central,28-06-2023
PAT000590,25-02-1993,Male,Multiple,Hispanic or Latino,23601,VA,Eastern,05-03-2024
PAT000591,20-12-1996,Female,Asian,Not Hispanic or Latino,23225,VA,Central,06-12-2023
PAT000592,26-03-1981,Male,White,Not Hispanic or Latino,22405,VA,Northern,28-02-2024
PAT000593,19-01-1978,Female,White,Not Hispanic or Latino,22554,VA,Northern,26-12-2025
PAT000594,18-10-1971,Female,Black or African American,Not Hispanic or Latino,23221,VA,Central,24-10-2024
PAT000595,10-05-1979,Male,White,Not Hispanic or Latino,22903,VA,Western,19-11-2025
PAT000596,25-03-2022,Female,Black or African American,Hispanic or Latino,23225,VA,Central,02-05-2023
PAT000597,05-11-1999,Male,White,Not Hispanic or Latino,23221,VA,Central,26-05-2024
PAT000598,11-12-1973,Female,Unknown,Not Hispanic or Latino,23601,VA,Eastern,15-03-2025
PAT000599,19-03-1945,Female,White,Not Hispanic or Latino,23223,VA,Central,28-04-2025
PAT000600,03-08-1995,Female,Black or African American,Hispanic or Latino,22901,VA,Western,05-04-2025
PAT000601,09-12-1967,Female,Other,Not Hispanic or Latino,22903,VA,Western,20-07-2025
PAT000602,19-06-1983,Male,Asian,Not Hispanic or Latino,23185,VA,Eastern,10-07-2023
PAT000603,21-08-1937,Female,Black or African American,Not Hispanic or Latino,23831,VA,Southern,10-05-2023
PAT000604,13-09-1978,Female,White,Not Hispanic or Latino,22902,VA,Western,29-05-2025
PAT000605,16-04-1962,Female,Asian,Not Hispanic or Latino,22903,VA,Western,23-10-2024
PAT000606,18-06-1998,Male,White,Not Hispanic or Latino,22405,VA,Northern,20-09-2025
PAT000607,22-06-1935,Male,White,Hispanic or Latino,22401,VA,Northern,05-04-2023
PAT000608,26-11-1974,Male,White,Not Hispanic or Latino,23225,VA,Central,03-02-2023
PAT000609,15-03-1989,Male,Black or African American,Not Hispanic or Latino,22551,VA,Northern,02-01-2023
PAT000610,23-04-1947,Male,Black or African American,Unknown,23221,VA,Central,10-09-2024
PAT000611,03-05-1955,Male,White,Hispanic or Latino,23831,VA,Southern,27-05-2024
PAT000612,22-06-1974,Female,White,Not Hispanic or Latino,23221,VA,Central,17-04-2023
PAT000613,10-11-1995,Female,White,Not Hispanic or Latino,23601,VA,Eastern,29-05-2025
PAT000614,04-12-2005,Female,White,Hispanic or Latino,23220,VA,Central,13-03-2024
PAT000615,05-02-1968,Male,Black or African American,Not Hispanic or Latino,22405,VA,Northern,29-11-2025
PAT000616,01-08-1965,Female,White,Not Hispanic or Latino,23803,VA,Southern,04-12-2024
PAT000617,28-02-1977,Female,White,Not Hispanic or Latino,23225,VA,Central,28-09-2023
PAT000618,08-02-1992,Female,White,Not Hispanic or Latino,22911,VA,Western,02-07-2023
PAT000619,04-02-1979,Female,White,Not Hispanic or Latino,23831,VA,Southern,22-01-2025
PAT000620,05-05-1976,Female,White,Not Hispanic or Latino,22911,VA,Western,30-09-2023
PAT000621,05-11-1940,Female,Black or African American,Not Hispanic or Latino,23803,VA,Southern,22-12-2025
PAT000622,21-10-2025,Male,White,Not Hispanic or Latino,22405,VA,Northern,16-12-2025
PAT000623,07-12-1985,Female,Black or African American,Not Hispanic or Latino,23221,VA,Central,23-04-2025
PAT000624,15-11-1981,Female,White,Not Hispanic or Latino,23805,VA,Southern,27-06-2023
PAT000625,25-03-1957,Male,Asian,Not Hispanic or Latino,22401,VA,Northern,25-02-2025
PAT000626,11-07-1949,Female,Asian,Not Hispanic or Latino,23221,VA,Central,22-05-2024
PAT000627,03-11-1999,Male,White,Not Hispanic or Latino,22902,VA,Western,06-08-2024
PAT000628,01-12-1936,Female,American Indian or Alaska Native,Not Hispanic or Latino,22554,VA,Northern,25-02-2024
PAT000629,17-10-1991,Female,Black or African American,Not Hispanic or Latino,23805,VA,Southern,13-03-2025
PAT000630,02-11-2016,Female,Asian,Not Hispanic or Latino,22902,VA,Western,10-10-2025
PAT000631,08-02-1948,Female,Other,Not Hispanic or Latino,23834,VA,Southern,26-05-2023
PAT000632,12-01-2009,Male,Black or African American,Not Hispanic or Latino,23223,VA,Central,28-09-2023
PAT000633,14-10-1948,Female,Asian,Not Hispanic or Latino,23223,VA,Central,20-12-2023
PAT000634,01-02-2010,Male,White,Hispanic or Latino,22901,VA,Western,29-01-2023
PAT000635,02-04-1971,Male,White,Not Hispanic or Latino,23220,VA,Central,26-03-2025
PAT000636,21-05-1944,Male,White,Not Hispanic or Latino,23225,VA,Central,17-05-2025
PAT000637,03-07-1964,Female,Black or African American,Not Hispanic or Latino,23805,VA,Southern,22-07-2024
PAT000638,03-05-1989,Female,White,Not Hispanic or Latino,23805,VA,Southern,15-11-2023
PAT000639,13-06-1967,Male,White,Not Hispanic or Latino,22901,VA,Western,27-09-2024
PAT000640,24-07-1979,Female,Black or African American,Not Hispanic or Latino,23601,VA,Eastern,29-04-2023
PAT000641,14-02-2000,Female,White,Not Hispanic or Latino,23803,VA,Southern,17-07-2025
PAT000642,22-05-2024,Female,Unknown,Hispanic or Latino,23805,VA,Southern,21-09-2024
PAT000643,05-12-1975,Female,White,Not Hispanic or Latino,23220,VA,Central,02-12-2023
PAT000644,17-06-1983,Male,Other,Hispanic or Latino,23831,VA,Southern,08-12-2023
PAT000645,24-03-2014,Male,White,Not Hispanic or Latino,23831,VA,Southern,30-08-2023
PAT000646,11-01-1936,Female,Other,Not Hispanic or Latino,23834,VA,Southern,11-07-2024
PAT000647,09-02-1944,Female,White,Not Hispanic or Latino,23220,VA,Central,13-10-2025
PAT000648,12-09-1968,Female,White,Not Hispanic or Latino,22901,VA,Western,20-10-2025
PAT000649,06-10-1962,Male,Black or African American,Not Hispanic or Latino,22554,VA,Northern,19-11-2023
PAT000650,19-02-1952,Female,White,Not Hispanic or Latino,22901,VA,Western,12-04-2024
PAT000651,02-01-2009,Male,White,Not Hispanic or Latino,23803,VA,Southern,15-05-2024
PAT000652,12-08-1975,Female,Asian,Not Hispanic or Latino,23225,VA,Central,04-11-2023
PAT000653,18-01-1988,Male,Black or African American,Not Hispanic or Latino,23225,VA,Central,04-04-2024
PAT000654,14-04-1985,Female,White,Not Hispanic or Latino,22554,VA,Northern,09-07-2024
PAT000655,12-10-2023,Female,White,Not Hispanic or Latino,22401,VA,Northern,09-03-2025
PAT000656,06-01-1939,Male,White,Hispanic or Latino,23221,VA,Central,22-11-2025
PAT000657,03-07-2006,Female,White,Hispanic or Latino,23606,VA,Eastern,01-08-2024
PAT000658,03-06-1998,Male,White,Unknown,23225,VA,Central,17-01-2023
PAT000659,10-04-1949,Female,White,Unknown,23223,VA,Central,11-05-2024
PAT000660,19-06-2011,Female,Black or African American,Not Hispanic or Latino,23225,VA,Central,05-02-2024
PAT000661,25-09-1979,Female,White,Not Hispanic or Latino,23221,VA,Central,05-11-2023
PAT000662,01-07-2025,Female,White,Unknown,22405,VA,Northern,16-11-2025
PAT000663,27-11-1970,Male,White,Not Hispanic or Latino,23220,VA,Central,17-11-2024
PAT000664,13-11-1990,Unknown,Black or African American,Not Hispanic or Latino,23223,VA,Central,01-08-2023
PAT000665,08-09-2019,Female,Asian,Not Hispanic or Latino,23225,VA,Central,04-10-2025
PAT000666,23-03-1990,Male,Black or African American,Not Hispanic or Latino,23831,VA,Southern,10-07-2023
PAT000667,28-04-1975,Male,Asian,Not Hispanic or Latino,23834,VA,Southern,01-02-2025
PAT000668,03-12-1983,Female,Multiple,Not Hispanic or Latino,23185,VA,Eastern,01-11-2025
PAT000669,27-11-1988,Female,Black or African American,Not Hispanic or Latino,22551,VA,Northern,03-06-2023
PAT000670,02-10-1942,Female,Black or African American,Not Hispanic or Latino,23225,VA,Central,25-09-2023
PAT000671,09-05-1953,Male,American Indian or Alaska Native,Not Hispanic or Latino,22554,VA,Northern,15-03-2025
PAT000672,11-12-1938,Female,Black or African American,Not Hispanic or Latino,22554,VA,Northern,16-07-2025
PAT000673,03-04-1971,Male,Other,Not Hispanic or Latino,23221,VA,Central,06-10-2023
PAT000674,04-10-1963,Female,White,Unknown,23221,VA,Central,05-08-2023
PAT000675,15-08-2002,Female,Black or African American,Not Hispanic or Latino,23602,VA,Eastern,12-04-2025
PAT000676,12-09-1974,Female,White,Not Hispanic or Latino,23221,VA,Central,14-07-2025
PAT000677,09-08-1998,Female,White,Not Hispanic or Latino,23220,VA,Central,05-07-2023
PAT000678,10-11-1955,Female,Black or African American,Not Hispanic or Latino,23185,VA,,16-03-2024
PAT000679,05-06-1962,Male,Asian,Not Hispanic or Latino,23803,VA,Southern,23-05-2024
PAT000680,17-07-1970,Female,Black or African American,Not Hispanic or Latino,22401,VA,Northern,04-09-2024
PAT000681,01-03-1971,Male,Black or African American,Not Hispanic or Latino,23225,VA,Central,15-07-2025
PAT000682,18-12-1967,Male,Black or African American,Not Hispanic or Latino,23601,VA,Eastern,13-07-2023
PAT000683,26-02-2011,Female,White,Not Hispanic or Latino,22902,VA,Western,06-09-2023
PAT000684,27-01-1960,Female,Asian,Not Hispanic or Latino,23221,VA,Central,25-09-2023
PAT000685,12-07-1987,Female,Multiple,Not Hispanic or Latino,22901,VA,Western,14-06-2024
PAT000686,01-02-1961,Female,White,Hispanic or Latino,23803,VA,Southern,09-02-2024
PAT000687,15-11-1961,Male,Black or African American,Not Hispanic or Latino,23601,VA,Eastern,08-07-2023
PAT000688,03-02-2030,Male,White,Not Hispanic or Latino,22401,VA,Northern,02-08-2025
PAT000689,19-03-2024,Male,White,Not Hispanic or Latino,23225,VA,Central,27-04-2025
PAT000690,13-01-1992,Male,Black or African American,Not Hispanic or Latino,23834,VA,Southern,20-12-2023
PAT000691,06-04-1996,Male,Black or African American,Not Hispanic or Latino,22554,VA,Northern,27-07-2024
PAT000692,02-03-1993,Female,White,Not Hispanic or Latino,23805,VA,Southern,27-08-2024
PAT000693,18-07-1983,Male,White,Not Hispanic or Latino,23225,VA,Central,05-05-2023
PAT000694,13-05-2023,Male,Asian,Hispanic or Latino,22902,VA,Western,15-07-2024
PAT000695,26-11-1987,Other,Other,Not Hispanic or Latino,23221,VA,Central,09-02-2023
PAT000696,12-12-2013,Male,Black or African American,Not Hispanic or Latino,23225,VA,Central,19-09-2025
PAT000697,17-10-1985,Female,White,Hispanic or Latino,23223,VA,Central,06-03-2025
PAT000698,01-03-1952,Female,White,Not Hispanic or Latino,23223,VA,Central,24-03-2024
PAT000699,02-05-2025,Female,Asian,Not Hispanic or Latino,22911,VA,Western,14-09-2025
PAT000700,08-10-1996,Female,American Indian or Alaska Native,Not Hispanic or Latino,23601,VA,Eastern,25-07-2023
PAT000701,08-11-2000,Male,White,Not Hispanic or Latino,23831,VA,Southern,28-12-2025
PAT000702,02-12-1935,Female,American Indian or Alaska Native,Not Hispanic or Latino,23221,VA,Central,06-03-2025
PAT000703,06-03-1985,Male,Black or African American,Not Hispanic or Latino,23221,VA,Central,13-10-2024
PAT000704,23-12-1963,Female,Black or African American,Not Hispanic or Latino,22554,VA,Northern,27-02-2023
PAT000705,19-10-2014,Male,White,Not Hispanic or Latino,23221,VA,Central,21-01-2024
PAT000706,18-08-1935,Female,Black or African American,Not Hispanic or Latino,23831,VA,Southern,26-12-2023
PAT000707,03-01-1945,Male,White,Not Hispanic or Latino,23220,VA,Central,21-04-2024
PAT000708,17-01-2018,Male,White,Not Hispanic or Latino,23225,VA,Central,02-01-2023
PAT000709,07-10-1950,Female,Black or African American,Not Hispanic or Latino,22902,VA,Western,28-11-2024
PAT000710,02-06-2002,Female,Asian,Not Hispanic or Latino,23803,VA,Southern,30-10-2023
PAT000711,28-02-2003,Male,Asian,Hispanic or Latino,23602,VA,Eastern,29-05-2023
PAT000712,22-12-1996,Male,White,Hispanic or Latino,22551,VA,Northern,26-07-2023
PAT000713,11-05-1997,Other,Black or African American,Not Hispanic or Latino,23805,VA,Southern,19-11-2023
PAT000714,26-07-1937,Female,White,Not Hispanic or Latino,23606,VA,Eastern,11-10-2024
PAT000715,18-12-2020,Male,Black or African American,Not Hispanic or Latino,23602,VA,Eastern,02-04-2024
PAT000716,10-07-2002,Female,Black or African American,Not Hispanic or Latino,23223,VA,Central,18-09-2023
PAT000717,01-12-1988,Female,Asian,Not Hispanic or Latino,23225,VA,Central,08-03-2023
PAT000718,11-10-2020,Female,White,Not Hispanic or Latino,23805,VA,Southern,02-08-2023
PAT000719,11-03-1945,Male,White,Not Hispanic or Latino,23803,VA,Southern,02-05-2024
PAT000720,06-06-1996,Female,Asian,Not Hispanic or Latino,23220,VA,Central,18-11-2024
PAT000721,09-01-1983,Female,White,Not Hispanic or Latino,23805,VA,Southern,26-05-2024
PAT000722,09-06-2005,Female,Other,Hispanic or Latino,23220,VA,Central,03-01-2023
PAT000723,15-07-1990,Female,Other,Not Hispanic or Latino,23606,VA,Eastern,07-12-2023
PAT000724,16-07-1976,Female,White,Not Hispanic or Latino,23225,VA,Central,20-12-2024
PAT000725,04-07-1982,Male,Multiple,Not Hispanic or Latino,23225,VA,Central,06-04-2024
PAT000726,03-08-1988,Female,White,Not Hispanic or Latino,22901,VA,Western,26-08-2024
PAT000727,09-06-2007,Male,Asian,Hispanic or Latino,22401,VA,Northern,01-06-2023
PAT000728,13-03-1997,Male,White,Hispanic or Latino,23221,VA,Central,03-06-2023
PAT000729,11-02-2008,Female,White,Not Hispanic or Latino,22911,VA,Western,05-03-2023
PAT000730,06-11-1969,Male,Other,Not Hispanic or Latino,23225,VA,Central,18-11-2023
PAT000731,11-02-1975,Female,White,Not Hispanic or Latino,22405,VA,Northern,25-01-2024
PAT000732,18-12-1994,Female,White,Not Hispanic or Latino,23831,VA,Southern,30-07-2024
PAT000733,04-04-1951,Female,Black or African American,Not Hispanic or Latino,23220,VA,Central,15-03-2025
PAT000734,02-03-1992,Female,Asian,Not Hispanic or Latino,23223,VA,Central,08-01-2023
PAT000735,10-02-1984,Female,White,Not Hispanic or Latino,22911,VA,Western,13-02-2024
PAT000736,07-01-2004,Male,White,Not Hispanic or Latino,23221,VA,Central,20-08-2024
PAT000737,28-08-2023,Female,White,Not Hispanic or Latino,22901,VA,Western,08-07-2024
PAT000738,16-07-1963,Male,Black or African American,Not Hispanic or Latino,23606,VA,Eastern,26-06-2024
PAT000739,18-11-1974,Female,White,Not Hispanic or Latino,23225,VA,Central,14-01-2024
PAT000740,12-07-2014,Male,White,Not Hispanic or Latino,23601,VA,Eastern,01-07-2025
PAT000741,15-05-1959,Male,White,Not Hispanic or Latino,23225,VA,Central,23-06-2024
PAT000742,19-05-2018,Female,White,Not Hispanic or Latino,23220,VA,Central,06-11-2023
PAT000743,22-12-1936,Female,Other,Not Hispanic or Latino,23220,VA,Central,25-06-2023
PAT000744,14-09-1996,Female,White,Not Hispanic or Latino,23221,VA,Central,05-05-2023
PAT000745,14-09-2013,Female,Black or African American,Not Hispanic or Latino,23225,VA,Central,27-04-2024
PAT000746,03-05-1983,Male,White,Not Hispanic or Latino,23225,VA,Central,13-03-2023
PAT000747,17-10-1991,Male,White,Hispanic or Latino,23221,VA,Central,04-09-2023
PAT000748,06-03-1993,Male,Black or African American,Not Hispanic or Latino,23221,VA,Central,30-01-2024
PAT000749,14-01-2003,Female,Native Hawaiian or Other Pacific Islander,Not Hispanic or Latino,23803,VA,Southern,10-06-2025
PAT000750,05-11-1987,Female,Black or African American,Not Hispanic or Latino,23223,VA,Central,16-10-2024
PAT000751,13-02-2005,Female,Black or African American,Not Hispanic or Latino,23225,VA,Central,29-10-2024
PAT000752,17-05-1977,Male,White,Not Hispanic or Latino,23834,VA,Southern,26-01-2023
PAT000753,04-07-1991,Female,White,Unknown,23225,VA,Central,03-11-2023
PAT000754,19-10-2003,Male,White,Hispanic or Latino,23803,VA,Southern,05-08-2023
PAT000755,26-02-1942,Female,White,Not Hispanic or Latino,23223,VA,Central,05-12-2024
PAT000756,13-05-2012,Female,Black or African American,Hispanic or Latino,23225,VA,Central,26-08-2025
PAT000757,09-03-1959,Male,White,Not Hispanic or Latino,23225,VA,Central,22-10-2023
PAT000758,13-01-2013,Male,Asian,Not Hispanic or Latino,23831,VA,Southern,01-05-2024
PAT000759,16-12-1959,Female,White,Not Hispanic or Latino,23831,VA,Southern,01-02-2025
PAT000760,27-06-1975,Female,Black or African American,Hispanic or Latino,22554,VA,Northern,28-09-2024
PAT000761,28-08-1999,Male,White,Not Hispanic or Latino,22401,VA,Northern,11-04-2024
PAT000762,24-05-2003,Male,White,Not Hispanic or Latino,23834,VA,Southern,19-10-2024
PAT000763,14-12-1971,Female,Black or African American,Not Hispanic or Latino,23220,VA,Central,20-01-2024
PAT000764,27-04-1993,Male,Other,Not Hispanic or Latino,23225,VA,Central,19-09-2025
PAT000765,28-09-1936,Female,Asian,Hispanic or Latino,23223,VA,Central,26-04-2023
PAT000766,03-03-1991,Male,White,Not Hispanic or Latino,22903,VA,Western,03-11-2025
PAT000767,25-03-1995,Female,Black or African American,Not Hispanic or Latino,23803,VA,Southern,22-12-2023
PAT000768,27-04-2001,Male,Black or African American,Hispanic or Latino,22901,VA,Western,25-05-2024
PAT000769,02-08-2006,Female,White,Not Hispanic or Latino,23223,VA,Central,12-02-2024
PAT000770,27-06-1971,Female,Asian,Not Hispanic or Latino,23606,VA,Eastern,31-10-2025
PAT000771,04-11-1969,Female,White,Not Hispanic or Latino,23185,VA,Eastern,10-05-2024
PAT000772,20-08-1985,Female,Black or African American,Not Hispanic or Latino,23225,VA,Central,30-12-2023
PAT000773,18-10-1992,Female,Asian,Not Hispanic or Latino,23602,VA,Eastern,06-12-2024
PAT000774,24-05-1955,Male,American Indian or Alaska Native,Unknown,23803,VA,Southern,06-08-2024
PAT000775,02-07-1975,Unknown,Black or African American,Not Hispanic or Latino,23601,VA,Eastern,14-03-2024
PAT000776,21-04-1962,Female,White,Not Hispanic or Latino,23221,VA,Central,28-02-2024
PAT000777,14-11-1952,Male,White,Not Hispanic or Latino,23220,VA,Central,19-01-2023
PAT000778,21-03-1968,Female,Asian,Not Hispanic or Latino,23221,VA,Central,18-01-2023
PAT000779,20-05-1953,Female,White,Not Hispanic or Latino,23223,VA,Central,17-07-2024
PAT000780,28-07-1947,Female,White,Not Hispanic or Latino,22903,VA,Western,29-07-2025
PAT000781,15-04-2017,Male,Black or African American,Not Hispanic or Latino,23223,VA,Central,02-12-2025
PAT000782,19-07-1941,Female,Asian,Not Hispanic or Latino,23803,VA,Southern,16-01-2023
PAT000783,27-11-1944,Male,Black or African American,Unknown,23223,VA,Central,01-08-2024
PAT000784,04-11-1986,Male,White,Hispanic or Latino,23606,VA,Eastern,11-05-2023
PAT000785,21-05-1950,Male,White,Hispanic or Latino,22903,VA,Western,21-07-2024
PAT000786,23-11-1986,Male,White,Not Hispanic or Latino,22554,VA,Northern,21-01-2024
PAT000787,25-09-1956,Female,Black or African American,Not Hispanic or Latino,23601,VA,Eastern,27-04-2023
PAT000788,13-10-1963,Male,Black or African American,Not Hispanic or Latino,23602,VA,Eastern,14-10-2023
PAT000789,21-01-1979,Unknown,White,Not Hispanic or Latino,23834,VA,Southern,28-08-2024
PAT000790,13-07-1971,Male,White,Not Hispanic or Latino,23225,VA,Central,14-03-2023
PAT000791,24-06-2001,Female,Black or African American,Not Hispanic or Latino,23221,VA,Central,30-12-2025
PAT000792,12-11-1992,Female,Black or African American,Not Hispanic or Latino,22903,VA,Western,15-12-2023
PAT000793,18-11-1977,Male,White,Not Hispanic or Latino,22902,VA,Western,24-08-2024
PAT000794,05-08-1989,Male,White,Not Hispanic or Latino,23831,VA,Southern,10-01-2024
PAT000795,03-11-2015,Female,Black or African American,Not Hispanic or Latino,22902,VA,Western,28-12-2024
PAT000796,28-12-2018,Female,Unknown,Not Hispanic or Latino,23602,VA,Eastern,11-05-2025
PAT000797,09-06-1997,Female,Black or African American,Not Hispanic or Latino,22903,VA,Western,07-08-2025
PAT000798,02-08-1957,Female,White,Not Hispanic or Latino,23803,VA,Southern,25-08-2025
PAT000799,04-09-1954,Female,White,Not Hispanic or Latino,23834,VA,Southern,21-12-2025
PAT000800,02-07-1971,Male,Black or African American,Not Hispanic or Latino,23601,VA,Eastern,09-10-2023
PAT000801,14-06-1987,Male,White,Hispanic or Latino,22551,VA,Northern,21-10-2023
PAT000802,06-12-2015,Male,Other,Not Hispanic or Latino,22401,VA,Northern,25-09-2025
PAT000803,06-11-1950,Male,Black or African American,Not Hispanic or Latino,22554,VA,Northern,29-04-2023
PAT000804,09-08-1990,Male,White,Not Hispanic or Latino,23221,VA,Central,12-12-2023
PAT000805,26-08-2002,Male,White,Not Hispanic or Latino,23220,VA,Central,23-09-2023
PAT000806,21-07-1941,Male,White,Not Hispanic or Latino,23225,VA,Central,06-04-2025
PAT000807,13-08-1969,Female,White,Hispanic or Latino,22401,VA,Northern,19-03-2023
PAT000808,24-04-2008,Male,White,Not Hispanic or Latino,22554,VA,Northern,29-01-2023
PAT000809,25-06-1961,Female,White,Not Hispanic or Latino,22902,VA,Western,06-02-2023
PAT000810,21-01-1980,Female,White,Not Hispanic or Latino,22405,VA,Northern,08-04-2024
PAT000811,05-05-1996,Male,Black or African American,Not Hispanic or Latino,23220,VA,Central,24-02-2025
PAT000812,10-10-1967,Female,White,Not Hispanic or Latino,23221,VA,Central,14-05-2023
PAT000813,10-01-1962,Male,Unknown,Not Hispanic or Latino,22554,VA,Northern,22-07-2025
PAT000814,20-09-1964,Female,White,Not Hispanic or Latino,22903,VA,Western,07-06-2025
PAT000815,16-06-2021,Female,White,Not Hispanic or Latino,23831,VA,Southern,21-01-2024
PAT000816,01-07-2002,Female,White,Not Hispanic or Latino,23805,VA,Southern,04-04-2024
PAT000817,24-04-2003,Female,White,Hispanic or Latino,23220,VA,Central,30-10-2025
PAT000818,12-02-2002,Male,Asian,Not Hispanic or Latino,23185,VA,Eastern,07-02-2025
PAT000819,20-09-1999,Male,White,Not Hispanic or Latino,22401,VA,Northern,09-04-2023
PAT000820,27-11-2022,Male,Other,Not Hispanic or Latino,22401,VA,Northern,09-04-2023
PAT000821,15-07-2022,Male,American Indian or Alaska Native,Not Hispanic or Latino,22551,VA,Northern,11-09-2023
PAT000822,16-05-2008,Male,White,Not Hispanic or Latino,23601,VA,Eastern,25-02-2024
PAT000823,21-11-1964,Male,Asian,Not Hispanic or Latino,22401,VA,Northern,08-09-2024
PAT000824,04-11-1969,Male,White,Not Hispanic or Latino,23223,VA,Central,08-10-2023
PAT000825,17-02-1969,Male,American Indian or Alaska Native,Not Hispanic or Latino,22901,VA,Western,01-08-2024
PAT000826,16-02-2004,Male,White,Hispanic or Latino,23221,VA,Central,14-02-2024
PAT000827,27-05-1978,Female,Unknown,Not Hispanic or Latino,23221,VA,Central,03-01-2025
PAT000828,06-05-2012,Female,Asian,Not Hispanic or Latino,22901,VA,Western,13-10-2025
PAT000829,23-04-1976,Male,White,Not Hispanic or Latino,22551,VA,Northern,08-11-2024
PAT000830,01-01-1987,Female,Unknown,Not Hispanic or Latino,23185,VA,Eastern,15-08-2023
PAT000831,22-10-1962,Male,White,Not Hispanic or Latino,23834,VA,Southern,02-11-2023
PAT000832,03-09-2023,Female,White,Not Hispanic or Latino,23803,VA,Southern,22-05-2024
PAT000833,10-08-2018,Male,White,Not Hispanic or Latino,22554,VA,Northern,08-08-2025
PAT000834,27-02-1975,Female,White,Unknown,23221,VA,,22-03-2023
PAT000835,26-06-1951,Female,Other,Hispanic or Latino,22554,VA,Northern,22-05-2025
PAT000836,28-02-2022,Male,Black or African American,Not Hispanic or Latino,23803,VA,Southern,20-01-2023
PAT000837,21-11-2021,Male,Asian,Not Hispanic or Latino,23805,VA,Southern,04-11-2024
PAT000838,20-08-1970,Female,White,Not Hispanic or Latino,22903,VA,Western,10-07-2023
PAT000839,06-06-1970,Female,Black or African American,Not Hispanic or Latino,23803,VA,Southern,31-03-2025
PAT000840,09-08-2013,Male,Asian,Not Hispanic or Latino,23606,VA,Eastern,06-09-2025
PAT000841,26-11-1994,Female,White,Not Hispanic or Latino,22902,VA,Western,20-08-2023
PAT000842,24-12-1956,Female,White,Not Hispanic or Latino,23803,VA,Southern,23-11-2023
PAT000843,19-07-1989,Male,Black or African American,Not Hispanic or Latino,22911,VA,Western,16-06-2025
PAT000844,13-10-2020,Female,Black or African American,Not Hispanic or Latino,23223,VA,Central,01-03-2023
PAT000845,27-11-1977,Male,White,Not Hispanic or Latino,23805,VA,Southern,16-09-2025
PAT000846,04-08-1961,Female,White,Not Hispanic or Latino,23834,VA,Southern,21-06-2025
PAT000847,09-02-2006,Male,White,Hispanic or Latino,23602,VA,Eastern,26-01-2023
PAT000848,19-12-1991,Male,White,Not Hispanic or Latino,23221,VA,Central,23-11-2024
PAT000849,23-09-1967,Male,White,Not Hispanic or Latino,23220,VA,Central,05-06-2025
PAT000850,08-12-1980,Male,Multiple,Hispanic or Latino,23834,VA,Southern,09-12-2024
PAT000851,27-03-1995,Male,White,Not Hispanic or Latino,23220,VA,Central,24-01-2023
PAT000852,28-09-2020,Male,White,Not Hispanic or Latino,23834,VA,Southern,12-10-2025
PAT000853,25-02-2020,Male,Black or African American,Not Hispanic or Latino,23225,VA,Central,18-10-2024
PAT000854,09-06-2000,Female,White,Not Hispanic or Latino,23220,VA,Central,04-11-2025
PAT000855,21-09-1972,Male,Black or African American,Not Hispanic or Latino,23834,VA,Southern,05-04-2025
PAT000856,15-02-2000,Male,White,Not Hispanic or Latino,23225,VA,Central,06-07-2025
PAT000857,15-08-1974,Male,White,Not Hispanic or Latino,23831,VA,Southern,01-09-2023
PAT000858,21-12-2010,Female,White,Not Hispanic or Latino,23185,VA,Eastern,30-07-2023
PAT000859,02-07-1969,Female,White,Not Hispanic or Latino,23803,VA,Southern,06-07-2023
PAT000860,20-10-1978,Female,White,Not Hispanic or Latino,23223,VA,Central,07-11-2025
PAT000861,22-11-2001,Female,Black or African American,Not Hispanic or Latino,23606,VA,Eastern,29-11-2024
PAT000862,27-01-1949,Female,White,Not Hispanic or Latino,23221,VA,Central,19-07-2025
PAT000863,25-09-2015,Female,White,Hispanic or Latino,23225,VA,Central,14-01-2025
PAT000864,04-02-2011,Female,White,Not Hispanic or Latino,22405,VA,Northern,05-01-2023
PAT000865,27-06-1997,Female,White,Not Hispanic or Latino,23831,VA,Southern,05-12-2025
PAT000866,04-12-1949,Female,Asian,Hispanic or Latino,22401,VA,Northern,03-12-2023
PAT000867,27-03-1992,Female,White,Not Hispanic or Latino,23225,VA,Central,08-08-2023
PAT000868,07-10-2017,Male,Other,Not Hispanic or Latino,23805,VA,Southern,05-09-2023
PAT000869,07-07-1961,Male,White,Not Hispanic or Latino,23225,VA,Central,26-01-2024
PAT000870,04-06-1964,Male,White,Not Hispanic or Latino,22911,VA,Western,06-04-2023
PAT000871,19-11-1940,Female,Asian,Not Hispanic or Latino,23185,VA,Eastern,11-07-2025
PAT000872,19-11-2011,Female,Black or African American,Hispanic or Latino,23601,VA,Eastern,18-10-2025
PAT000873,24-09-1960,Male,Asian,Hispanic or Latino,23803,VA,Southern,05-06-2025
PAT000874,16-10-1977,Female,Multiple,Not Hispanic or Latino,23601,VA,Eastern,22-12-2023
PAT000875,13-02-2003,Female,White,Not Hispanic or Latino,23223,VA,Central,29-10-2025
PAT000876,20-07-2013,Female,White,Not Hispanic or Latino,23221,VA,Central,14-07-2024
PAT000877,10-06-2013,Male,White,Not Hispanic or Latino,23225,VA,Central,01-10-2023
PAT000878,20-07-1973,Male,Other,Not Hispanic or Latino,23223,VA,Central,04-10-2024
PAT000879,18-12-1964,Female,Unknown,Not Hispanic or Latino,23221,VA,Central,16-02-2024
PAT000880,23-10-1972,Female,Black or African American,Not Hispanic or Latino,22903,VA,Western,08-12-2024
PAT000881,23-03-1939,male,White,Not Hispanic or Latino,23601,VA,Eastern,28-10-2025
PAT000882,21-12-1967,F,White,Not Hispanic or Latino,23223,VA,Central,25-08-2023
PAT000883,18-06-1978,Female,Unknown,Not Hispanic or Latino,22911,VA,Western,04-05-2025
PAT000884,27-12-1980,Male,Black or African American,Not Hispanic or Latino,23223,VA,Central,15-05-2025
PAT000885,04-09-2007,Male,Black or African American,Not Hispanic or Latino,23220,VA,Central,19-02-2025
PAT000886,22-01-2021,Male,American Indian or Alaska Native,Not Hispanic or Latino,23803,VA,Southern,14-02-2024
PAT000887,10-03-1971,Female,White,Unknown,23831,VA,Southern,27-10-2023
PAT000888,26-12-1959,Female,White,Hispanic or Latino,23223,VA,Central,22-02-2024
PAT000889,02-09-1978,Male,White,Not Hispanic or Latino,23223,VA,Central,15-07-2025
PAT000890,28-10-2022,Male,White,Not Hispanic or Latino,22405,VA,Northern,07-03-2025
PAT000891,26-09-1987,Female,Black or African American,Not Hispanic or Latino,22554,VA,Northern,07-04-2023
PAT000892,14-07-1948,Female,American Indian or Alaska Native,Not Hispanic or Latino,23223,VA,Central,21-04-2023
PAT000893,09-12-2007,Male,Other,Not Hispanic or Latino,23601,VA,Eastern,26-06-2025
PAT000894,23-11-2000,Female,White,Hispanic or Latino,22554,VA,Northern,07-02-2024
PAT000895,07-12-1978,Male,American Indian or Alaska Native,Hispanic or Latino,23831,VA,Southern,08-07-2025
PAT000896,03-11-1988,Male,Asian,Not Hispanic or Latino,23601,VA,Eastern,22-12-2023
PAT000897,04-09-1937,Female,White,Not Hispanic or Latino,23225,VA,Central,25-03-2023
PAT000898,18-05-1994,Male,Black or African American,Not Hispanic or Latino,23223,VA,Central,24-09-2023
PAT000899,28-10-1973,Female,White,Not Hispanic or Latino,23602,VA,Eastern,12-01-2023
PAT000900,23-08-1997,Female,White,Not Hispanic or Latino,23601,VA,Eastern,23-03-2023
PAT000901,20-06-1973,Female,Native Hawaiian or Other Pacific Islander,Not Hispanic or Latino,23803,VA,Southern,08-09-2024
PAT000902,18-10-2010,Female,White,Not Hispanic or Latino,23223,VA,Central,30-05-2023
PAT000903,11-12-1978,Male,Asian,Not Hispanic or Latino,22405,VA,Northern,12-01-2024
PAT000904,26-02-1944,Male,Black or African American,Not Hispanic or Latino,23221,VA,Central,01-05-2025
PAT000905,13-09-1943,Male,White,Not Hispanic or Latino,23220,VA,Central,16-12-2024
PAT000906,22-04-1953,Female,White,Not Hispanic or Latino,23223,VA,Central,09-11-2024
PAT000907,07-05-1985,Male,White,Not Hispanic or Latino,22551,VA,Northern,19-01-2023
PAT000908,12-11-1957,Female,Black or African American,Not Hispanic or Latino,23606,VA,Eastern,07-05-2024
PAT000909,22-01-2000,Female,Unknown,Not Hispanic or Latino,23831,VA,Southern,20-02-2025
PAT000910,13-02-1935,Female,Black or African American,Not Hispanic or Latino,23223,VA,Central,02-08-2024
PAT000911,27-09-2025,Female,White,Not Hispanic or Latino,23223,VA,Central,01-12-2025
PAT000912,16-08-2009,Male,Black or African American,Not Hispanic or Latino,22401,VA,Northern,30-08-2024
PAT000913,07-11-1976,Male,White,Not Hispanic or Latino,22554,VA,Northern,18-11-2025
PAT000914,06-02-2023,Female,Unknown,Not Hispanic or Latino,22401,VA,Northern,20-06-2023
PAT000915,21-11-1954,Female,Asian,Not Hispanic or Latino,23805,VA,Southern,18-05-2025
PAT000916,07-02-1962,Male,White,Not Hispanic or Latino,23834,VA,Southern,28-05-2023
PAT000917,05-11-1979,Female,White,Not Hispanic or Latino,23185,VA,Eastern,29-07-2025
PAT000918,03-01-1997,Male,Other,Not Hispanic or Latino,23220,VA,Central,22-04-2023
PAT000919,18-05-1955,Female,Black or African American,Not Hispanic or Latino,23220,VA,Central,11-04-2024
PAT000920,14-05-1961,Female,Asian,Not Hispanic or Latino,23834,VA,Southern,12-07-2025
PAT000921,14-07-1980,Male,Asian,Not Hispanic or Latino,23831,VA,Southern,04-02-2023
PAT000922,04-11-1984,Female,Black or African American,Not Hispanic or Latino,23803,VA,Southern,10-05-2023
PAT000923,19-12-1936,Female,Black or African American,Not Hispanic or Latino,22901,VA,Western,29-05-2023
PAT000924,04-09-1970,Female,Black or African American,Not Hispanic or Latino,23223,VA,Central,09-09-2024
PAT000925,10-02-1981,Female,Black or African American,Not Hispanic or Latino,22911,VA,Western,20-02-2025
PAT000926,01-11-1969,Female,Asian,Not Hispanic or Latino,23225,VA,Central,17-11-2023
PAT000927,05-04-1982,Male,White,Not Hispanic or Latino,22551,VA,Northern,27-08-2024
PAT000928,22-05-2003,Male,White,Not Hispanic or Latino,22903,VA,Western,23-01-2023
PAT000929,05-09-1967,Male,White,Not Hispanic or Latino,22401,VA,Northern,27-03-2023
PAT000930,20-10-2007,Female,White,Not Hispanic or Latino,22551,VA,Northern,24-06-2023
PAT000931,24-04-1998,Female,White,Hispanic or Latino,23831,VA,Southern,09-03-2024
PAT000932,28-11-1969,Female,White,Not Hispanic or Latino,23221,VA,Central,26-11-2023
PAT000933,20-04-2020,Female,Black or African American,Not Hispanic or Latino,23831,VA,Southern,02-02-2024
PAT000934,22-03-2004,Female,White,Hispanic or Latino,22401,VA,Northern,02-08-2025
PAT000935,03-09-1965,Female,White,Not Hispanic or Latino,22554,VA,Northern,18-05-2023
PAT000936,07-02-1999,Female,White,Not Hispanic or Latino,23834,VA,Southern,08-11-2024
PAT000937,22-03-1996,Female,Asian,Not Hispanic or Latino,22902,VA,Western,24-07-2023
PAT000938,03-10-1986,Male,White,Not Hispanic or Latino,23805,VA,Southern,12-10-2024
PAT000939,11-08-1968,Female,Unknown,Not Hispanic or Latino,23831,VA,,09-11-2023
PAT000940,14-06-1996,Female,White,Not Hispanic or Latino,22405,VA,Northern,10-01-2023
PAT000941,26-04-2015,Male,White,Not Hispanic or Latino,22405,VA,Northern,12-06-2025
PAT000942,05-06-1971,Male,Black or African American,Not Hispanic or Latino,23223,VA,Central,09-09-2025
PAT000943,12-08-1968,Male,White,Not Hispanic or Latino,23223,VA,Central,24-09-2025
PAT000944,06-02-1982,Male,Black or African American,Not Hispanic or Latino,23220,VA,Central,28-07-2024
PAT000945,07-09-1956,Female,Black or African American,Not Hispanic or Latino,23831,VA,Southern,06-06-2023
PAT000946,01-02-1979,Male,White,Hispanic or Latino,22401,VA,Northern,09-04-2025
PAT000947,18-01-2001,Male,White,Not Hispanic or Latino,22903,VA,Western,24-08-2025
PAT000948,12-03-1940,Female,Black or African American,Not Hispanic or Latino,22551,VA,Northern,02-04-2024
PAT000949,15-03-1998,Female,Black or African American,Not Hispanic or Latino,23220,VA,Central,23-03-2025
PAT000950,01-09-2014,Female,Black or African American,Not Hispanic or Latino,23221,VA,Central,06-12-2023
PAT000951,05-09-1978,Female,White,Not Hispanic or Latino,23225,VA,Central,23-11-2023
PAT000952,19-10-2002,Female,White,Not Hispanic or Latino,23601,VA,Eastern,17-09-2025
PAT000953,08-01-1970,Male,White,Not Hispanic or Latino,22551,VA,Northern,19-04-2024
PAT000954,12-05-1974,Female,Black or African American,Not Hispanic or Latino,23601,VA,Eastern,29-03-2023
PAT000955,26-09-2001,Male,Black or African American,Not Hispanic or Latino,23223,VA,Central,05-03-2025
PAT000956,02-08-1983,Female,White,Not Hispanic or Latino,23185,VA,Eastern,25-10-2024
PAT000957,17-12-1989,Male,White,Not Hispanic or Latino,23831,VA,Southern,23-06-2024
PAT000958,19-09-1942,Female,White,Not Hispanic or Latino,23805,VA,,10-02-2025
PAT000959,19-06-1995,Male,White,Hispanic or Latino,23220,VA,Central,24-11-2025
PAT000960,08-07-1986,Male,White,Not Hispanic or Latino,23606,VA,Eastern,23-12-2024
PAT000961,26-08-1996,Female,White,Not Hispanic or Latino,22911,VA,Western,14-01-2023
PAT000962,15-03-1967,Female,White,Hispanic or Latino,22902,VA,Western,16-04-2024
PAT000963,21-09-1989,Male,Black or African American,Not Hispanic or Latino,22903,VA,Western,09-03-2024
PAT000964,06-03-2003,Female,White,Hispanic or Latino,23831,VA,Southern,31-08-2023
PAT000965,26-07-2018,Male,Black or African American,Not Hispanic or Latino,23223,VA,Central,21-08-2023
PAT000966,16-11-1992,Male,White,Not Hispanic or Latino,23606,VA,Eastern,07-03-2024
PAT000967,21-03-1981,Female,White,Not Hispanic or Latino,23606,VA,Eastern,15-02-2023
PAT000968,05-01-2000,Other,White,Not Hispanic or Latino,22405,VA,Northern,03-10-2023
PAT000969,02-09-1980,Male,Black or African American,Not Hispanic or Latino,22902,VA,Western,25-04-2023
PAT000970,06-05-2002,Male,White,Not Hispanic or Latino,22911,VA,Western,08-02-2023
PAT000971,07-02-1998,Female,White,Not Hispanic or Latino,22911,VA,Western,23-08-2025
PAT000972,08-03-1992,Male,Unknown,Not Hispanic or Latino,23834,VA,Southern,20-10-2023
PAT000973,27-10-1978,Male,Black or African American,Not Hispanic or Latino,23805,VA,Southern,12-11-2025
PAT000974,24-03-1999,Male,White,Not Hispanic or Latino,23223,VA,Central,17-07-2025
PAT000975,03-10-1981,Male,White,Not Hispanic or Latino,23221,VA,Central,13-02-2025
PAT000976,04-03-2013,Male,White,Not Hispanic or Latino,23220,VA,Central,19-02-2024
PAT000977,22-09-1967,Female,Black or African American,Not Hispanic or Latino,22911,VA,Western,03-11-2023
PAT000978,06-02-1966,Male,White,Not Hispanic or Latino,23225,VA,Central,21-03-2023
PAT000979,25-09-2008,Female,Asian,Not Hispanic or Latino,22401,VA,Northern,10-07-2023
PAT000980,05-11-1992,Female,White,Not Hispanic or Latino,23185,VA,Eastern,02-06-2025
PAT000981,12-07-1982,Female,White,Not Hispanic or Latino,23803,VA,Southern,21-12-2025
PAT000982,26-04-2012,Male,White,Not Hispanic or Latino,22911,VA,Western,19-02-2025
PAT000983,26-10-1949,Male,White,Not Hispanic or Latino,23185,VA,Eastern,21-05-2025
PAT000984,16-05-2003,Female,White,Unknown,23601,VA,Eastern,21-06-2023
PAT000985,18-10-1951,Male,White,Not Hispanic or Latino,23225,VA,Central,11-06-2024
PAT000986,23-01-2019,Female,White,Not Hispanic or Latino,23803,VA,Southern,06-12-2025
PAT000987,01-09-2022,Female,White,Not Hispanic or Latino,22551,VA,Northern,25-02-2024
PAT000988,14-06-1938,Male,White,Not Hispanic or Latino,23223,VA,Central,07-08-2023
PAT000989,21-07-1973,Female,Unknown,Hispanic or Latino,23223,VA,Central,19-06-2024
PAT000990,12-10-1994,Male,White,Not Hispanic or Latino,22903,VA,Western,24-03-2025
PAT000991,14-04-1936,Male,White,Not Hispanic or Latino,23225,VA,Central,02-01-2024
PAT000992,18-09-1970,Female,American Indian or Alaska Native,Not Hispanic or Latino,22551,VA,Northern,03-06-2024
PAT000993,12-10-1971,Male,Black or African American,Not Hispanic or Latino,23225,VA,Central,10-10-2023
PAT000994,08-12-2004,Male,Multiple,Not Hispanic or Latino,23225,VA,Central,28-11-2023
PAT000995,17-04-2004,Female,White,Not Hispanic or Latino,22911,VA,Western,24-11-2024
PAT000996,20-09-1978,Female,White,Not Hispanic or Latino,23185,VA,Eastern,26-11-2023
PAT000997,01-11-2013,Male,Black or African American,Not Hispanic or Latino,22901,VA,Western,25-10-2023
PAT000998,14-10-2010,Female,Black or African American,Not Hispanic or Latino,23220,VA,Central,12-05-2023
PAT000999,12-04-1986,Female,White,Not Hispanic or Latino,22401,VA,Northern,19-03-2023
PAT001000,13-07-1964,Male,Other,Not Hispanic or Latino,22554,VA,Northern,28-04-2023
PAT001001,21-03-1963,Female,American Indian or Alaska Native,Unknown,22551,VA,Northern,18-06-2025
PAT001002,28-04-2025,Male,Black or African American,Not Hispanic or Latino,23223,VA,Central,16-06-2025
PAT001003,17-10-2024,Male,Asian,Not Hispanic or Latino,22405,VA,Northern,27-08-2025
PAT001004,02-11-1988,Female,Black or African American,Not Hispanic or Latino,23223,VA,Central,04-05-2024
PAT001005,06-01-1980,Female,Unknown,Not Hispanic or Latino,23220,VA,Central,19-07-2024
PAT001006,22-06-2013,Male,Asian,Hispanic or Latino,22551,VA,Northern,10-04-2025
PAT001007,01-09-2001,Male,White,Not Hispanic or Latino,22401,VA,Northern,04-07-2023
PAT001008,24-05-1967,Female,White,Not Hispanic or Latino,23831,VA,Southern,12-12-2024
PAT001009,08-05-1962,Male,White,Hispanic or Latino,23221,VA,Central,20-07-2025
PAT001010,19-07-1976,Female,White,Not Hispanic or Latino,23803,VA,Southern,18-06-2024
PAT001011,17-07-2020,Female,Black or African American,Not Hispanic or Latino,22901,VA,Western,29-05-2023
PAT001012,11-05-1991,F,Multiple,Not Hispanic or Latino,22401,VA,Northern,17-11-2025
PAT001013,27-09-1952,Male,Other,Hispanic or Latino,22554,VA,Northern,25-06-2025
PAT001014,16-10-1948,Male,White,Not Hispanic or Latino,22902,VA,Western,26-11-2024
PAT001015,22-08-1936,Female,Black or African American,Not Hispanic or Latino,22551,VA,Northern,26-02-2023
PAT001016,09-02-1983,Female,White,Hispanic or Latino,23220,VA,Central,22-02-2025
PAT001017,23-11-2018,Female,White,Not Hispanic or Latino,22405,VA,Northern,08-10-2024
PAT001018,17-06-1994,Male,Asian,Not Hispanic or Latino,22901,VA,Western,23-06-2024
PAT001019,03-05-1972,Female,Black or African American,Not Hispanic or Latino,23606,VA,Eastern,01-12-2024
PAT001020,06-09-2023,Female,Black or African American,Not Hispanic or Latino,23225,VA,Central,23-07-2024
PAT001021,19-04-1949,Female,White,Not Hispanic or Latino,23223,VA,Central,10-01-2024
PAT001022,24-08-2019,Male,White,Not Hispanic or Latino,23221,VA,Central,25-04-2024
PAT001023,07-05-2000,Male,White,Hispanic or Latino,23805,VA,Southern,20-02-2024
PAT001024,12-10-2018,Female,Asian,Hispanic or Latino,22902,VA,Western,07-08-2023
PAT001025,22-02-2022,Male,White,Not Hispanic or Latino,22551,VA,Northern,14-01-2023
PAT001026,02-09-1963,Male,Black or African American,Not Hispanic or Latino,23606,VA,Eastern,30-01-2025
PAT001027,19-08-1997,Male,White,Not Hispanic or Latino,22554,VA,Northern,02-10-2025
PAT001028,09-09-1955,Male,Black or African American,Not Hispanic or Latino,22911,VA,Western,30-03-2024
PAT001029,17-01-2003,Male,Multiple,Not Hispanic or Latino,22551,VA,Northern,06-09-2025
PAT001030,17-01-2008,Male,Black or African American,Not Hispanic or Latino,23223,VA,Central,17-03-2025
PAT001031,25-11-1962,Female,Black or African American,Not Hispanic or Latino,23601,VA,Eastern,25-07-2025
PAT001032,17-12-2004,Female,White,Not Hispanic or Latino,23225,VA,Central,08-10-2024
PAT001033,22-01-2025,Male,White,Not Hispanic or Latino,23221,VA,Central,04-08-2025
PAT001034,11-02-1966,Male,Other,Not Hispanic or Latino,23223,VA,Central,15-06-2024
PAT001035,09-09-1973,Female,Asian,Not Hispanic or Latino,23805,VA,Southern,05-07-2024
PAT001036,11-10-1968,Male,White,Not Hispanic or Latino,22554,VA,Northern,12-01-2024
PAT001037,07-07-1983,Male,White,Unknown,23225,VA,Central,01-02-2025
PAT001038,09-07-1985,Female,Asian,Not Hispanic or Latino,23225,VA,Central,04-01-2024
PAT001039,19-03-1942,Female,White,Hispanic or Latino,22405,VA,Northern,24-07-2023
PAT001040,18-04-1999,Male,Native Hawaiian or Other Pacific Islander,Hispanic or Latino,23834,VA,Southern,19-02-2025
PAT001041,26-03-2001,Female,Black or African American,Hispanic or Latino,22405,VA,Northern,26-08-2025
PAT001042,14-03-2025,Female,Native Hawaiian or Other Pacific Islander,Not Hispanic or Latino,22551,VA,Northern,21-05-2025
PAT001043,24-09-1991,Female,White,Not Hispanic or Latino,22554,VA,Northern,23-09-2025
PAT001044,18-05-2016,Female,White,Not Hispanic or Latino,23220,VA,Central,26-03-2025
PAT001045,06-12-2004,Female,Unknown,Not Hispanic or Latino,23220,VA,Central,17-03-2024
PAT001046,27-08-2017,Female,White,Not Hispanic or Latino,22901,VA,Western,10-07-2025
PAT001047,09-06-1937,Other,Multiple,Not Hispanic or Latino,23223,VA,Central,07-01-2025
PAT001048,26-09-2008,Female,Black or African American,Not Hispanic or Latino,22554,VA,Northern,05-12-2024
PAT001049,04-07-1990,Female,White,Not Hispanic or Latino,22554,VA,Northern,12-02-2024
PAT001050,21-10-1966,Male,Black or African American,Not Hispanic or Latino,22405,VA,Northern,05-08-2024
PAT001051,22-06-2014,Male,White,Not Hispanic or Latino,23225,VA,Central,04-07-2025
PAT001052,13-02-1961,Male,White,Not Hispanic or Latino,23223,VA,Central,07-08-2025
PAT001053,28-03-1980,Male,White,Not Hispanic or Latino,23221,VA,Central,21-11-2024
PAT001054,20-11-1947,Female,White,Hispanic or Latino,22551,VA,Northern,27-05-2023
PAT001055,11-03-1974,Male,Asian,Not Hispanic or Latino,23601,VA,Eastern,04-10-2024
PAT001056,10-11-2015,Female,White,Not Hispanic or Latino,23223,VA,Central,20-03-2025
PAT001057,25-08-1986,Unknown,White,Hispanic or Latino,23831,VA,Southern,02-12-2025
PAT001058,06-07-1983,Female,Black or African American,Not Hispanic or Latino,22902,VA,Western,17-02-2023
PAT001059,08-12-1988,Male,Black or African American,Not Hispanic or Latino,23223,VA,Central,13-06-2023
PAT001060,13-03-1972,Male,White,Not Hispanic or Latino,23220,VA,Central,15-07-2023
PAT001061,18-08-1989,Female,Other,Not Hispanic or Latino,22401,VA,Northern,23-02-2023
PAT001062,17-07-1978,Female,American Indian or Alaska Native,Not Hispanic or Latino,22401,VA,Northern,01-08-2023
PAT001063,05-10-1986,Female,Black or African American,Not Hispanic or Latino,22901,VA,Western,09-03-2025
PAT001064,08-04-2016,Male,White,Not Hispanic or Latino,23223,VA,Central,26-06-2025
PAT001065,17-03-2021,Female,Native Hawaiian or Other Pacific Islander,Not Hispanic or Latino,22405,VA,Northern,28-02-2023
PAT001066,12-11-2006,Female,Asian,Not Hispanic or Latino,23223,VA,Central,02-09-2025
PAT001067,09-09-2011,Male,Black or African American,Not Hispanic or Latino,22911,VA,Western,04-10-2023
PAT001068,06-09-1979,Female,Other,Not Hispanic or Latino,22551,VA,Northern,09-06-2025
PAT001069,21-11-1944,Male,Multiple,Unknown,23831,VA,Southern,12-12-2024
PAT001070,08-09-1945,Female,Black or African American,Not Hispanic or Latino,23220,VA,Central,23-06-2025
PAT001071,14-06-1998,Female,White,Hispanic or Latino,23223,VA,Central,15-11-2023
PAT001072,01-01-1971,Female,Unknown,Not Hispanic or Latino,22902,VA,Western,05-12-2024
PAT001073,18-08-1971,Female,Black or African American,Not Hispanic or Latino,22901,VA,Western,04-10-2025
PAT001074,01-05-1992,Male,Black or African American,Not Hispanic or Latino,23225,VA,Central,22-08-2024
PAT001075,26-04-1966,Male,Black or African American,Not Hispanic or Latino,23803,VA,Southern,04-02-2025
PAT001076,18-07-1972,Female,Black or African American,Not Hispanic or Latino,23606,VA,Eastern,19-03-2025
PAT001077,23-03-1972,Female,White,Not Hispanic or Latino,22911,VA,Western,13-02-2025
PAT001078,03-05-1987,Male,Black or African American,Hispanic or Latino,23225,VA,Central,05-05-2024
PAT001079,26-10-1944,Female,White,Unknown,22903,VA,Western,06-08-2024
PAT001080,18-12-1980,Male,Asian,Not Hispanic or Latino,23831,VA,Southern,25-04-2025
PAT001081,06-02-1954,Female,White,Not Hispanic or Latino,23221,VA,Central,16-08-2024
PAT001082,15-11-1974,Female,White,Not Hispanic or Latino,23225,VA,Central,11-07-2024
PAT001083,11-04-1992,Female,White,Not Hispanic or Latino,23220,VA,Central,08-11-2023
PAT001084,01-09-1975,Female,Black or African American,Not Hispanic or Latino,22902,VA,Western,29-07-2023
PAT001085,05-05-1998,Male,White,Hispanic or Latino,22911,VA,Western,17-01-2023
PAT001086,05-02-2000,Female,Asian,Not Hispanic or Latino,23803,VA,Southern,07-10-2025
PAT001087,14-06-2019,Male,White,Not Hispanic or Latino,22903,VA,Western,17-10-2025
PAT001088,23-08-1996,Male,Asian,Not Hispanic or Latino,22901,VA,Western,07-11-2024
PAT001089,02-03-1989,Male,Asian,Not Hispanic or Latino,22903,VA,Western,14-03-2025
PAT001090,16-09-1958,Male,White,Unknown,22902,VA,Western,29-01-2024
PAT001091,27-07-2017,Female,White,Not Hispanic or Latino,22901,VA,Western,07-09-2023
PAT001092,25-07-2000,Female,White,Not Hispanic or Latino,23225,VA,Central,21-05-2024
PAT001093,07-01-1979,Female,White,Not Hispanic or Latino,22551,VA,Northern,12-07-2023
PAT001094,07-11-2009,Female,White,Not Hispanic or Latino,22551,VA,Northern,07-03-2025
PAT001095,11-05-1980,Male,White,Not Hispanic or Latino,23601,VA,Eastern,28-03-2023
PAT001096,17-09-1937,Female,White,Not Hispanic or Latino,23220,VA,Central,02-06-2024
PAT001097,10-11-2010,Male,White,Not Hispanic or Latino,23221,VA,Central,08-01-2025
PAT001098,07-11-2024,Male,White,Not Hispanic or Latino,22401,VA,Northern,07-03-2025
PAT001099,01-06-2012,Male,White,Not Hispanic or Latino,23221,VA,Central,19-07-2024
PAT001100,13-02-1981,Female,White,Not Hispanic or Latino,22902,VA,Western,19-01-2023
PAT001101,26-10-2006,Male,American Indian or Alaska Native,Not Hispanic or Latino,22551,VA,Northern,14-11-2023
PAT001102,08-02-1985,Male,White,Not Hispanic or Latino,23221,VA,Central,20-10-2025
PAT001103,20-11-1989,Female,Other,Not Hispanic or Latino,23831,VA,Southern,03-05-2023
PAT001104,21-06-1990,Female,White,Hispanic or Latino,23221,VA,Central,08-08-2023
PAT001105,08-08-2003,Male,Asian,Not Hispanic or Latino,23223,VA,Central,12-12-2024
PAT001106,24-08-1978,Male,Multiple,Not Hispanic or Latino,22902,VA,Western,13-02-2023
PAT001107,12-07-1938,Male,White,Not Hispanic or Latino,22902,VA,Western,28-05-2024
PAT001108,23-08-2024,Male,Asian,Hispanic or Latino,22551,VA,Northern,05-06-2025
PAT001109,23-09-1971,Male,White,Not Hispanic or Latino,23834,VA,Southern,24-01-2024
PAT001110,18-03-1942,Male,White,Not Hispanic or Latino,22554,VA,Northern,24-10-2024
PAT001111,28-05-1993,Female,White,Not Hispanic or Latino,23221,VA,Central,22-05-2023
PAT001112,15-03-1982,Male,Black or African American,Not Hispanic or Latino,22903,VA,Western,23-06-2024
PAT001113,15-06-2008,Male,White,Not Hispanic or Latino,23803,VA,Southern,02-11-2025
PAT001114,06-12-1969,Female,White,Not Hispanic or Latino,22401,VA,Northern,15-01-2025
PAT001115,24-06-2018,Female,Unknown,Not Hispanic or Latino,23185,VA,Eastern,04-03-2025
PAT001116,22-09-1987,Male,Black or African American,Not Hispanic or Latino,23225,VA,Central,12-11-2023
PAT001117,11-05-1966,Female,White,Not Hispanic or Latino,22911,VA,Western,21-10-2024
PAT001118,17-02-1957,Female,White,Not Hispanic or Latino,23220,VA,Central,31-03-2023
PAT001119,06-03-1962,Male,Black or African American,Not Hispanic or Latino,22401,VA,Northern,18-02-2024
PAT001120,07-08-2004,Male,Black or African American,Not Hispanic or Latino,22901,VA,Western,07-03-2023
PAT001121,16-11-1995,Female,Black or African American,Not Hispanic or Latino,23223,VA,Central,11-04-2023
PAT001122,20-04-1970,Female,Black or African American,Not Hispanic or Latino,22401,VA,Northern,27-01-2023
PAT001123,16-11-2001,Female,Black or African American,Not Hispanic or Latino,22901,VA,Western,16-08-2025
PAT001124,18-06-2006,Other,White,Not Hispanic or Latino,22551,VA,Northern,25-01-2025
PAT001125,02-12-1978,Male,Black or African American,Not Hispanic or Latino,23602,VA,Eastern,19-12-2025
PAT001126,03-12-2024,Female,White,Not Hispanic or Latino,23223,VA,Central,11-01-2025
PAT001127,04-09-1954,Female,Black or African American,Not Hispanic or Latino,23220,VA,Central,18-04-2024
PAT001128,07-04-1995,Female,Multiple,Hispanic or Latino,23805,VA,Southern,02-01-2024
PAT001129,18-12-1967,Female,White,Not Hispanic or Latino,23225,VA,Central,05-08-2023
PAT001130,19-11-1936,Male,White,Not Hispanic or Latino,23831,VA,Southern,28-07-2025
PAT001131,14-11-1938,Male,White,Not Hispanic or Latino,22401,VA,Northern,08-12-2023
PAT001132,13-09-2002,Male,White,Not Hispanic or Latino,22903,VA,Western,20-11-2023
PAT001133,15-10-1943,Female,White,Not Hispanic or Latino,23223,VA,Central,07-10-2024
PAT001134,28-06-1943,Male,Black or African American,Not Hispanic or Latino,22554,VA,Northern,24-04-2025
PAT001135,11-12-1994,Female,Other,Not Hispanic or Latino,22405,VA,Northern,14-03-2024
PAT001136,24-09-1948,Male,White,Hispanic or Latino,22554,VA,Northern,07-01-2025
PAT001137,13-08-2011,Male,White,Not Hispanic or Latino,22901,VA,Western,12-03-2023
PAT001138,01-10-1951,Female,Black or African American,Hispanic or Latino,23221,VA,Central,10-09-2024
PAT001139,08-05-1960,Male,White,Not Hispanic or Latino,23221,VA,Central,06-10-2024
PAT001140,27-12-2007,Unknown,American Indian or Alaska Native,Not Hispanic or Latino,22903,VA,Western,13-11-2025
PAT001141,19-10-1967,Female,White,Not Hispanic or Latino,23805,VA,Southern,13-07-2023
PAT001142,12-08-1959,Female,White,Hispanic or Latino,23601,VA,Eastern,11-10-2023
PAT001143,19-06-2017,Female,White,Hispanic or Latino,23805,VA,Southern,22-04-2024
PAT001144,03-05-1971,Male,White,Not Hispanic or Latino,23225,VA,Central,21-03-2024
PAT001145,24-02-1979,Female,White,Not Hispanic or Latino,23223,VA,Central,15-09-2025
PAT001146,27-08-1988,Male,Other,Not Hispanic or Latino,22401,VA,Northern,07-09-2024
PAT001147,26-12-1959,Female,Black or African American,Not Hispanic or Latino,23834,VA,Southern,10-06-2023
PAT001148,12-06-2024,Male,Black or African American,Not Hispanic or Latino,22911,VA,Western,12-08-2025
PAT001149,24-04-1957,Female,Asian,Not Hispanic or Latino,23220,VA,Central,22-02-2025
PAT001150,17-05-1975,Male,White,Not Hispanic or Latino,22401,VA,Northern,15-10-2024
PAT001151,05-10-1943,Male,Black or African American,Hispanic or Latino,23831,VA,Southern,25-10-2025
PAT001152,05-04-1964,Female,White,Hispanic or Latino,23220,VA,Central,15-03-2025
PAT001153,19-10-1968,Female,White,Not Hispanic or Latino,22901,VA,Western,30-03-2024
PAT001154,26-05-1984,Female,Asian,Not Hispanic or Latino,23225,VA,Central,31-10-2023
PAT001155,03-06-2021,Female,Multiple,Not Hispanic or Latino,23225,VA,Central,11-04-2023
PAT001156,09-07-1982,Male,White,Not Hispanic or Latino,22901,VA,Western,27-03-2025
PAT001157,25-07-1944,Female,White,Not Hispanic or Latino,23221,VA,Central,04-10-2023
PAT001158,07-09-1968,Female,White,Not Hispanic or Latino,23225,VA,Central,20-03-2025
PAT001159,20-09-2001,Male,White,Not Hispanic or Latino,22902,VA,Western,11-05-2024
PAT001160,25-05-1974,Male,White,Not Hispanic or Latino,22551,VA,Northern,24-10-2024
PAT001161,22-02-2005,Female,Black or African American,Not Hispanic or Latino,23225,VA,Central,17-05-2025
PAT001162,07-06-1949,Male,White,Not Hispanic or Latino,23831,VA,Southern,06-12-2024
PAT001163,01-11-1941,Female,Multiple,Not Hispanic or Latino,23831,VA,Southern,13-12-2023
PAT001164,27-10-1985,Female,Unknown,Not Hispanic or Latino,23225,VA,Central,26-10-2023
PAT001165,27-01-1968,Male,White,Not Hispanic or Latino,23805,VA,Southern,13-02-2024
PAT001166,05-06-1939,female,White,Not Hispanic or Latino,23803,VA,Southern,19-08-2023
PAT001167,20-04-2006,Male,White,Not Hispanic or Latino,23221,VA,Central,12-08-2024
PAT001168,23-06-1975,Male,Black or African American,Not Hispanic or Latino,22401,VA,Northern,16-09-2024
PAT001169,01-08-1993,Female,Other,Not Hispanic or Latino,23831,VA,Southern,04-03-2024
PAT001170,07-09-1979,Female,Black or African American,Not Hispanic or Latino,23601,VA,Eastern,07-12-2025
PAT001171,18-05-1978,Male,White,Not Hispanic or Latino,22551,VA,Northern,17-10-2023
PAT001172,19-07-2007,Male,White,Not Hispanic or Latino,23185,VA,Eastern,07-06-2024
PAT001173,10-01-2002,Male,White,Not Hispanic or Latino,22405,VA,Northern,09-07-2024
PAT001174,21-08-1990,Male,Black or African American,Not Hispanic or Latino,23220,VA,Central,17-05-2023
PAT001175,09-11-2013,Male,Asian,Not Hispanic or Latino,23831,VA,Southern,09-08-2023
PAT001176,28-05-1975,Male,Black or African American,Not Hispanic or Latino,23225,VA,Central,18-04-2024
PAT001177,23-09-1948,Male,White,Not Hispanic or Latino,23803,VA,Southern,08-10-2024
PAT001178,18-10-1968,Male,Asian,Not Hispanic or Latino,22401,VA,Northern,17-01-2024
PAT001179,15-09-1954,Female,White,Not Hispanic or Latino,23220,VA,Central,23-03-2023
PAT001180,10-09-2018,Male,Unknown,Not Hispanic or Latino,23831,VA,Southern,30-09-2025
PAT001181,06-12-2013,Female,Black or African American,Not Hispanic or Latino,23220,VA,Central,11-12-2024
PAT001182,12-06-1965,Unknown,Black or African American,Not Hispanic or Latino,22903,VA,Western,28-04-2024
PAT001183,26-05-2009,Female,Multiple,Hispanic or Latino,22401,VA,Northern,11-06-2024
PAT001184,18-01-1995,Female,Black or African American,Not Hispanic or Latino,22554,VA,Northern,06-04-2024
PAT001185,13-06-2003,Male,White,Not Hispanic or Latino,23221,VA,Central,29-06-2023
PAT001186,17-07-1937,Female,White,Not Hispanic or Latino,22405,VA,Northern,04-05-2025
PAT001187,05-10-1987,Male,White,Not Hispanic or Latino,23225,VA,Central,01-10-2024
PAT001188,18-08-1997,Male,White,Hispanic or Latino,23221,VA,Central,28-02-2024
PAT001189,18-10-2003,Unknown,White,Not Hispanic or Latino,23221,VA,Central,10-10-2023
PAT001190,23-12-1951,Male,Other,Not Hispanic or Latino,23221,VA,Central,30-05-2025
PAT001191,21-03-1936,Female,White,Not Hispanic or Latino,22902,VA,Western,12-10-2024
PAT001192,18-09-1989,Male,Asian,Not Hispanic or Latino,22901,VA,Western,13-01-2024
PAT001193,24-03-1970,Male,Other,Hispanic or Latino,23220,VA,Central,14-10-2024
PAT001194,14-07-1976,Female,White,Not Hispanic or Latino,22554,VA,Northern,26-06-2025
PAT001195,24-11-1979,Female,White,Hispanic or Latino,23223,VA,Central,08-11-2023
PAT001196,04-04-1936,Male,White,Not Hispanic or Latino,22405,VA,Northern,14-01-2024
PAT001197,20-10-2025,Female,White,Unknown,23223,VA,Central,31-12-2025
PAT001198,08-10-2000,Male,White,Not Hispanic or Latino,23221,VA,Central,23-02-2023
PAT001199,23-02-1996,Female,Black or African American,Not Hispanic or Latino,23225,VA,Central,02-10-2023
PAT001200,16-10-1991,Male,White,Not Hispanic or Latino,22903,VA,Western,12-01-2024
PAT001201,16-08-1995,Male,White,Not Hispanic or Latino,23221,VA,Central,02-12-2023
PAT001202,02-04-1954,Female,Unknown,Not Hispanic or Latino,22551,VA,Northern,31-01-2023
PAT001203,14-05-1976,Male,White,Not Hispanic or Latino,23221,VA,Central,20-02-2024
PAT001204,03-04-1936,Male,Multiple,Not Hispanic or Latino,23805,VA,Southern,18-06-2025
PAT001205,16-10-1962,Male,Asian,Not Hispanic or Latino,23602,VA,Eastern,26-07-2025
PAT001206,14-04-1961,Female,Asian,Not Hispanic or Latino,23606,VA,Eastern,27-03-2023
PAT001207,27-12-1981,Male,White,Not Hispanic or Latino,23225,VA,Central,02-10-2024
PAT001208,24-10-2013,Female,White,Not Hispanic or Latino,23185,VA,Eastern,02-12-2025
PAT001209,15-08-1957,Female,Unknown,Not Hispanic or Latino,23220,VA,Central,18-05-2024
PAT001210,13-09-1967,Female,White,Hispanic or Latino,23803,VA,Southern,04-03-2025
PAT001211,02-11-2009,Female,White,Not Hispanic or Latino,22405,VA,Northern,19-08-2024
PAT001212,10-07-2011,Male,Black or African American,Not Hispanic or Latino,22903,VA,Western,02-08-2025
PAT001213,10-07-1988,Female,White,Not Hispanic or Latino,23220,VA,Central,24-11-2025
PAT001214,15-03-1976,Male,White,Not Hispanic or Latino,23834,VA,Southern,05-07-2023
PAT001215,06-02-1991,Male,White,Not Hispanic or Latino,23805,VA,Southern,16-03-2025
PAT001216,15-06-1994,Female,Native Hawaiian or Other Pacific Islander,Not Hispanic or Latino,22901,VA,Western,02-01-2024
PAT001217,23-10-1983,Male,White,Hispanic or Latino,23221,VA,Central,20-07-2025
PAT001218,11-05-1989,Female,Multiple,Not Hispanic or Latino,23221,VA,Central,11-09-2023
PAT001219,23-02-1974,Female,Asian,Not Hispanic or Latino,22911,VA,Western,13-01-2025
PAT001220,23-09-1989,Female,White,Unknown,23225,VA,Central,13-11-2025
PAT001221,18-07-2020,Male,Asian,Not Hispanic or Latino,22551,VA,Northern,31-03-2023
PAT001222,11-03-1936,Female,White,Not Hispanic or Latino,23601,VA,Eastern,29-11-2023
PAT001223,25-03-1956,Female,Black or African American,Not Hispanic or Latino,23185,VA,Eastern,09-05-2025
PAT001224,24-05-1971,Female,White,Not Hispanic or Latino,23834,VA,Southern,14-08-2024
PAT001225,05-02-2002,Female,Black or African American,Not Hispanic or Latino,23805,VA,Southern,08-01-2023
PAT001226,01-05-1966,Female,White,Hispanic or Latino,23225,VA,Central,16-10-2025
PAT001227,18-08-1962,Female,Multiple,Not Hispanic or Latino,22401,VA,Northern,07-10-2025
PAT001228,19-04-1953,Male,Asian,Not Hispanic or Latino,23834,VA,Southern,18-07-2025
PAT001229,03-08-1969,Female,White,Not Hispanic or Latino,23803,VA,Southern,16-05-2024
PAT001230,20-05-1943,Male,Multiple,Not Hispanic or Latino,22405,VA,Northern,11-04-2023
PAT001231,02-03-1973,Female,Other,Not Hispanic or Latino,22554,VA,Northern,17-03-2023
PAT001232,22-01-2021,Male,White,Not Hispanic or Latino,23223,VA,Central,09-11-2024
PAT001233,04-01-2005,Male,White,Not Hispanic or Latino,22911,VA,Western,01-01-2024
PAT001234,10-11-1973,Female,Asian,Not Hispanic or Latino,22902,VA,Western,21-07-2025
PAT001235,03-01-2014,Male,Black or African American,Hispanic or Latino,23602,VA,Eastern,23-10-2024
PAT001236,27-07-1985,Female,White,Not Hispanic or Latino,23185,VA,Eastern,25-05-2025
PAT001237,16-05-2005,Female,White,Not Hispanic or Latino,23805,VA,Southern,07-09-2023
PAT001238,17-06-1999,Female,Native Hawaiian or Other Pacific Islander,Not Hispanic or Latino,23834,VA,Southern,10-12-2025
PAT001239,07-12-2001,Female,White,Not Hispanic or Latino,22901,VA,Western,12-08-2023
PAT001240,21-12-1966,Male,White,Not Hispanic or Latino,23220,VA,Central,17-09-2025
PAT001241,20-07-2016,Male,White,Not Hispanic or Latino,23223,VA,Central,15-06-2024
PAT001242,20-10-1967,Male,Black or African American,Unknown,23831,VA,Southern,23-09-2023
PAT001243,16-10-1941,Female,White,Not Hispanic or Latino,22911,VA,Western,05-10-2025
PAT001244,08-10-2002,Male,Other,Not Hispanic or Latino,23223,VA,Central,01-02-2024
PAT001245,01-02-1990,Female,Black or African American,Not Hispanic or Latino,23606,VA,Eastern,30-08-2023
PAT001246,26-04-1964,Female,Black or African American,Not Hispanic or Latino,23834,VA,Southern,27-04-2025
PAT001247,12-06-2006,Male,Unknown,Hispanic or Latino,23221,VA,Central,24-01-2023
PAT001248,23-04-1980,Female,White,Not Hispanic or Latino,23223,VA,Central,05-06-2024
PAT001249,10-02-1963,Male,White,Not Hispanic or Latino,22903,VA,Western,03-11-2025
PAT001250,25-06-1982,Male,Black or African American,Not Hispanic or Latino,23803,VA,Southern,22-08-2023
PAT001251,11-06-1939,Female,White,Not Hispanic or Latino,23225,VA,Central,01-03-2023
PAT001252,07-03-1977,Male,White,Not Hispanic or Latino,23223,VA,Central,23-11-2024
PAT001253,16-08-1939,Male,White,Not Hispanic or Latino,23803,VA,Southern,06-10-2023
PAT001254,21-03-1968,Male,Black or African American,Not Hispanic or Latino,23834,VA,Southern,17-11-2024
PAT001255,24-07-1983,Female,Black or African American,Not Hispanic or Latino,23803,VA,Southern,03-12-2025
PAT001256,24-10-1971,Male,White,Not Hispanic or Latino,23223,VA,Central,08-02-2023
PAT001257,22-10-2019,Male,White,Not Hispanic or Latino,22903,VA,Western,25-12-2024
PAT001258,09-03-1989,Male,Black or African American,Not Hispanic or Latino,22901,VA,Western,25-11-2024
PAT001259,18-11-1984,Male,Black or African American,Unknown,23805,VA,Southern,08-03-2025
PAT001260,04-10-1973,Male,Black or African American,Not Hispanic or Latino,23223,VA,Central,06-10-2024
PAT001261,09-01-1979,Male,White,Hispanic or Latino,23225,VA,Central,27-06-2023
PAT001262,12-04-1983,Male,White,Not Hispanic or Latino,23834,VA,Southern,11-09-2024
PAT001263,10-09-1972,Male,Black or African American,Not Hispanic or Latino,23601,VA,Eastern,18-08-2023
PAT001264,25-01-2014,Female,White,Not Hispanic or Latino,22405,VA,Northern,09-07-2023
PAT001265,01-09-1983,Male,Black or African American,Unknown,23606,VA,Eastern,21-10-2025
PAT001266,11-04-2021,Male,Multiple,Not Hispanic or Latino,23834,VA,Southern,08-12-2025
PAT001267,05-06-1951,Female,Black or African American,Not Hispanic or Latino,23220,VA,Central,23-11-2025
PAT001268,07-03-1965,Male,White,Not Hispanic or Latino,23220,VA,Central,29-07-2025
PAT001269,28-12-1969,Female,White,Not Hispanic or Latino,22901,VA,,09-01-2023
PAT001270,22-01-2016,Female,Multiple,Not Hispanic or Latino,23803,VA,Southern,13-11-2024
PAT001271,04-01-1946,Male,Black or African American,Not Hispanic or Latino,23223,VA,Central,16-02-2023
PAT001272,21-05-1942,Female,Asian,Not Hispanic or Latino,23221,VA,Central,19-10-2024
PAT001273,10-04-1972,Male,Black or African American,Not Hispanic or Latino,23831,VA,Southern,26-12-2025
PAT001274,22-08-1970,Male,White,Not Hispanic or Latino,22401,VA,Northern,12-07-2024
PAT001275,09-03-1973,Female,Asian,Unknown,23220,VA,Central,01-02-2023
PAT001276,04-09-2008,Male,Black or African American,Not Hispanic or Latino,23601,VA,Eastern,18-12-2024
PAT001277,09-06-1982,Female,Other,Hispanic or Latino,22405,VA,Northern,03-08-2024
PAT001278,06-04-1966,Male,White,Not Hispanic or Latino,23220,VA,Central,29-09-2024
PAT001279,18-06-1966,Female,White,Not Hispanic or Latino,23225,VA,Central,14-04-2023
PAT001280,16-01-1973,Male,Multiple,Not Hispanic or Latino,23220,VA,Central,05-08-2023
PAT001281,03-01-1984,Male,White,Not Hispanic or Latino,22551,VA,Northern,13-03-2025
PAT001282,20-12-2020,Male,Black or African American,Not Hispanic or Latino,22551,VA,Northern,29-12-2024
PAT001283,27-06-1951,Male,Asian,Not Hispanic or Latino,23221,VA,Central,28-12-2025
PAT001284,19-08-1958,Male,Asian,Not Hispanic or Latino,23805,VA,Southern,10-07-2023
PAT001285,15-12-1935,Male,Asian,Not Hispanic or Latino,23803,VA,Southern,22-07-2025
PAT001286,21-11-1986,Female,White,Not Hispanic or Latino,22911,VA,Western,21-08-2025
PAT001287,05-04-1972,Male,Black or African American,Not Hispanic or Latino,22554,VA,Northern,14-01-2025
PAT001288,23-03-1995,Female,White,Not Hispanic or Latino,23602,VA,Eastern,27-10-2024
PAT001289,01-08-1983,Male,White,Not Hispanic or Latino,23803,VA,Southern,31-08-2025
PAT001290,16-06-2004,Female,White,Not Hispanic or Latino,23225,VA,Central,16-12-2023
PAT001291,20-06-2016,Male,White,Not Hispanic or Latino,23601,VA,Eastern,06-11-2025
PAT001292,27-07-2004,Male,White,Not Hispanic or Latino,22401,VA,Northern,29-10-2024
PAT001293,03-11-1982,Male,White,Hispanic or Latino,23223,VA,Central,27-12-2025
PAT001294,19-07-1968,Male,White,Not Hispanic or Latino,22911,VA,Western,03-05-2024
PAT001295,18-04-1941,Female,White,Not Hispanic or Latino,23601,VA,Eastern,14-09-2025
PAT001296,11-02-2013,Female,American Indian or Alaska Native,Not Hispanic or Latino,23221,VA,Central,01-06-2025
PAT001297,26-10-2012,Male,White,Not Hispanic or Latino,23831,VA,Southern,28-04-2024
PAT001298,22-11-2020,Female,White,Not Hispanic or Latino,23185,VA,Eastern,23-09-2025
PAT001299,20-10-1974,Female,American Indian or Alaska Native,Not Hispanic or Latino,22911,VA,Western,28-10-2024
PAT001300,27-02-1982,Female,Unknown,Not Hispanic or Latino,23225,VA,Central,27-12-2023
PAT001301,03-07-1986,Female,White,Not Hispanic or Latino,23220,VA,Central,15-02-2025
PAT001302,21-08-2015,Female,White,Hispanic or Latino,23803,VA,Southern,05-07-2023
PAT001303,19-03-1972,Male,Unknown,Not Hispanic or Latino,23803,VA,Southern,28-10-2023
PAT001304,15-03-1980,Female,White,Not Hispanic or Latino,22554,VA,Northern,09-03-2025
PAT001305,15-10-1941,Male,Black or African American,Not Hispanic or Latino,23221,VA,Central,26-02-2024
PAT001306,19-05-2015,Male,Black or African American,Not Hispanic or Latino,22554,VA,Northern,09-06-2025
PAT001307,03-06-1979,Female,White,Not Hispanic or Latino,23185,VA,Eastern,11-11-2025
PAT001308,28-03-1948,Female,Black or African American,Not Hispanic or Latino,23223,VA,Central,08-05-2023
PAT001309,02-09-2014,Male,Black or African American,Not Hispanic or Latino,23220,VA,,05-01-2025
PAT001310,28-05-1957,Male,White,Hispanic or Latino,23803,VA,Southern,26-04-2024
PAT001311,19-12-1969,Male,Black or African American,Not Hispanic or Latino,23606,VA,Eastern,13-10-2024
PAT001312,13-07-1938,Female,Black or African American,Not Hispanic or Latino,23225,VA,Central,10-06-2025
PAT001313,22-04-2008,Female,Asian,Not Hispanic or Latino,23221,VA,Central,30-08-2025
PAT001314,18-04-1988,Female,Black or African American,Not Hispanic or Latino,23606,VA,Eastern,07-01-2025
PAT001315,10-03-1947,Female,Black or African American,Not Hispanic or Latino,23221,VA,Central,03-10-2023
PAT001316,21-02-1990,Male,Other,Not Hispanic or Latino,22901,VA,Western,22-10-2023
PAT001317,22-08-1979,Male,Other,Not Hispanic or Latino,22551,VA,Northern,06-10-2023
PAT001318,21-03-2023,Female,White,Not Hispanic or Latino,23834,VA,Southern,17-08-2025
PAT001319,20-12-1968,M,Black or African American,Not Hispanic or Latino,23606,VA,Eastern,04-01-2024
PAT001320,14-09-1993,Female,White,Not Hispanic or Latino,22551,VA,Northern,26-02-2025
PAT001321,06-04-1985,Female,Black or African American,Hispanic or Latino,22551,VA,Northern,16-01-2023
PAT001322,28-08-1966,Unknown,Black or African American,Not Hispanic or Latino,23221,VA,Central,24-10-2025
PAT001323,18-07-1952,Female,White,Not Hispanic or Latino,23831,VA,Southern,10-03-2023
PAT001324,16-10-2006,Male,White,Not Hispanic or Latino,22554,VA,Northern,20-08-2023
PAT001325,23-08-1966,Male,White,Not Hispanic or Latino,22401,VA,Northern,18-10-2023
PAT001326,15-05-1991,Female,Black or African American,Hispanic or Latino,23220,VA,,07-12-2025
PAT001327,16-04-2023,Female,American Indian or Alaska Native,Hispanic or Latino,22901,VA,Western,16-03-2025
PAT001328,10-10-2008,Female,White,Not Hispanic or Latino,22401,VA,Northern,04-12-2024
PAT001329,16-01-1982,Female,Asian,Not Hispanic or Latino,23225,VA,Central,15-11-2025
PAT001330,24-10-2010,Female,Black or African American,Not Hispanic or Latino,23831,VA,Southern,12-05-2025
PAT001331,10-05-1949,Female,Asian,Not Hispanic or Latino,22405,VA,Northern,14-03-2023
PAT001332,26-12-1998,Female,White,Not Hispanic or Latino,23223,VA,Central,06-05-2023
PAT001333,06-10-2010,Female,Black or African American,Not Hispanic or Latino,23185,VA,Eastern,20-08-2024
PAT001334,20-12-1963,Female,White,Not Hispanic or Latino,22901,VA,Western,10-08-2024
PAT001335,05-02-2010,Female,Native Hawaiian or Other Pacific Islander,Not Hispanic or Latino,23803,VA,Southern,23-07-2024
PAT001336,20-03-1986,Male,Black or African American,Not Hispanic or Latino,23831,VA,Southern,17-07-2024
PAT001337,01-05-1977,Male,White,Not Hispanic or Latino,23220,VA,Central,24-12-2023
PAT001338,24-10-1976,Male,Asian,Not Hispanic or Latino,23805,VA,Southern,03-07-2025
PAT001339,09-03-1985,Male,White,Not Hispanic or Latino,22902,VA,Western,20-09-2025
PAT001340,28-09-2020,Female,Unknown,Not Hispanic or Latino,23220,VA,Central,03-12-2024
PAT001341,20-03-1958,Male,White,Not Hispanic or Latino,23805,VA,Southern,12-10-2025
PAT001342,25-07-1978,Male,White,Not Hispanic or Latino,23225,VA,Central,02-05-2024
PAT001343,24-08-1939,Female,Native Hawaiian or Other Pacific Islander,Not Hispanic or Latino,23805,VA,Southern,07-03-2024
PAT001344,27-12-1942,Female,White,Hispanic or Latino,23223,VA,Central,22-04-2023
PAT001345,25-05-1980,Female,Asian,Not Hispanic or Latino,23220,VA,Central,18-04-2023
PAT001346,13-08-2002,Male,White,Not Hispanic or Latino,22551,VA,Northern,09-09-2024
PAT001347,25-12-1968,Male,White,Not Hispanic or Latino,22902,VA,Western,16-02-2025
PAT001348,09-08-2013,Female,White,Not Hispanic or Latino,23601,VA,Eastern,22-12-2025
PAT001349,10-01-1994,Female,White,Not Hispanic or Latino,22551,VA,Northern,21-02-2025
PAT001350,17-06-1980,Female,Asian,Not Hispanic or Latino,23803,VA,Southern,19-07-2023
PAT001351,21-09-1976,Male,Black or African American,Not Hispanic or Latino,23223,VA,Central,03-06-2025
PAT001352,28-11-1941,Male,Black or African American,Not Hispanic or Latino,23223,VA,Central,17-11-2024
PAT001353,26-05-2017,Female,Black or African American,Hispanic or Latino,23220,VA,Central,06-06-2024
PAT001354,13-10-1940,Male,Multiple,Not Hispanic or Latino,23606,VA,Eastern,10-05-2024
PAT001355,11-09-2001,Female,Black or African American,Not Hispanic or Latino,23221,VA,Central,03-10-2024
PAT001356,22-01-1967,Female,White,Hispanic or Latino,23185,VA,Eastern,20-05-2023
PAT001357,04-07-2007,Female,White,Not Hispanic or Latino,22901,VA,Western,02-07-2025
PAT001358,24-04-1949,Male,American Indian or Alaska Native,Not Hispanic or Latino,23831,VA,Southern,30-05-2024
PAT001359,01-01-1987,Male,Other,Hispanic or Latino,23803,VA,Southern,27-04-2023
PAT001360,27-11-1966,Female,White,Not Hispanic or Latino,23601,VA,Eastern,07-09-2023
PAT001361,28-02-2004,Male,White,Not Hispanic or Latino,22902,VA,Western,08-02-2025
PAT001362,19-11-1980,Female,White,Not Hispanic or Latino,23221,VA,Central,16-08-2023
PAT001363,10-05-2002,Male,Black or African American,Not Hispanic or Latino,23225,VA,Central,05-06-2023
PAT001364,09-08-1980,Male,Multiple,Not Hispanic or Latino,23225,VA,Central,24-10-2024
PAT001365,25-03-2017,Female,White,Not Hispanic or Latino,23220,VA,Central,21-07-2024
PAT001366,13-01-1936,Female,Black or African American,Hispanic or Latino,23225,VA,Central,12-11-2024
PAT001367,27-05-1990,Male,White,Hispanic or Latino,23831,VA,Southern,31-12-2023
PAT001368,16-02-1983,Male,White,Unknown,22405,VA,Northern,15-03-2025
PAT001369,16-11-1973,Male,White,Not Hispanic or Latino,23220,VA,Central,22-10-2023
PAT001370,07-07-1943,Female,White,Not Hispanic or Latino,23220,VA,Central,23-06-2025
PAT001371,04-05-1938,Unknown,White,Not Hispanic or Latino,22401,VA,Northern,30-05-2023
PAT001372,24-10-1974,Female,Other,Not Hispanic or Latino,23223,VA,Central,02-07-2025
PAT001373,05-08-2025,Female,White,Not Hispanic or Latino,23220,VA,Central,14-08-2025
PAT001374,05-05-1995,Male,Black or African American,Hispanic or Latino,23602,VA,Eastern,12-03-2025
PAT001375,17-01-1981,Female,Black or African American,Hispanic or Latino,23606,VA,Eastern,06-09-2025
PAT001376,28-07-2012,Male,White,Not Hispanic or Latino,22901,VA,Western,07-04-2024
PAT001377,23-07-1990,Female,Asian,Hispanic or Latino,22911,VA,Western,06-09-2023
PAT001378,22-06-1996,Other,Black or African American,Not Hispanic or Latino,23831,VA,Southern,31-03-2025
PAT001379,21-11-1990,Female,White,Not Hispanic or Latino,23803,VA,Southern,18-01-2025
PAT001380,03-06-1943,Female,White,Not Hispanic or Latino,23834,VA,Southern,16-08-2024
PAT001381,18-03-2001,Male,Asian,Not Hispanic or Latino,22401,VA,Northern,25-02-2025
PAT001382,23-05-2001,Female,White,Not Hispanic or Latino,23225,VA,Central,07-08-2023
PAT001383,12-12-1940,Female,White,Not Hispanic or Latino,23834,VA,Southern,23-06-2023
PAT001384,07-12-2011,Female,White,Not Hispanic or Latino,23601,VA,Eastern,15-03-2023
PAT001385,24-01-2001,Female,White,Hispanic or Latino,22902,VA,Western,28-09-2025
PAT001386,26-02-1969,Male,White,Not Hispanic or Latino,22903,VA,Western,20-10-2025
PAT001387,01-08-2008,Male,White,Not Hispanic or Latino,22401,VA,Northern,25-11-2024
PAT001388,26-06-2024,Male,White,Not Hispanic or Latino,23220,VA,Central,15-08-2025
PAT001389,26-04-1974,Female,Asian,Not Hispanic or Latino,23225,VA,Central,02-11-2023
PAT001390,02-02-2000,Male,White,Not Hispanic or Latino,23805,VA,Southern,28-09-2025
PAT001391,16-01-1940,Male,Multiple,Not Hispanic or Latino,22401,VA,Northern,12-05-2024
PAT001392,05-11-1979,Female,White,Not Hispanic or Latino,22901,VA,Western,19-12-2023
PAT001393,10-01-1940,Male,American Indian or Alaska Native,Not Hispanic or Latino,23220,VA,Central,23-07-2025
PAT001394,03-10-2020,Male,White,Not Hispanic or Latino,22901,VA,Western,22-08-2023
PAT001395,26-10-1983,Female,Other,Not Hispanic or Latino,22902,VA,Western,10-05-2023
PAT001396,14-04-1978,Female,White,Not Hispanic or Latino,23223,VA,Central,03-04-2025
PAT001397,22-02-1970,Male,Multiple,Not Hispanic or Latino,23221,VA,Central,20-10-2024
PAT001398,25-04-1962,Male,Asian,Not Hispanic or Latino,23185,VA,Eastern,22-12-2023
PAT001399,04-02-2015,Female,Black or African American,Not Hispanic or Latino,23223,VA,Central,17-10-2023
PAT001400,06-07-1978,Female,White,Not Hispanic or Latino,22554,VA,Northern,04-12-2023
PAT001401,19-04-1946,Female,Black or African American,Not Hispanic or Latino,23220,VA,Central,01-10-2023
PAT001402,20-11-1957,Other,Multiple,Not Hispanic or Latino,23225,VA,Central,20-11-2023
PAT001403,03-08-1960,Male,White,Not Hispanic or Latino,23220,VA,Central,15-01-2023
PAT001404,23-02-2020,Male,White,Not Hispanic or Latino,23223,VA,Central,02-05-2025
PAT001405,05-12-2010,Male,White,Hispanic or Latino,23805,VA,Southern,21-10-2023
PAT001406,17-05-1980,Female,Unknown,Not Hispanic or Latino,23225,VA,Central,23-04-2025
PAT001407,20-03-2018,Female,Black or African American,Not Hispanic or Latino,22901,VA,Western,04-01-2024
PAT001408,20-08-1938,Female,Black or African American,Not Hispanic or Latino,22901,VA,Western,08-09-2024
PAT001409,01-07-1985,Male,Black or African American,Not Hispanic or Latino,22902,VA,Western,29-01-2024
PAT001410,04-09-1974,Male,Other,Not Hispanic or Latino,23831,VA,Southern,05-11-2025
PAT001411,25-08-2000,Male,Black or African American,Hispanic or Latino,23221,VA,Central,20-07-2024
PAT001412,04-04-1975,Male,White,Not Hispanic or Latino,22405,VA,Northern,29-08-2025
PAT001413,06-03-1968,Male,White,Not Hispanic or Latino,22901,VA,Western,21-04-2023
PAT001414,10-06-1965,Male,White,Not Hispanic or Latino,23221,VA,Central,09-06-2025
PAT001415,20-06-1971,Male,White,Not Hispanic or Latino,23606,VA,Eastern,30-03-2023
PAT001416,02-12-1974,Male,White,Not Hispanic or Latino,23805,VA,Southern,20-11-2023
PAT001417,17-08-2007,Male,White,Unknown,23185,VA,Eastern,26-05-2023
PAT001418,15-12-1953,Male,Other,Not Hispanic or Latino,22554,VA,Northern,08-05-2025
PAT001419,22-12-1954,Male,White,Not Hispanic or Latino,23223,VA,Central,16-04-2024
PAT001420,11-02-1963,Female,Asian,Not Hispanic or Latino,23805,VA,Southern,20-07-2023
PAT001421,14-12-2018,Male,Unknown,Hispanic or Latino,23805,VA,Southern,08-02-2025
PAT001422,16-02-2018,Female,Black or African American,Not Hispanic or Latino,23225,VA,Central,22-04-2023
PAT001423,05-07-1961,Male,White,Not Hispanic or Latino,23221,VA,Central,20-07-2025
PAT001424,12-07-1955,Female,White,Not Hispanic or Latino,22405,VA,Northern,26-07-2025
PAT001425,12-11-2001,Male,White,Not Hispanic or Latino,23223,VA,Central,19-02-2024
PAT001426,02-03-1997,Male,Black or African American,Not Hispanic or Latino,22401,VA,Northern,28-07-2024
PAT001427,28-02-1973,Female,Black or African American,Not Hispanic or Latino,23225,VA,Central,28-07-2025
PAT001428,25-03-1947,Male,White,Not Hispanic or Latino,23223,VA,Central,26-03-2024
PAT001429,06-10-1998,Female,Black or African American,Not Hispanic or Latino,23601,VA,Eastern,15-04-2024
PAT001430,28-07-2023,Male,Black or African American,Not Hispanic or Latino,23834,VA,Southern,26-12-2025
PAT001431,16-10-2019,Male,Black or African American,Not Hispanic or Latino,22551,VA,Northern,25-07-2024
PAT001432,14-12-1990,Male,White,Hispanic or Latino,22405,VA,Northern,22-05-2024
PAT001433,19-07-1997,Female,White,Not Hispanic or Latino,22902,VA,Western,02-11-2023
PAT001434,02-07-2007,Male,White,Not Hispanic or Latino,22401,VA,Northern,21-08-2025
PAT001435,14-01-1991,Female,White,Not Hispanic or Latino,22551,VA,,08-09-2025
PAT001436,27-12-1963,Male,Multiple,Not Hispanic or Latino,23220,VA,Central,15-07-2025
PAT001437,03-04-1992,Male,Asian,Not Hispanic or Latino,22401,VA,Northern,12-04-2025
PAT001438,12-03-1954,Male,White,Not Hispanic or Latino,23602,VA,Eastern,04-05-2024
PAT001439,01-02-1980,Female,Other,Not Hispanic or Latino,23606,VA,Eastern,16-09-2024
PAT001440,15-12-1973,Male,Asian,Not Hispanic or Latino,22901,VA,Western,20-07-2025
PAT001441,28-03-1983,Female,White,Hispanic or Latino,23225,VA,Central,14-01-2024
PAT001442,21-06-1935,Female,White,Unknown,23606,VA,Eastern,03-01-2023
PAT001443,03-11-1962,Male,Multiple,Not Hispanic or Latino,22911,VA,Western,12-11-2024
PAT001444,10-01-1944,Female,Black or African American,Not Hispanic or Latino,23225,VA,Central,06-07-2024
PAT001445,03-11-2001,M,Black or African American,Not Hispanic or Latino,22903,VA,Western,23-04-2023
PAT001446,12-11-2009,Female,White,Hispanic or Latino,23220,VA,Central,16-08-2023
PAT001447,15-06-1969,Male,Black or African American,Not Hispanic or Latino,22901,VA,Western,18-01-2025
PAT001448,21-03-1949,Female,Multiple,Not Hispanic or Latino,22901,VA,Western,24-02-2024
PAT001449,08-06-1973,Male,White,Not Hispanic or Latino,23803,VA,Southern,06-09-2025
PAT001450,28-10-1979,Female,Other,Not Hispanic or Latino,22405,VA,Northern,06-04-2024
PAT001451,09-06-1950,Male,Asian,Not Hispanic or Latino,23834,VA,Southern,21-07-2024
PAT001452,12-02-2006,Female,Black or African American,Not Hispanic or Latino,23223,VA,Central,15-07-2025
PAT001453,17-09-1983,Female,Asian,Not Hispanic or Latino,23220,VA,Central,20-08-2025
PAT001454,22-09-1979,Female,Asian,Not Hispanic or Latino,23831,VA,Southern,14-07-2025
PAT001455,26-06-1966,Female,Other,Not Hispanic or Latino,23803,VA,Southern,21-01-2024
PAT001456,03-02-1993,Female,White,Not Hispanic or Latino,22551,VA,Northern,02-01-2024
PAT001457,04-02-1951,Male,White,Not Hispanic or Latino,23221,VA,Central,19-07-2024
PAT001458,05-12-2004,Female,Asian,Not Hispanic or Latino,22911,VA,Western,05-11-2023
PAT001459,17-04-1962,Male,Black or African American,Not Hispanic or Latino,22401,VA,Northern,23-08-2024
PAT001460,18-11-1994,Female,Black or African American,Hispanic or Latino,23805,VA,Southern,28-08-2025
PAT001461,15-07-1985,Female,Black or African American,Not Hispanic or Latino,23803,VA,Southern,20-08-2024
PAT001462,01-02-1987,Male,Black or African American,Not Hispanic or Latino,23221,VA,Central,30-11-2025
PAT001463,14-06-1965,Male,White,Not Hispanic or Latino,23223,VA,Central,30-10-2024
PAT001464,22-10-1945,Male,Black or African American,Hispanic or Latino,22911,VA,Western,26-07-2025
PAT001465,05-10-1971,Female,White,Not Hispanic or Latino,23223,VA,Central,18-12-2023
PAT001466,08-05-1935,Female,Black or African American,Not Hispanic or Latino,22551,VA,Northern,31-01-2025
PAT001467,05-01-1971,Female,Black or African American,Not Hispanic or Latino,22554,VA,Northern,05-08-2024
PAT001468,20-03-1993,Female,Black or African American,Not Hispanic or Latino,22902,VA,Western,07-08-2024
PAT001469,27-03-2020,Female,Unknown,Not Hispanic or Latino,23601,VA,Eastern,27-11-2023
PAT001470,02-02-2000,Male,Black or African American,Not Hispanic or Latino,23223,VA,Central,17-09-2023
PAT001471,12-05-1968,Male,Multiple,Not Hispanic or Latino,23601,VA,Eastern,25-02-2024
PAT001472,02-12-1967,Female,Asian,Not Hispanic or Latino,23223,VA,Central,05-12-2024
PAT001473,15-06-1956,Female,White,Hispanic or Latino,23805,VA,Southern,28-12-2025
PAT001474,01-02-2016,Female,Other,Not Hispanic or Latino,23834,VA,Southern,19-10-2025
PAT001475,11-08-2021,Female,White,Not Hispanic or Latino,22405,VA,Northern,09-01-2023
PAT001476,11-09-2008,Male,White,Not Hispanic or Latino,23223,VA,Central,28-08-2025
PAT001477,25-05-1976,Female,Asian,Not Hispanic or Latino,22902,VA,Western,24-06-2025
PAT001478,04-12-2015,Male,Black or African American,Not Hispanic or Latino,22911,VA,Western,24-03-2023
PAT001479,18-11-2021,Male,White,Not Hispanic or Latino,23803,VA,Southern,22-09-2024
PAT001480,20-07-2025,Male,Black or African American,Not Hispanic or Latino,23221,VA,Central,11-11-2025
PAT001481,11-02-1949,Female,Asian,Not Hispanic or Latino,23220,VA,Central,04-02-2024
PAT001482,26-04-2009,Female,White,Not Hispanic or Latino,23831,VA,Southern,05-02-2024
PAT001483,18-02-1960,Male,White,Not Hispanic or Latino,23225,VA,Central,28-06-2023
PAT001484,07-07-1967,Female,White,Not Hispanic or Latino,23225,VA,Central,12-10-2024
PAT001485,22-01-1991,Female,Unknown,Not Hispanic or Latino,22903,VA,Western,25-03-2025
PAT001486,28-12-1988,Male,White,Not Hispanic or Latino,23225,VA,Central,27-01-2025
PAT001487,01-06-1984,Female,Black or African American,Not Hispanic or Latino,23223,VA,Central,07-12-2024
PAT001488,15-05-2014,Female,Black or African American,Not Hispanic or Latino,23185,VA,Eastern,17-03-2024
PAT001489,14-12-2011,Female,Black or African American,Not Hispanic or Latino,22551,VA,Northern,14-08-2024
PAT001490,14-12-1955,Female,White,Not Hispanic or Latino,23225,VA,Central,13-10-2023
PAT001491,07-03-2023,Female,Black or African American,Not Hispanic or Latino,23223,VA,Central,03-11-2025
PAT001492,03-06-2009,Male,White,Hispanic or Latino,23225,VA,Central,01-07-2023
PAT001493,21-07-1990,Male,Black or African American,Hispanic or Latino,23223,VA,Central,28-04-2025
PAT001494,15-09-1973,Male,Black or African American,Hispanic or Latino,22405,VA,Northern,13-02-2024
PAT001495,10-07-2020,Male,Black or African American,Not Hispanic or Latino,23225,VA,Central,28-03-2023
PAT001496,27-05-1977,Female,White,Not Hispanic or Latino,23223,VA,Central,08-10-2025
PAT001497,15-12-1943,Male,White,Not Hispanic or Latino,23805,VA,Southern,24-02-2023
PAT001498,05-01-1978,Female,Black or African American,Not Hispanic or Latino,23831,VA,Southern,06-09-2024
PAT001499,21-02-2010,Female,Unknown,Not Hispanic or Latino,22554,VA,Northern,04-05-2025
PAT001500,23-08-2020,Male,Multiple,Not Hispanic or Latino,22405,VA,Northern,28-02-2023
PAT001501,16-05-1957,Female,Black or African American,Not Hispanic or Latino,23803,VA,Southern,10-01-2025
PAT001502,19-08-1942,Female,Black or African American,Hispanic or Latino,23225,VA,Central,12-06-2024
PAT001503,16-11-1980,Female,American Indian or Alaska Native,Unknown,22401,VA,Northern,03-02-2025
PAT001504,19-12-1967,Female,Black or African American,Not Hispanic or Latino,22401,VA,Northern,15-06-2024
PAT001505,02-10-1955,Male,Multiple,Not Hispanic or Latino,23601,VA,Eastern,16-10-2024
PAT001506,05-12-1968,Female,White,Not Hispanic or Latino,23831,VA,Southern,01-12-2023
PAT001507,12-05-2006,Female,White,Not Hispanic or Latino,22551,VA,Northern,30-12-2024
PAT001508,10-05-1959,Female,Black or African American,Not Hispanic or Latino,23220,VA,Central,18-11-2025
PAT001509,06-11-1954,Female,Other,Not Hispanic or Latino,23220,VA,Central,09-12-2023
PAT001510,28-06-1943,Female,White,Not Hispanic or Latino,23602,VA,Eastern,08-09-2024
PAT001511,23-11-1986,Female,White,Not Hispanic or Latino,22903,VA,Western,16-07-2023
PAT001512,01-03-1996,Female,Asian,Not Hispanic or Latino,22405,VA,Northern,27-11-2025
PAT001513,25-06-1971,Male,White,Not Hispanic or Latino,23834,VA,Southern,23-04-2025
PAT001514,04-03-1970,Female,White,Not Hispanic or Latino,22902,VA,Western,13-11-2023
PAT001515,27-04-1982,female,Black or African American,Not Hispanic or Latino,22902,VA,Western,12-12-2025
PAT001516,15-07-2004,Male,White,Not Hispanic or Latino,23220,VA,Central,27-08-2023
PAT001517,16-01-1956,Male,Black or African American,Not Hispanic or Latino,23223,VA,Central,30-09-2024
PAT001518,05-06-1938,Female,White,Not Hispanic or Latino,23225,VA,Central,07-12-2025
PAT001519,06-06-1963,Male,Black or African American,Not Hispanic or Latino,23223,VA,Central,28-02-2023
PAT001520,08-02-1937,Male,Multiple,Hispanic or Latino,23805,VA,Southern,19-10-2023
PAT001521,05-05-2000,Female,Black or African American,Not Hispanic or Latino,23805,VA,Southern,24-09-2023
PAT001522,23-07-1989,Female,Multiple,Not Hispanic or Latino,23220,VA,Central,09-06-2023
PAT001523,25-08-2025,Female,White,Not Hispanic or Latino,23225,VA,Central,04-09-2025
PAT001524,02-02-1987,Other,White,Not Hispanic or Latino,23185,VA,Eastern,18-08-2025
PAT001525,02-05-1974,Male,Black or African American,Not Hispanic or Latino,23220,VA,Central,09-09-2024
PAT001526,25-01-1980,Male,White,Not Hispanic or Latino,23185,VA,Eastern,11-09-2023
PAT001527,07-10-2019,Female,Black or African American,Not Hispanic or Latino,23601,VA,Eastern,20-12-2024
PAT001528,05-02-1990,Female,White,Not Hispanic or Latino,23602,VA,Eastern,13-12-2024
PAT001529,28-03-1996,Male,Black or African American,Not Hispanic or Latino,22902,VA,Western,31-10-2025
PAT001530,04-02-1942,Male,White,Not Hispanic or Latino,23220,VA,Central,19-12-2025
PAT001531,07-12-1972,Female,White,Hispanic or Latino,23223,VA,Central,18-12-2023
PAT001532,04-12-2007,Female,White,Not Hispanic or Latino,23805,VA,Southern,29-10-2025
PAT001533,16-12-1962,Male,Black or African American,Not Hispanic or Latino,23602,VA,Eastern,15-01-2024
PAT001534,04-11-1983,Male,Black or African American,Hispanic or Latino,22405,VA,Northern,27-12-2024
PAT001535,07-07-1948,Male,White,Not Hispanic or Latino,23805,VA,Southern,14-04-2025
PAT001536,04-06-2022,Female,White,Hispanic or Latino,23834,VA,Southern,14-08-2023
PAT001537,16-03-1991,Female,White,Not Hispanic or Latino,23223,VA,Central,13-08-2024
PAT001538,11-02-2006,Unknown,Multiple,Hispanic or Latino,23834,VA,Southern,25-08-2023
PAT001539,15-05-1969,Male,White,Not Hispanic or Latino,22903,VA,Western,28-06-2025
PAT001540,14-09-1953,Female,Black or African American,Not Hispanic or Latino,23223,VA,Central,26-05-2025
PAT001541,27-02-2019,Female,Asian,Not Hispanic or Latino,22911,VA,Western,22-01-2025
PAT001542,22-01-1955,Unknown,White,Not Hispanic or Latino,23834,VA,Southern,04-08-2023
PAT001543,17-08-1995,Other,Multiple,Not Hispanic or Latino,23220,VA,Central,02-09-2023
PAT001544,13-07-1973,Female,Other,Not Hispanic or Latino,23220,VA,Central,12-12-2023
PAT001545,07-06-2005,Male,White,Not Hispanic or Latino,22554,VA,Northern,15-02-2024
PAT001546,04-07-1981,Male,White,Not Hispanic or Latino,23805,VA,Southern,19-05-2025
PAT001547,09-08-1964,Male,White,Not Hispanic or Latino,23223,VA,Central,30-03-2025
PAT001548,22-08-1949,Male,Black or African American,Not Hispanic or Latino,23834,VA,Southern,19-09-2025
PAT001549,05-05-1944,M,Black or African American,Not Hispanic or Latino,23834,VA,Southern,10-08-2023
PAT001550,16-05-2004,Male,Black or African American,Not Hispanic or Latino,23225,VA,Central,17-04-2024
PAT001551,04-01-2003,Unknown,White,Not Hispanic or Latino,23220,VA,Central,20-05-2023
PAT001552,01-11-1945,Male,Black or African American,Hispanic or Latino,23805,VA,Southern,22-02-2025
PAT001553,11-11-1941,Male,Black or African American,Not Hispanic or Latino,23221,VA,Central,12-09-2024
PAT001554,04-10-1941,Male,Black or African American,Not Hispanic or Latino,23220,VA,Central,30-11-2025
PAT001555,07-08-1992,Female,White,Not Hispanic or Latino,23223,VA,Central,16-10-2025
PAT001556,09-09-2010,Female,Asian,Hispanic or Latino,23831,VA,Southern,06-02-2023
PAT001557,04-07-2006,Female,Native Hawaiian or Other Pacific Islander,Not Hispanic or Latino,23606,VA,Eastern,10-07-2025
PAT001558,15-07-1997,Female,Black or African American,Hispanic or Latino,22551,VA,Northern,15-03-2023
PAT001559,18-03-1959,Female,White,Not Hispanic or Latino,23602,VA,Eastern,03-12-2023
PAT001560,05-07-1992,Male,Black or African American,Not Hispanic or Latino,23223,VA,Central,07-03-2025
PAT001561,19-02-1968,Female,Black or African American,Not Hispanic or Latino,22551,VA,Northern,20-08-2025
PAT001562,28-09-1992,Female,White,Not Hispanic or Latino,23221,VA,Central,03-11-2025
PAT001563,09-07-1990,Male,Other,Not Hispanic or Latino,23225,VA,Central,12-02-2025
PAT001564,11-05-1996,Female,White,Not Hispanic or Latino,23220,VA,Central,27-02-2023
PAT001565,05-01-1966,Male,White,Not Hispanic or Latino,23831,VA,Southern,15-12-2024
PAT001566,19-12-1963,Female,Other,Not Hispanic or Latino,22401,VA,Northern,29-11-2024
PAT001567,14-02-1969,Female,Multiple,Not Hispanic or Latino,22554,VA,Northern,01-01-2025
PAT001568,02-06-1984,Female,White,Not Hispanic or Latino,22405,VA,Northern,22-05-2024
PAT001569,10-11-2000,Female,White,Not Hispanic or Latino,22901,VA,Western,15-05-2023
PAT001570,04-05-1977,Female,White,Not Hispanic or Latino,23602,VA,Eastern,14-12-2023
PAT001571,11-09-1975,Male,Other,Not Hispanic or Latino,22901,VA,Western,01-08-2025
PAT001572,19-07-1980,Male,Black or African American,Not Hispanic or Latino,23225,VA,Central,30-06-2024
PAT001573,16-12-1975,Male,White,Not Hispanic or Latino,23185,VA,Eastern,10-10-2024
PAT001574,13-10-1995,Female,Black or African American,Not Hispanic or Latino,22903,VA,Western,20-07-2023
PAT001575,04-08-1963,Other,White,Not Hispanic or Latino,23221,VA,Central,19-11-2024
PAT001576,26-09-1992,Female,White,Not Hispanic or Latino,23831,VA,Southern,08-12-2023
PAT001577,12-05-1981,Male,Asian,Not Hispanic or Latino,23225,VA,,18-02-2024
PAT001578,28-11-1968,Female,White,Not Hispanic or Latino,22401,VA,Northern,14-03-2024
PAT001579,02-05-1986,Male,Black or African American,Not Hispanic or Latino,23223,VA,Central,03-04-2025
PAT001580,24-10-2000,Female,White,Not Hispanic or Latino,23803,VA,Southern,14-07-2023
PAT001581,03-05-1997,Female,White,Not Hispanic or Latino,22551,VA,Northern,24-05-2025
PAT001582,26-06-1954,Male,Black or African American,Not Hispanic or Latino,22401,VA,Northern,10-09-2024
PAT001583,14-05-1982,Female,Other,Hispanic or Latino,23223,VA,Central,14-02-2024
PAT001584,09-07-1947,Male,Unknown,Not Hispanic or Latino,23834,VA,Southern,05-01-2024
PAT001585,23-11-2007,Male,Black or African American,Not Hispanic or Latino,22902,VA,Western,19-10-2025
PAT001586,27-11-2001,Male,White,Not Hispanic or Latino,23225,VA,Central,02-07-2024
PAT001587,28-10-2008,Male,White,Unknown,22551,VA,Northern,03-05-2023
PAT001588,12-04-1991,Male,White,Hispanic or Latino,23225,VA,Central,30-10-2023
PAT001589,24-03-1972,Male,White,Not Hispanic or Latino,23602,VA,Eastern,10-06-2025
PAT001590,28-06-1969,Female,Black or African American,Not Hispanic or Latino,23220,VA,Central,21-02-2024
PAT001591,27-05-1947,Male,White,Not Hispanic or Latino,22554,VA,Northern,25-11-2023
PAT001592,20-11-1952,Male,Native Hawaiian or Other Pacific Islander,Not Hispanic or Latino,22902,VA,Western,11-04-2025
PAT001593,05-02-1953,Female,Black or African American,Not Hispanic or Latino,23221,VA,Central,26-02-2023
PAT001594,15-05-1972,Female,Black or African American,Not Hispanic or Latino,23606,VA,Eastern,12-06-2025
PAT001595,02-11-2012,Male,White,Not Hispanic or Latino,23805,VA,Southern,23-11-2023
PAT001596,01-03-1952,Female,White,Hispanic or Latino,23223,VA,Central,22-07-2024
PAT001597,06-09-1980,Male,White,Not Hispanic or Latino,23220,VA,Central,22-09-2025
PAT001598,02-01-1935,Male,White,Hispanic or Latino,23220,VA,Central,04-10-2024
PAT001599,28-05-1966,Female,White,Not Hispanic or Latino,22401,VA,Northern,13-04-2025
PAT001600,22-06-1961,Male,White,Not Hispanic or Latino,23185,VA,Eastern,23-03-2025
PAT001601,27-12-1962,Male,White,Unknown,23221,VA,Central,28-04-2024
PAT001602,24-10-2004,Male,White,Not Hispanic or Latino,22401,VA,Northern,04-12-2025
PAT001603,25-10-1980,Female,White,Not Hispanic or Latino,23831,VA,Southern,13-10-2025
PAT001604,08-02-1961,Male,Asian,Hispanic or Latino,23185,VA,Eastern,03-10-2024
PAT001605,24-10-1985,Male,Multiple,Not Hispanic or Latino,23225,VA,Central,28-04-2024
PAT001606,05-04-2012,Male,Black or African American,Not Hispanic or Latino,23220,VA,Central,25-12-2023
PAT001607,15-05-2019,Female,Asian,Not Hispanic or Latino,23225,VA,Central,04-06-2024
PAT001608,16-01-1942,Female,Multiple,Not Hispanic or Latino,22554,VA,Northern,20-08-2023
PAT001609,14-09-1970,Male,Black or African American,Not Hispanic or Latino,23606,VA,Eastern,19-05-2024
PAT001610,12-03-1952,Female,White,Hispanic or Latino,22551,VA,Northern,23-01-2025
PAT001611,01-05-1977,Male,White,Not Hispanic or Latino,23185,VA,Eastern,22-04-2023
PAT001612,08-11-1938,Female,Asian,Not Hispanic or Latino,22903,VA,Western,26-02-2025
PAT001613,23-11-1971,Female,Other,Not Hispanic or Latino,22554,VA,Northern,07-09-2023
PAT001614,28-04-2008,Male,White,Hispanic or Latino,23225,VA,Central,06-03-2025
PAT001615,09-07-2007,Female,Black or African American,Not Hispanic or Latino,23831,VA,Southern,04-07-2023
PAT001616,10-04-1961,Female,Multiple,Hispanic or Latino,23221,VA,Central,25-11-2023
PAT001617,21-08-1976,Male,Black or African American,Not Hispanic or Latino,23223,VA,Central,12-04-2025
PAT001618,28-05-2024,Male,Black or African American,Not Hispanic or Latino,23220,VA,Central,13-10-2025
PAT001619,14-12-2010,Male,White,Not Hispanic or Latino,23223,VA,Central,15-05-2025
PAT001620,27-02-1961,Female,White,Not Hispanic or Latino,22902,VA,Western,18-06-2024
PAT001621,12-02-1944,Female,Asian,Not Hispanic or Latino,23225,VA,Central,31-10-2024
PAT001622,01-12-1946,Male,Black or African American,Unknown,23185,VA,Eastern,12-01-2024
PAT001623,05-11-1993,Male,Black or African American,Not Hispanic or Latino,23803,VA,Southern,31-03-2025
PAT001624,10-11-1954,Female,White,Hispanic or Latino,22554,VA,Northern,18-06-2023
PAT001625,08-03-1974,Female,Black or African American,Not Hispanic or Latino,23221,VA,Central,20-04-2025
PAT001626,16-08-1997,Female,White,Not Hispanic or Latino,23221,VA,Central,17-06-2024
PAT001627,19-11-1973,Male,Asian,Not Hispanic or Latino,23831,VA,Southern,31-07-2024
PAT001628,14-02-1972,Male,White,Not Hispanic or Latino,23602,VA,Eastern,08-01-2024
PAT001629,27-07-1948,Female,White,Hispanic or Latino,23805,VA,Southern,12-02-2023
PAT001630,21-09-2007,Male,Asian,Not Hispanic or Latino,23221,VA,Central,02-07-2023
PAT001631,09-04-1946,Female,White,Not Hispanic or Latino,22902,VA,Western,12-04-2023
PAT001632,14-10-1984,Male,White,Not Hispanic or Latino,23223,VA,Central,02-11-2023
PAT001633,06-06-1958,Female,Asian,Not Hispanic or Latino,22901,VA,Western,29-01-2023
PAT001634,25-07-1991,Male,Black or African American,Not Hispanic or Latino,22551,VA,Northern,09-10-2025
PAT001635,23-04-1974,Female,White,Not Hispanic or Latino,23221,VA,Central,26-01-2024
PAT001636,10-05-1962,Male,Native Hawaiian or Other Pacific Islander,Hispanic or Latino,23834,VA,Southern,21-02-2025
PAT001637,28-07-2021,Male,White,Not Hispanic or Latino,23221,VA,Central,17-03-2024
PAT001638,22-12-1998,Female,Black or African American,Hispanic or Latino,23601,VA,Eastern,06-05-2025
PAT001639,26-07-2020,Female,White,Not Hispanic or Latino,23221,VA,Central,28-02-2023
PAT001640,08-05-1951,Male,White,Not Hispanic or Latino,22911,VA,Western,23-05-2024
PAT001641,22-10-1970,Female,Multiple,Not Hispanic or Latino,23606,VA,Eastern,25-06-2023
PAT001642,05-08-2007,Female,White,Not Hispanic or Latino,23831,VA,Southern,25-03-2025
PAT001643,23-04-1965,Female,Black or African American,Not Hispanic or Latino,23225,VA,Central,16-05-2025
PAT001644,04-02-1999,Female,Other,Hispanic or Latino,23220,VA,Central,17-04-2023
PAT001645,16-04-2015,Male,Multiple,Not Hispanic or Latino,23831,VA,Southern,04-04-2023
PAT001646,17-05-1990,Female,White,Not Hispanic or Latino,22551,VA,Northern,11-09-2024
PAT001647,12-11-2013,Male,White,Hispanic or Latino,23221,VA,Central,26-03-2023
PAT001648,09-03-1966,Male,Other,Hispanic or Latino,23601,VA,Eastern,28-10-2025
PAT001649,15-06-1945,Female,American Indian or Alaska Native,Not Hispanic or Latino,23221,VA,Central,03-07-2023
PAT001650,17-12-1985,Male,White,Not Hispanic or Latino,23834,VA,Southern,18-10-2023
PAT001651,11-02-1971,Female,Black or African American,Not Hispanic or Latino,23185,VA,Eastern,19-09-2023
PAT001652,24-05-2010,Male,Other,Not Hispanic or Latino,22903,VA,Western,30-05-2025
PAT001653,20-05-1986,Female,White,Not Hispanic or Latino,22554,VA,Northern,24-11-2025
PAT001654,06-07-1985,Male,White,Not Hispanic or Latino,22554,VA,Northern,03-10-2025
PAT001655,18-03-1963,Female,White,Not Hispanic or Latino,23834,VA,Southern,19-04-2023
PAT001656,02-03-1987,Male,Black or African American,Not Hispanic or Latino,23221,VA,Central,11-01-2024
PAT001657,09-08-1990,Male,Black or African American,Not Hispanic or Latino,23221,VA,Central,14-08-2025
PAT001658,16-02-1994,Female,Black or African American,Not Hispanic or Latino,23185,VA,Eastern,23-06-2025
PAT001659,18-12-2014,Female,Black or African American,Not Hispanic or Latino,23606,VA,Eastern,26-07-2025
PAT001660,28-02-1945,Female,White,Not Hispanic or Latino,22902,VA,Western,11-09-2023
PAT001661,07-02-1996,Male,White,Unknown,23831,VA,Southern,05-01-2024
PAT001662,17-12-2002,Male,White,Not Hispanic or Latino,22554,VA,Northern,10-03-2024
PAT001663,17-01-1942,Female,Asian,Not Hispanic or Latino,23221,VA,Central,02-05-2025
PAT001664,08-02-1976,Male,White,Not Hispanic or Latino,22551,VA,Northern,13-07-2023
PAT001665,10-01-2015,Male,White,Unknown,23220,VA,Central,18-03-2025
PAT001666,04-10-1996,Female,White,Not Hispanic or Latino,23223,VA,Central,11-11-2023
PAT001667,15-02-2007,Male,White,Not Hispanic or Latino,23225,VA,Central,18-07-2025
PAT001668,20-05-1965,Female,Black or African American,Not Hispanic or Latino,23220,VA,Central,05-11-2024
PAT001669,20-11-1975,Female,Black or African American,Hispanic or Latino,22911,VA,Western,27-10-2024
PAT001670,28-04-2021,Male,White,Hispanic or Latino,22401,VA,Northern,02-08-2024
PAT001671,24-01-1970,Female,Native Hawaiian or Other Pacific Islander,Not Hispanic or Latino,23803,VA,Southern,20-02-2025
PAT001672,09-07-2023,Female,White,Not Hispanic or Latino,23221,VA,Central,10-03-2024
PAT001673,03-07-1978,Female,Multiple,Not Hispanic or Latino,22901,VA,Western,02-03-2024
PAT001674,25-07-1973,Female,Black or African American,Hispanic or Latino,23606,VA,Eastern,06-08-2024
PAT001675,05-11-1965,Other,Black or African American,Not Hispanic or Latino,23185,VA,Eastern,03-09-2024
PAT001676,24-07-1992,Male,White,Not Hispanic or Latino,23223,VA,Central,26-09-2023
PAT001677,04-11-1949,Female,Unknown,Not Hispanic or Latino,23831,VA,Southern,15-11-2025
PAT001678,15-08-1954,Female,Multiple,Not Hispanic or Latino,22551,VA,Northern,02-09-2025
PAT001679,20-10-1986,Female,Black or African American,Not Hispanic or Latino,23225,VA,Central,04-07-2023
PAT001680,26-07-1936,Female,White,Not Hispanic or Latino,23602,VA,Eastern,17-01-2024
PAT001681,14-11-1947,Female,White,Not Hispanic or Latino,22401,VA,Northern,24-03-2023
PAT001682,15-06-1944,Male,Other,Not Hispanic or Latino,22902,VA,Western,14-11-2023
PAT001683,21-09-2010,Female,Other,Not Hispanic or Latino,23220,VA,Central,18-08-2024
PAT001684,03-07-2011,Female,White,Hispanic or Latino,23225,VA,Central,07-09-2024
PAT001685,22-03-1988,Female,White,Not Hispanic or Latino,22554,VA,Northern,24-05-2024
PAT001686,10-07-1967,Male,White,Not Hispanic or Latino,22901,VA,Western,06-06-2023
PAT001687,04-09-1959,Female,White,Not Hispanic or Latino,22551,VA,Northern,25-04-2025
PAT001688,22-08-1974,Male,Black or African American,Not Hispanic or Latino,23223,VA,Central,28-12-2024
PAT001689,03-10-1971,Male,White,Hispanic or Latino,22401,VA,Northern,22-08-2023
PAT001690,26-03-2011,Female,White,Not Hispanic or Latino,23221,VA,Central,15-03-2025
PAT001691,14-02-1975,Female,Black or African American,Not Hispanic or Latino,22903,VA,Western,04-10-2024
PAT001692,15-12-1942,Female,White,Not Hispanic or Latino,22551,VA,Northern,26-06-2024
PAT001693,07-03-1970,Female,Black or African American,Not Hispanic or Latino,23221,VA,Central,10-06-2023
PAT001694,04-11-2017,Male,Multiple,Not Hispanic or Latino,23834,VA,Southern,30-12-2025
PAT001695,13-01-1975,Female,Other,Not Hispanic or Latino,23803,VA,Southern,28-01-2023
PAT001696,16-11-1973,Male,Black or African American,Not Hispanic or Latino,23225,VA,Central,09-04-2025
PAT001697,20-12-1939,Female,Unknown,Not Hispanic or Latino,22551,VA,Northern,12-09-2024
PAT001698,12-10-1981,Male,White,Not Hispanic or Latino,23225,VA,Central,11-09-2024
PAT001699,05-03-2005,Male,Black or African American,Hispanic or Latino,23803,VA,Southern,26-01-2024
PAT001700,23-01-1974,Male,Other,Not Hispanic or Latino,23601,VA,Eastern,24-02-2023
PAT001701,21-08-2001,Female,Asian,Not Hispanic or Latino,23221,VA,Central,10-05-2024
PAT001702,28-11-1984,Female,White,Not Hispanic or Latino,23221,VA,Central,26-06-2023
PAT001703,05-08-1951,Male,White,Not Hispanic or Latino,23225,VA,Central,14-05-2025
PAT001704,06-02-2025,Male,Black or African American,Not Hispanic or Latino,23601,VA,Eastern,21-09-2025
PAT001705,01-08-1983,Male,Black or African American,Not Hispanic or Latino,23225,VA,Central,11-05-2024
PAT001706,19-05-2019,Male,Asian,Not Hispanic or Latino,23606,VA,Eastern,15-04-2023
PAT001707,04-01-1997,Male,White,Not Hispanic or Latino,23225,VA,Central,01-05-2025
PAT001708,19-12-2010,Male,White,Not Hispanic or Latino,22903,VA,,17-03-2023
PAT001709,16-07-1983,Female,White,Not Hispanic or Latino,23225,VA,Central,19-04-2024
PAT001710,17-01-1979,Male,White,Not Hispanic or Latino,22401,VA,Northern,14-05-2025
PAT001711,03-09-1997,Male,Black or African American,Not Hispanic or Latino,23223,VA,Central,04-05-2025
PAT001712,16-02-1992,Female,White,Not Hispanic or Latino,23831,VA,Southern,07-07-2025
PAT001713,06-01-2012,Male,Black or African American,Not Hispanic or Latino,23223,VA,Central,29-01-2024
PAT001714,15-06-1968,Male,White,Not Hispanic or Latino,23805,VA,Southern,05-11-2025
PAT001715,22-10-2000,Female,Black or African American,Not Hispanic or Latino,22554,VA,Northern,17-08-2025
PAT001716,24-05-1988,Female,Asian,Not Hispanic or Latino,23225,VA,Central,03-05-2025
PAT001717,21-11-1962,Male,Asian,Not Hispanic or Latino,23223,VA,Central,25-08-2025
PAT001718,07-10-2002,Female,Asian,Not Hispanic or Latino,23223,VA,Central,26-06-2023
PAT001719,05-08-1980,Male,White,Not Hispanic or Latino,23221,VA,Central,13-02-2024
PAT001720,16-10-1988,Unknown,Black or African American,Hispanic or Latino,22401,VA,Northern,01-05-2025
PAT001721,08-05-1983,Male,Multiple,Not Hispanic or Latino,22902,VA,Western,07-04-2023
PAT001722,09-06-1990,Female,White,Not Hispanic or Latino,23223,VA,Central,21-11-2023
PAT001723,02-09-1955,Female,Asian,Not Hispanic or Latino,23185,VA,Eastern,22-11-2024
PAT001724,20-02-1994,Male,Black or African American,Not Hispanic or Latino,23805,VA,Southern,05-09-2023
PAT001725,09-08-2000,Male,Multiple,Not Hispanic or Latino,23223,VA,Central,28-12-2024
PAT001726,25-01-1963,Female,White,Not Hispanic or Latino,22903,VA,Western,06-11-2023
PAT001727,20-09-1938,Female,Black or African American,Not Hispanic or Latino,23220,VA,Central,14-04-2023
PAT001728,27-08-2011,Male,White,Not Hispanic or Latino,22401,VA,Northern,05-08-2023
PAT001729,02-09-2022,Female,White,Not Hispanic or Latino,22401,VA,Northern,09-12-2023
PAT001730,12-04-2022,Female,Black or African American,Not Hispanic or Latino,23221,VA,Central,21-08-2024
PAT001731,16-09-1993,Male,White,Not Hispanic or Latino,22901,VA,Western,12-11-2023
PAT001732,11-06-1965,Male,White,Not Hispanic or Latino,23221,VA,Central,09-09-2023
PAT001733,14-08-2019,Female,White,Not Hispanic or Latino,23220,VA,Central,17-05-2024
PAT001734,11-08-1935,Female,Black or African American,Hispanic or Latino,22903,VA,Western,31-10-2025
PAT001735,09-02-1955,Female,Black or African American,Not Hispanic or Latino,23223,VA,Central,29-04-2025
PAT001736,22-11-1970,Female,White,Hispanic or Latino,22405,VA,Northern,07-11-2023
PAT001737,14-09-1963,Male,White,Not Hispanic or Latino,23601,VA,Eastern,10-10-2023
PAT001738,14-07-2012,Female,White,Not Hispanic or Latino,22911,VA,Western,23-11-2025
PAT001739,15-01-2014,Male,Asian,Not Hispanic or Latino,23221,VA,Central,21-01-2023
PAT001740,03-09-1938,Other,Black or African American,Not Hispanic or Latino,22401,VA,Northern,23-11-2024
PAT001741,25-07-2015,Female,Asian,Not Hispanic or Latino,23221,VA,Central,07-06-2025
PAT001742,25-07-1990,Male,White,Not Hispanic or Latino,23220,VA,Central,06-11-2023
PAT001743,02-10-1961,Female,Other,Not Hispanic or Latino,23602,VA,Eastern,08-05-2025
PAT001744,23-11-1984,Male,White,Not Hispanic or Latino,23831,VA,Southern,04-10-2024
PAT001745,01-06-1961,Male,White,Not Hispanic or Latino,23831,VA,Southern,16-12-2025
PAT001746,23-03-1966,Female,White,Not Hispanic or Latino,23606,VA,Eastern,02-07-2025
PAT001747,18-04-1965,Male,Black or African American,Not Hispanic or Latino,23834,VA,Southern,08-12-2024
PAT001748,13-11-1935,Female,Black or African American,Not Hispanic or Latino,23805,VA,Southern,09-09-2024
PAT001749,18-01-1974,Female,Black or African American,Hispanic or Latino,22903,VA,Western,09-03-2025
PAT001750,24-12-1964,Male,Black or African American,Hispanic or Latino,23221,VA,Central,01-12-2025
PAT001751,03-04-1998,Female,American Indian or Alaska Native,Not Hispanic or Latino,22554,VA,Northern,03-12-2025
PAT001752,06-11-1985,Male,White,Not Hispanic or Latino,22901,VA,Western,27-02-2023
PAT001753,19-09-1976,Female,Multiple,Hispanic or Latino,23602,VA,Eastern,09-05-2024
PAT001754,24-05-1962,Female,White,Not Hispanic or Latino,23606,VA,Eastern,31-10-2025
PAT001755,02-12-2022,Female,White,Not Hispanic or Latino,22554,VA,Northern,15-06-2024
PAT001756,12-09-1940,Male,White,Hispanic or Latino,23220,VA,Central,08-04-2023
PAT001757,10-08-2004,Female,White,Not Hispanic or Latino,22401,VA,Northern,17-07-2025
PAT001758,26-04-1985,Female,Black or African American,Unknown,23221,VA,Central,18-12-2024
PAT001759,22-05-1986,Male,White,Not Hispanic or Latino,22405,VA,Northern,12-02-2025
PAT001760,08-12-1982,Male,Unknown,Not Hispanic or Latino,23220,VA,Central,02-11-2024
PAT001761,07-10-2009,Female,Unknown,Not Hispanic or Latino,22554,VA,Northern,19-07-2025
PAT001762,23-03-1957,Female,White,Not Hispanic or Latino,22911,VA,Western,23-04-2025
PAT001763,02-02-1958,Female,Black or African American,Not Hispanic or Latino,23606,VA,Eastern,24-09-2023
PAT001764,15-04-1992,Female,White,Not Hispanic or Latino,23220,VA,Central,26-01-2025
PAT001765,13-09-1980,Male,Black or African American,Not Hispanic or Latino,23834,VA,Southern,24-06-2024
PAT001766,21-08-1981,Male,Other,Not Hispanic or Latino,23606,VA,Eastern,20-06-2025
PAT001767,24-08-1964,Female,White,Not Hispanic or Latino,23834,VA,Southern,30-11-2023
PAT001768,05-09-1956,Female,White,Not Hispanic or Latino,23225,VA,Central,26-07-2025
PAT001769,17-12-2021,Female,Native Hawaiian or Other Pacific Islander,Hispanic or Latino,22401,VA,Northern,11-03-2024
PAT001770,02-08-1946,Female,Black or African American,Not Hispanic or Latino,22405,VA,Northern,26-01-2025
PAT001771,28-10-2022,Male,White,Not Hispanic or Latino,22911,VA,,14-08-2023
PAT001772,19-06-1974,Male,White,Not Hispanic or Latino,23831,VA,Southern,24-03-2023
PAT001773,04-03-1944,Male,White,Not Hispanic or Latino,23831,VA,Southern,16-09-2024
PAT001774,10-05-1985,Female,Black or African American,Not Hispanic or Latino,22551,VA,Northern,27-02-2023
PAT001775,05-03-1978,Female,Other,Not Hispanic or Latino,23834,VA,Southern,10-04-2023
PAT001776,10-05-1961,Female,Other,Not Hispanic or Latino,22405,VA,Northern,10-01-2024
PAT001777,16-12-1962,Female,White,Not Hispanic or Latino,23185,VA,Eastern,08-09-2023
PAT001778,03-06-1982,Female,White,Not Hispanic or Latino,22401,VA,Northern,05-05-2025
PAT001779,10-10-1968,Male,White,Not Hispanic or Latino,22551,VA,Northern,22-11-2024
PAT001780,16-07-1978,Male,Asian,Not Hispanic or Latino,23221,VA,Central,11-10-2023
PAT001781,15-11-1967,Female,Black or African American,Not Hispanic or Latino,23834,VA,Southern,08-07-2025
PAT001782,11-12-2003,Male,White,Not Hispanic or Latino,23220,VA,Central,18-04-2025
PAT001783,13-04-1948,Male,White,Not Hispanic or Latino,23223,VA,Central,04-04-2023
PAT001784,24-08-1980,Male,White,Not Hispanic or Latino,22554,VA,Northern,01-07-2023
PAT001785,01-12-2020,Female,Black or African American,Not Hispanic or Latino,22554,VA,Northern,11-09-2023
PAT001786,03-09-1965,Female,White,Hispanic or Latino,23221,VA,Central,19-04-2023
PAT001787,25-04-2009,Male,Black or African American,Not Hispanic or Latino,22911,VA,Western,26-10-2025
PAT001788,22-02-2007,Male,Unknown,Not Hispanic or Latino,22405,VA,Northern,08-02-2023
PAT001789,08-04-1986,Female,White,Not Hispanic or Latino,23606,VA,Eastern,23-06-2023
PAT001790,20-09-1978,Male,Black or African American,Not Hispanic or Latino,22903,VA,Western,02-04-2025
PAT001791,28-08-2024,Female,Black or African American,Not Hispanic or Latino,23220,VA,Central,18-02-2025
PAT001792,14-03-1969,Female,White,Not Hispanic or Latino,23803,VA,Southern,17-12-2025
PAT001793,09-07-1970,Male,Black or African American,Not Hispanic or Latino,23220,VA,Central,23-08-2023
PAT001794,06-09-1989,Male,Asian,Not Hispanic or Latino,22554,VA,Northern,22-10-2023
PAT001795,25-05-1988,Male,Asian,Not Hispanic or Latino,22401,VA,Northern,12-11-2023
PAT001796,22-07-1986,Male,White,Not Hispanic or Latino,23221,VA,Central,01-05-2023
PAT001797,06-06-1966,Male,White,Not Hispanic or Latino,23220,VA,Central,30-04-2023
PAT001798,04-07-1971,Male,White,Not Hispanic or Latino,23223,VA,Central,19-10-2023
PAT001799,09-06-1947,Female,White,Not Hispanic or Latino,22551,VA,Northern,05-09-2023
PAT001800,08-04-2006,Male,Black or African American,Not Hispanic or Latino,22405,VA,Northern,06-10-2025
PAT001801,13-09-1967,Female,White,Not Hispanic or Latino,23185,VA,Eastern,05-07-2024
PAT001802,15-06-2006,Other,White,Not Hispanic or Latino,23606,VA,Eastern,15-05-2023
PAT001803,14-01-1983,Male,White,Not Hispanic or Latino,23601,VA,Eastern,08-02-2023
PAT001804,19-09-1986,Female,White,Not Hispanic or Latino,23803,VA,Southern,19-05-2024
PAT001805,21-09-1963,Male,White,Not Hispanic or Latino,22902,VA,Western,15-09-2024
PAT001806,15-07-1966,Male,Unknown,Not Hispanic or Latino,22401,VA,Northern,21-10-2025
PAT001807,12-03-1954,Female,Other,Not Hispanic or Latino,23805,VA,Southern,17-05-2024
PAT001808,18-07-1967,Male,Black or African American,Not Hispanic or Latino,22911,VA,Western,27-03-2023
PAT001809,27-08-1990,Female,White,Not Hispanic or Latino,23831,VA,Southern,09-12-2023
PAT001810,16-01-2025,Female,White,Hispanic or Latino,23602,VA,Eastern,18-11-2025
PAT001811,07-02-2030,Male,White,Not Hispanic or Latino,23602,VA,Eastern,11-03-2024
PAT001812,10-09-1981,Female,White,Not Hispanic or Latino,23220,VA,Central,27-11-2023
PAT001813,19-09-1964,Female,Multiple,Not Hispanic or Latino,22401,VA,Northern,07-09-2024
PAT001814,23-07-1974,Female,White,Not Hispanic or Latino,23803,VA,Southern,14-10-2023
PAT001815,09-09-1979,Other,White,Hispanic or Latino,22911,VA,Western,07-03-2024
PAT001816,26-09-1941,Male,Multiple,Not Hispanic or Latino,22554,VA,Northern,02-12-2024
PAT001817,25-05-1940,Female,White,Not Hispanic or Latino,23834,VA,Southern,13-07-2024
PAT001818,11-11-2018,Female,Black or African American,Not Hispanic or Latino,23831,VA,Southern,07-03-2024
PAT001819,11-10-1946,Male,White,Not Hispanic or Latino,23803,VA,Southern,01-10-2023
PAT001820,20-01-1940,Male,White,Not Hispanic or Latino,23834,VA,Southern,09-01-2023
PAT001821,06-11-2007,Female,White,Not Hispanic or Latino,22551,VA,Northern,28-09-2025
PAT001822,18-07-1963,Male,Black or African American,Not Hispanic or Latino,23220,VA,Central,08-06-2023
PAT001823,27-01-1982,Female,White,Hispanic or Latino,23606,VA,Eastern,10-09-2023
PAT001824,27-07-1949,Male,Black or African American,Not Hispanic or Latino,23831,VA,Southern,03-03-2025
PAT001825,01-12-1955,Male,Asian,Not Hispanic or Latino,23803,VA,Southern,05-08-2025
PAT001826,15-04-1970,Female,White,Hispanic or Latino,23220,VA,Central,29-03-2024
PAT001827,25-01-1937,Female,Black or African American,Hispanic or Latino,22903,VA,Western,02-01-2025
PAT001828,27-02-1954,Female,White,Hispanic or Latino,23831,VA,Southern,28-03-2024
PAT001829,12-08-1972,Male,Black or African American,Not Hispanic or Latino,23185,VA,Eastern,28-07-2024
PAT001830,23-12-1983,Male,Black or African American,Not Hispanic or Latino,23221,VA,Central,15-01-2023
PAT001831,13-11-1954,Male,White,Hispanic or Latino,23220,VA,Central,22-07-2024
PAT001832,06-08-1991,Male,Black or African American,Hispanic or Latino,23805,VA,Southern,26-12-2023
PAT001833,05-10-2023,Male,White,Not Hispanic or Latino,23803,VA,Southern,12-02-2024
PAT001834,28-10-1971,Male,Asian,Hispanic or Latino,23221,VA,Central,07-12-2025
PAT001835,07-05-1964,Male,Unknown,Hispanic or Latino,22901,VA,Western,27-12-2025
PAT001836,22-05-1966,Female,White,Not Hispanic or Latino,22911,VA,Western,05-01-2023
PAT001837,22-11-1994,Female,Unknown,Not Hispanic or Latino,23803,VA,Southern,23-10-2024
PAT001838,09-07-1969,Male,White,Not Hispanic or Latino,22401,VA,Northern,27-11-2025
PAT001839,12-08-1968,Male,Unknown,Hispanic or Latino,23803,VA,Southern,04-04-2024
PAT001840,14-05-1990,Male,White,Not Hispanic or Latino,22911,VA,Western,09-10-2024
PAT001841,07-07-2007,Male,White,Hispanic or Latino,23831,VA,Southern,17-06-2023
PAT001842,24-01-1942,Male,Unknown,Hispanic or Latino,23805,VA,Southern,17-05-2025
PAT001843,07-04-1989,Male,White,Not Hispanic or Latino,23805,VA,Southern,05-11-2024
PAT001844,21-02-1971,Male,Asian,Not Hispanic or Latino,23803,VA,Southern,27-02-2023
PAT001845,26-07-2010,Male,White,Not Hispanic or Latino,23803,VA,Southern,15-11-2024
PAT001846,08-05-1977,Male,White,Not Hispanic or Latino,23803,VA,Southern,27-08-2025
PAT001847,27-06-2018,Male,Asian,Hispanic or Latino,23220,VA,Central,14-11-2024
PAT001848,03-04-2009,Male,Black or African American,Not Hispanic or Latino,23225,VA,Central,15-07-2023
PAT001849,19-08-1965,Male,Asian,Not Hispanic or Latino,23803,VA,Southern,25-06-2023
PAT001850,13-01-2006,Male,White,Not Hispanic or Latino,23223,VA,,14-05-2023
PAT001851,02-03-1935,Other,Black or African American,Not Hispanic or Latino,23225,VA,Central,23-04-2023
PAT001852,21-10-2016,Male,Black or African American,Hispanic or Latino,22911,VA,Western,15-05-2023
PAT001853,02-11-2022,Male,Asian,Not Hispanic or Latino,23220,VA,Central,26-08-2024
PAT001854,13-07-1962,Male,White,Not Hispanic or Latino,22401,VA,Northern,21-04-2025
PAT001855,26-10-1953,Female,White,Not Hispanic or Latino,22401,VA,Northern,17-07-2025
PAT001856,26-08-1948,Male,White,Not Hispanic or Latino,22911,VA,Western,27-07-2023
PAT001857,22-11-2015,Male,White,Hispanic or Latino,23803,VA,Southern,18-07-2025
PAT001858,19-06-1967,Female,White,Hispanic or Latino,23221,VA,Central,10-08-2023
PAT001859,20-01-2004,Female,White,Hispanic or Latino,22401,VA,Northern,01-02-2024
PAT001860,05-10-1976,Male,Asian,Hispanic or Latino,23831,VA,Southern,28-12-2024
PAT001861,24-08-1994,Male,Other,Not Hispanic or Latino,23834,VA,Southern,16-01-2024
PAT001862,26-03-2000,Female,Asian,Not Hispanic or Latino,23185,VA,Eastern,04-05-2023
PAT001863,19-05-1973,Male,Black or African American,Not Hispanic or Latino,23225,VA,Central,16-11-2025
PAT001864,10-06-1980,Female,White,Not Hispanic or Latino,22902,VA,Western,29-10-2023
PAT001865,20-05-2010,Male,Black or African American,Not Hispanic or Latino,23831,VA,Southern,19-08-2024
PAT001866,17-01-2014,Male,White,Not Hispanic or Latino,22405,VA,Northern,28-04-2023
PAT001867,27-09-2000,Male,White,Not Hispanic or Latino,23220,VA,Central,14-05-2025
PAT001868,07-04-1985,Male,Asian,Not Hispanic or Latino,22405,VA,Northern,21-05-2023
PAT001869,22-04-1997,Female,Black or African American,Not Hispanic or Latino,22911,VA,Western,15-08-2025
PAT001870,19-10-2015,Male,White,Not Hispanic or Latino,22554,VA,Northern,05-09-2024
PAT001871,06-06-1969,Male,White,Not Hispanic or Latino,23185,VA,Eastern,19-07-2025
PAT001872,08-08-2024,Male,White,Not Hispanic or Latino,22401,VA,Northern,01-07-2025
PAT001873,08-12-1987,Male,Unknown,Not Hispanic or Latino,23834,VA,Southern,12-03-2024
PAT001874,24-08-2000,Male,Multiple,Not Hispanic or Latino,23223,VA,Central,08-02-2025
PAT001875,06-07-1987,Female,White,Not Hispanic or Latino,23185,VA,Eastern,13-01-2025
PAT001876,12-02-1990,Male,Unknown,Not Hispanic or Latino,23185,VA,Eastern,24-08-2023
PAT001877,15-05-1973,Male,Multiple,Not Hispanic or Latino,23601,VA,Eastern,07-01-2025
PAT001878,07-01-1959,Female,Asian,Not Hispanic or Latino,23221,VA,Central,04-08-2024
PAT001879,09-04-1973,Male,Black or African American,Not Hispanic or Latino,22405,VA,Northern,26-11-2024
PAT001880,06-04-1943,Other,White,Not Hispanic or Latino,22405,VA,Northern,14-02-2023
PAT001881,04-05-1955,Male,Black or African American,Not Hispanic or Latino,22401,VA,Northern,09-10-2023
PAT001882,26-11-1948,Female,Other,Not Hispanic or Latino,22401,VA,Northern,24-11-2024
PAT001883,15-05-1954,Male,Black or African American,Hispanic or Latino,23221,VA,Central,27-01-2025
PAT001884,22-06-1978,Female,White,Not Hispanic or Latino,22405,VA,Northern,15-12-2025
PAT001885,14-10-1963,Female,White,Not Hispanic or Latino,23220,VA,Central,31-08-2023
PAT001886,26-03-1988,Female,White,Not Hispanic or Latino,23805,VA,Southern,28-01-2024
PAT001887,23-07-2008,Female,White,Not Hispanic or Latino,22554,VA,Northern,13-10-2024
PAT001888,21-07-1981,Male,White,Not Hispanic or Latino,23221,VA,Central,05-04-2023
PAT001889,19-10-1963,Male,Asian,Not Hispanic or Latino,22902,VA,Western,25-08-2024
PAT001890,11-03-1978,Male,White,Not Hispanic or Latino,23221,VA,Central,20-04-2023
PAT001891,28-05-1980,Female,Multiple,Not Hispanic or Latino,22902,VA,Western,06-11-2025
PAT001892,07-08-1942,Female,White,Not Hispanic or Latino,23220,VA,Central,21-08-2025
PAT001893,20-11-1963,Male,White,Not Hispanic or Latino,23220,VA,Central,09-12-2023
PAT001894,25-07-1967,Male,Black or African American,Not Hispanic or Latino,23223,VA,Central,18-10-2025
PAT001895,06-08-1982,Female,White,Not Hispanic or Latino,23223,VA,Central,04-02-2025
PAT001896,16-12-1982,Female,White,Not Hispanic or Latino,23225,VA,Central,28-08-2025
PAT001897,13-10-1952,Male,Asian,Not Hispanic or Latino,23803,VA,Southern,29-02-2024
PAT001898,15-04-1987,Female,White,Not Hispanic or Latino,22405,VA,Northern,21-03-2025
PAT001899,14-05-1987,Female,Asian,Not Hispanic or Latino,23225,VA,Central,18-11-2023
PAT001900,09-06-1961,Female,Other,Not Hispanic or Latino,23803,VA,Southern,03-10-2023
PAT001901,15-05-2005,Female,Black or African American,Unknown,23223,VA,Central,16-04-2024
PAT001902,17-08-2024,Male,Black or African American,Not Hispanic or Latino,23223,VA,Central,23-03-2025
PAT001903,14-08-1968,Female,Black or African American,Not Hispanic or Latino,23606,VA,Eastern,22-01-2025
PAT001904,09-06-2010,Female,White,Not Hispanic or Latino,23606,VA,Eastern,20-02-2023
PAT001905,08-08-2002,Male,Black or African American,Not Hispanic or Latino,22554,VA,Northern,05-06-2023
PAT001906,10-02-1996,Male,White,Hispanic or Latino,22901,VA,Western,20-07-2024
PAT001907,04-02-2018,Male,White,Hispanic or Latino,23803,VA,Southern,07-01-2025
PAT001908,07-09-1975,Male,White,Hispanic or Latino,23602,VA,Eastern,07-02-2024
PAT001909,09-06-1965,Male,White,Not Hispanic or Latino,22903,VA,Western,16-07-2024
PAT001910,20-12-1954,Male,White,Not Hispanic or Latino,23601,VA,Eastern,18-06-2024
PAT001911,10-05-1960,Male,White,Not Hispanic or Latino,23223,VA,Central,07-04-2025
PAT001912,25-10-1995,Female,White,Not Hispanic or Latino,23803,VA,Southern,24-08-2025
PAT001913,28-03-2009,Male,White,Not Hispanic or Latino,23606,VA,Eastern,11-04-2024
PAT001914,24-12-2018,Female,White,Not Hispanic or Latino,23805,VA,Southern,29-08-2025
PAT001915,19-09-1953,Male,Unknown,Unknown,22911,VA,Western,02-08-2025
PAT001916,11-02-1985,Male,White,Hispanic or Latino,23221,VA,Central,28-05-2025
PAT001917,14-12-1963,Female,Multiple,Hispanic or Latino,23221,VA,Central,17-06-2025
PAT001918,01-09-1968,Male,White,Unknown,23602,VA,Eastern,12-10-2023
PAT001919,10-03-1981,Female,Black or African American,Not Hispanic or Latino,23185,VA,Eastern,20-10-2025
PAT001920,08-06-2014,Female,White,Hispanic or Latino,22911,VA,Western,21-05-2025
PAT001921,25-07-1980,Female,Asian,Not Hispanic or Latino,22903,VA,Western,29-10-2024
PAT001922,19-01-1981,Male,White,Not Hispanic or Latino,22401,VA,Northern,12-10-2023
PAT009363,19-06-1988,Female,Unknown,Not Hispanic or Latino,23834,VA,Southern,19-02-2025
PAT001924,03-07-2001,Male,White,Not Hispanic or Latino,23225,VA,Central,21-01-2024
PAT001925,11-02-1968,Female,White,Not Hispanic or Latino,22551,VA,Northern,15-09-2024
PAT001926,04-03-1989,Female,Black or African American,Not Hispanic or Latino,23601,VA,Eastern,07-03-2023
PAT001927,20-12-1977,Female,White,Not Hispanic or Latino,22551,VA,Northern,24-02-2023
PAT001928,03-04-2002,Male,Black or African American,Not Hispanic or Latino,23225,VA,Central,04-08-2024
PAT001929,10-04-1954,Female,Black or African American,Not Hispanic or Latino,22901,VA,Western,20-07-2025
PAT001930,17-06-1990,Male,American Indian or Alaska Native,Not Hispanic or Latino,22401,VA,Northern,18-12-2023
PAT001931,13-07-1985,Male,Multiple,Not Hispanic or Latino,22902,VA,Western,15-08-2023
PAT001932,14-09-1956,Female,Black or African American,Not Hispanic or Latino,23225,VA,Central,21-05-2023
PAT001933,05-04-2013,Female,White,Not Hispanic or Latino,23221,VA,Central,26-09-2024
PAT001934,22-12-1947,Male,Multiple,Not Hispanic or Latino,22551,VA,Northern,22-11-2023
PAT001935,07-10-2016,Female,Black or African American,Not Hispanic or Latino,23834,VA,Southern,18-07-2024
PAT001936,05-01-1972,Female,Asian,Not Hispanic or Latino,23834,VA,Southern,12-05-2023
PAT001937,26-10-1948,Female,Other,Not Hispanic or Latino,23601,VA,Eastern,12-12-2025
PAT001938,16-10-1970,Male,Asian,Not Hispanic or Latino,23225,VA,Central,05-08-2025
PAT001939,03-12-2024,Female,White,Hispanic or Latino,22554,VA,Northern,29-10-2025
PAT001940,23-06-2011,Female,White,Not Hispanic or Latino,22903,VA,Western,11-03-2025
PAT001941,14-03-1981,Male,Asian,Not Hispanic or Latino,23221,VA,Central,03-01-2024
PAT001942,24-10-1961,Female,Asian,Unknown,23606,VA,Eastern,26-07-2025
PAT001943,06-11-1969,Female,White,Not Hispanic or Latino,23185,VA,Eastern,16-03-2025
PAT001944,08-01-1964,Male,White,Not Hispanic or Latino,23805,VA,Southern,14-07-2024
PAT001945,10-09-1940,Female,Asian,Not Hispanic or Latino,22401,VA,Northern,20-03-2024
PAT001946,14-08-1976,Male,Black or African American,Not Hispanic or Latino,23803,VA,Southern,25-01-2025
PAT001947,17-02-1974,Male,Other,Not Hispanic or Latino,23223,VA,Central,19-04-2025
PAT001948,09-03-1983,Female,White,Hispanic or Latino,23805,VA,,02-11-2025
PAT001949,01-08-1959,Female,Multiple,Not Hispanic or Latino,23220,VA,Central,03-08-2025
PAT001950,24-06-1969,Male,White,Not Hispanic or Latino,23606,VA,Eastern,03-02-2024
PAT001951,01-01-2013,Female,Asian,Not Hispanic or Latino,23223,VA,Central,23-08-2023
PAT001952,11-03-1938,Male,White,Not Hispanic or Latino,23834,VA,Southern,19-09-2025
PAT001953,03-02-1968,Female,White,Not Hispanic or Latino,22405,VA,Northern,15-06-2025
PAT001954,27-08-1988,Male,Other,Not Hispanic or Latino,23602,VA,Eastern,27-11-2023
PAT001955,20-01-1955,Female,White,Hispanic or Latino,23803,VA,Southern,29-12-2023
PAT001956,18-02-1998,Female,White,Not Hispanic or Latino,22551,VA,Northern,11-12-2023
PAT001957,25-11-1958,Female,Other,Not Hispanic or Latino,23220,VA,Central,13-07-2024
PAT001958,12-08-2003,Female,American Indian or Alaska Native,Not Hispanic or Latino,22902,VA,Western,19-03-2024
PAT001959,18-11-2024,Male,Black or African American,Not Hispanic or Latino,23221,VA,Central,02-07-2025
PAT001960,26-11-2006,Male,Black or African American,Not Hispanic or Latino,22901,VA,Western,10-03-2025
PAT001961,15-05-1964,Male,Black or African American,Not Hispanic or Latino,23220,VA,Central,10-01-2023
PAT001962,25-07-2006,Female,Multiple,Not Hispanic or Latino,23805,VA,Southern,26-05-2024
PAT001963,07-04-2014,Female,Black or African American,Not Hispanic or Latino,23220,VA,Central,02-02-2023
PAT001964,01-01-1947,Female,Multiple,Not Hispanic or Latino,22903,VA,Western,29-01-2024
PAT001965,04-04-2005,Male,White,Not Hispanic or Latino,22405,VA,Northern,09-12-2023
PAT001966,17-07-1975,Female,White,Not Hispanic or Latino,23220,VA,Central,31-10-2024
PAT001967,21-09-1997,Female,Asian,Not Hispanic or Latino,23221,VA,Central,29-02-2024
PAT001968,13-09-1961,Male,White,Not Hispanic or Latino,23225,VA,Central,05-09-2023
PAT001969,04-04-2000,Female,Unknown,Not Hispanic or Latino,22554,VA,Northern,24-10-2024
PAT001970,13-01-2002,Male,White,Not Hispanic or Latino,23831,VA,Southern,25-01-2023
PAT001971,15-04-1984,Male,White,Not Hispanic or Latino,23221,VA,Central,16-05-2023
PAT001972,21-05-1980,Female,Black or African American,Not Hispanic or Latino,23831,VA,Southern,31-03-2023
PAT001973,14-04-2005,Male,Black or African American,Not Hispanic or Latino,23831,VA,Southern,20-10-2025
PAT001974,18-12-1974,Female,Other,Hispanic or Latino,22902,VA,Western,30-05-2024
PAT001975,11-10-1974,Female,White,Not Hispanic or Latino,23225,VA,Central,30-09-2023
PAT001976,21-03-1950,Male,Black or African American,Not Hispanic or Latino,23223,VA,Central,14-09-2025
PAT001977,01-06-2023,Male,White,Not Hispanic or Latino,23834,VA,Southern,26-06-2024
PAT001978,24-11-1944,Female,White,Not Hispanic or Latino,23221,VA,Central,28-10-2025
PAT001979,01-12-1942,Female,White,Hispanic or Latino,22902,VA,Western,13-02-2023
PAT001980,10-02-1941,Female,Asian,Not Hispanic or Latino,23221,VA,Central,27-05-2025
PAT001981,20-04-1978,Female,White,Not Hispanic or Latino,23220,VA,Central,03-05-2023
PAT001982,16-06-2003,Male,White,Not Hispanic or Latino,23602,VA,Eastern,18-02-2024
PAT001983,07-07-1956,Male,Black or African American,Hispanic or Latino,23803,VA,Southern,02-05-2024
PAT001984,20-12-1976,Male,Native Hawaiian or Other Pacific Islander,Not Hispanic or Latino,23225,VA,Central,04-11-2024
PAT001985,11-05-2003,Male,White,Not Hispanic or Latino,22401,VA,Northern,02-12-2025
PAT001986,21-07-1963,Male,White,Not Hispanic or Latino,22554,VA,Northern,18-02-2023
PAT001987,11-12-1987,Male,Multiple,Not Hispanic or Latino,23223,VA,Central,11-05-2024
PAT001988,02-09-2019,Male,White,Not Hispanic or Latino,23221,VA,Central,31-03-2024
PAT001989,17-07-1981,Female,White,Not Hispanic or Latino,23602,VA,Eastern,11-01-2024
PAT001990,01-11-1946,Female,White,Not Hispanic or Latino,23803,VA,Southern,03-10-2025
PAT001991,02-04-2005,Female,White,Not Hispanic or Latino,23805,VA,Southern,23-02-2024
PAT001992,06-02-1973,Female,White,Not Hispanic or Latino,22902,VA,Western,28-04-2024
PAT001993,14-02-1967,Female,Multiple,Unknown,23834,VA,Southern,29-09-2024
PAT001994,07-12-1988,Male,Black or African American,Not Hispanic or Latino,23221,VA,Central,18-05-2025
PAT001995,08-10-2002,Female,American Indian or Alaska Native,Not Hispanic or Latino,22554,VA,Northern,07-08-2024
PAT001996,21-08-1966,Female,White,Not Hispanic or Latino,22405,VA,Northern,10-07-2024
PAT001997,03-08-1962,Female,White,Not Hispanic or Latino,23223,VA,Central,26-03-2025
PAT001998,16-03-1995,Male,White,Not Hispanic or Latino,23225,VA,Central,15-05-2025
PAT001999,24-10-1982,Male,Black or African American,Not Hispanic or Latino,23225,VA,Central,16-11-2023
PAT002000,01-08-1962,Male,Asian,Not Hispanic or Latino,23225,VA,Central,25-05-2025
PAT002001,20-05-1958,Female,Multiple,Not Hispanic or Latino,23221,VA,Central,26-12-2023
PAT002002,15-07-1952,Male,White,Not Hispanic or Latino,23223,VA,Central,17-07-2025
PAT002003,18-07-1986,Female,Multiple,Hispanic or Latino,22911,VA,Western,28-05-2023
PAT002004,23-03-1950,Male,White,Not Hispanic or Latino,23834,VA,Southern,05-02-2024
PAT002005,01-04-1973,Female,White,Hispanic or Latino,23803,VA,Southern,22-10-2025
PAT002006,13-08-2014,Female,Asian,Not Hispanic or Latino,22911,VA,Western,19-03-2025
PAT002007,13-06-1979,Female,Black or African American,Unknown,23834,VA,Southern,22-09-2024
PAT002008,02-07-2023,Female,Black or African American,Hispanic or Latino,23803,VA,,30-07-2024
PAT002009,07-03-1942,Female,White,Not Hispanic or Latino,23606,VA,Eastern,06-06-2024
PAT002010,12-12-1978,Male,White,Not Hispanic or Latino,23606,VA,Eastern,24-01-2025
PAT002011,13-11-2006,Male,White,Not Hispanic or Latino,23225,VA,Central,20-05-2024
PAT002012,02-08-2018,Male,Black or African American,Not Hispanic or Latino,23223,VA,Central,27-02-2023
PAT002013,21-11-1938,Male,White,Not Hispanic or Latino,22405,VA,Northern,19-06-2024
PAT002014,22-08-1981,Male,Asian,Not Hispanic or Latino,23601,VA,Eastern,04-06-2024
PAT002015,19-10-2000,Male,Asian,Unknown,23221,VA,Central,26-01-2023
PAT002016,21-02-1957,Male,Black or African American,Not Hispanic or Latino,23834,VA,Southern,25-03-2025
PAT002017,07-09-2005,Male,White,Not Hispanic or Latino,22911,VA,Western,06-12-2023
PAT002018,23-05-1947,Female,White,Not Hispanic or Latino,23602,VA,Eastern,22-10-2025
PAT002019,13-11-1943,Male,Asian,Unknown,22903,VA,Western,22-04-2025
PAT002020,21-02-2005,Male,White,Not Hispanic or Latino,23223,VA,Central,20-10-2023
PAT002021,07-12-1999,Female,White,Not Hispanic or Latino,23834,VA,Southern,22-09-2024
PAT002022,27-03-1975,Female,White,Not Hispanic or Latino,23834,VA,Southern,04-01-2023
PAT002023,25-02-2022,Female,White,Not Hispanic or Latino,22551,VA,Northern,11-12-2025
PAT002024,10-11-1994,Male,Asian,Not Hispanic or Latino,22911,VA,Western,16-12-2023
PAT002025,06-06-1988,Male,White,Not Hispanic or Latino,23805,VA,Southern,10-02-2024
PAT002026,17-03-2010,Male,Asian,Hispanic or Latino,22901,VA,Western,11-07-2025
PAT002027,06-04-1966,Male,White,Hispanic or Latino,23601,VA,Eastern,01-05-2023
PAT002028,09-04-2020,Male,Black or African American,Not Hispanic or Latino,22551,VA,Northern,21-06-2025
PAT002029,04-10-1940,Male,Other,Not Hispanic or Latino,23221,VA,Central,13-06-2023
PAT002030,13-02-1986,Male,Black or African American,Not Hispanic or Latino,22901,VA,Western,20-07-2024
PAT002031,01-06-1974,Male,Black or African American,Not Hispanic or Latino,23601,VA,Eastern,05-09-2025
PAT002032,25-11-1983,Male,White,Not Hispanic or Latino,23803,VA,Southern,20-01-2023
PAT002033,25-05-1959,Male,White,Not Hispanic or Latino,23803,VA,,27-03-2023
PAT002034,17-04-1989,Male,Black or African American,Not Hispanic or Latino,23220,VA,Central,08-02-2025
PAT002035,25-09-1981,Female,White,Not Hispanic or Latino,23223,VA,Central,22-09-2025
PAT002036,20-06-1968,Female,White,Not Hispanic or Latino,22911,VA,Western,20-11-2024
PAT002037,11-11-1949,Female,Unknown,Not Hispanic or Latino,23602,VA,Eastern,05-05-2024
PAT002038,13-11-1985,Male,White,Not Hispanic or Latino,22911,VA,Western,28-04-2023
PAT002039,26-06-1970,Male,White,Not Hispanic or Latino,23220,VA,Central,07-01-2023
PAT002040,13-12-1968,Female,White,Hispanic or Latino,23805,VA,Southern,22-02-2023
PAT002041,09-09-2004,Female,White,Not Hispanic or Latino,23221,VA,Central,24-01-2025
PAT002042,22-10-2011,Female,White,Not Hispanic or Latino,22551,VA,Northern,20-11-2025
PAT002043,07-11-2012,Male,Black or African American,Not Hispanic or Latino,22901,VA,Western,21-10-2024
PAT002044,12-11-2025,Male,White,Not Hispanic or Latino,23803,VA,Southern,29-12-2025
PAT002045,15-11-1950,Female,White,Not Hispanic or Latino,22902,VA,Western,19-09-2025
PAT002046,20-12-1995,Female,Other,Not Hispanic or Latino,23185,VA,Eastern,14-12-2024
PAT002047,22-08-1994,Male,White,Not Hispanic or Latino,23220,VA,Central,27-02-2025
PAT002048,07-10-1951,Female,Black or African American,Not Hispanic or Latino,23221,VA,Central,01-12-2025
PAT002049,26-10-1961,Female,Black or African American,Not Hispanic or Latino,22401,VA,Northern,19-09-2023
PAT002050,10-02-1968,Male,Black or African American,Not Hispanic or Latino,23225,VA,Central,11-12-2023
PAT002051,16-02-2011,Female,White,Not Hispanic or Latino,23805,VA,Southern,13-05-2024
PAT002052,25-03-1954,Female,White,Not Hispanic or Latino,23185,VA,Eastern,05-08-2023
PAT002053,01-12-2012,Female,Asian,Not Hispanic or Latino,23221,VA,Central,30-10-2024
PAT002054,25-07-1976,Female,White,Not Hispanic or Latino,23831,VA,Southern,27-03-2024
PAT002055,22-05-1937,Male,White,Not Hispanic or Latino,22911,VA,Western,10-09-2023
PAT002056,18-03-1980,Female,American Indian or Alaska Native,Hispanic or Latino,23834,VA,Southern,05-07-2023
PAT002057,11-12-1935,Male,White,Not Hispanic or Latino,23221,VA,Central,13-05-2023
PAT002058,23-07-2015,Female,Black or African American,Not Hispanic or Latino,23606,VA,Eastern,13-06-2025
PAT002059,09-04-2018,Male,White,Not Hispanic or Latino,23803,VA,Southern,18-08-2024
PAT002060,03-02-1974,Female,White,Not Hispanic or Latino,22554,VA,Northern,21-01-2024
PAT002061,19-02-1979,Male,Black or African American,Hispanic or Latino,22554,VA,Northern,18-09-2023
PAT002062,13-06-1962,Male,Black or African American,Not Hispanic or Latino,23220,VA,Central,28-09-2024
PAT002063,18-10-2006,Female,Black or African American,Unknown,22405,VA,Northern,05-03-2025
PAT002064,25-06-1984,Male,White,Not Hispanic or Latino,23223,VA,Central,16-09-2023
PAT002065,20-11-1982,Male,White,Not Hispanic or Latino,22405,VA,Northern,07-08-2023
PAT002066,18-01-1969,Female,White,Not Hispanic or Latino,22551,VA,Northern,09-10-2024
PAT002067,27-05-1956,Male,Black or African American,Not Hispanic or Latino,23221,VA,Central,20-10-2025
PAT002068,20-03-1993,Male,Native Hawaiian or Other Pacific Islander,Not Hispanic or Latino,23831,VA,Southern,26-10-2023
PAT002069,28-11-1964,Female,White,Hispanic or Latino,23220,VA,Central,17-10-2024
PAT002070,23-09-1998,Female,White,Not Hispanic or Latino,23220,VA,Central,14-07-2024
PAT002071,16-10-1938,Male,White,Not Hispanic or Latino,22405,VA,Northern,10-10-2025
PAT002072,13-12-1951,F,White,Not Hispanic or Latino,22901,VA,Western,13-11-2024
PAT002073,07-12-2003,Female,Black or African American,Not Hispanic or Latino,22405,VA,Northern,18-04-2023
PAT002074,24-08-2002,Female,Other,Not Hispanic or Latino,23225,VA,Central,04-09-2024
PAT002075,18-01-2020,Female,White,Not Hispanic or Latino,23225,VA,Central,22-11-2024
PAT002076,16-11-1969,Male,White,Not Hispanic or Latino,23831,VA,Southern,12-03-2025
PAT002077,17-02-1984,Male,Black or African American,Not Hispanic or Latino,23831,VA,Southern,01-08-2024
PAT002078,23-04-1938,Female,Asian,Not Hispanic or Latino,22551,VA,Northern,19-07-2023
PAT002079,25-06-1988,Male,Black or African American,Not Hispanic or Latino,23803,VA,Southern,14-09-2024
PAT002080,06-11-1983,Male,Unknown,Not Hispanic or Latino,22405,VA,Northern,23-06-2025
PAT002081,05-05-1992,Female,White,Not Hispanic or Latino,23221,VA,Central,22-03-2024
PAT002082,07-12-1978,Male,Black or African American,Not Hispanic or Latino,23803,VA,Southern,11-01-2025
PAT002083,04-10-1964,Female,Black or African American,Not Hispanic or Latino,23805,VA,Southern,10-02-2025
PAT002084,27-11-1994,Male,White,Not Hispanic or Latino,23221,VA,Central,26-04-2023
PAT002085,16-06-1974,Male,White,Not Hispanic or Latino,22405,VA,Northern,18-04-2023
PAT002086,21-09-1974,Female,Other,Not Hispanic or Latino,23223,VA,Central,07-06-2025
PAT002087,24-11-2003,Male,Multiple,Hispanic or Latino,22551,VA,Northern,16-05-2024
PAT002088,08-02-2006,Female,White,Unknown,23225,VA,Central,27-09-2025
PAT002089,20-12-2016,Male,Asian,Not Hispanic or Latino,23221,VA,Central,07-02-2025
PAT002090,28-08-2023,Female,White,Not Hispanic or Latino,23225,VA,Central,04-06-2024
PAT002091,01-06-2011,Male,White,Not Hispanic or Latino,23185,VA,Eastern,27-08-2023
PAT002092,16-02-2005,Female,White,Not Hispanic or Latino,23221,VA,Central,17-02-2023
PAT002093,19-10-1966,Male,Multiple,Not Hispanic or Latino,22551,VA,Northern,14-07-2024
PAT002094,04-12-1938,Female,White,Not Hispanic or Latino,23221,VA,Central,25-02-2025
PAT002095,23-11-2010,Unknown,White,Not Hispanic or Latino,23225,VA,Central,03-09-2024
PAT002096,04-03-1966,Female,Unknown,Not Hispanic or Latino,23223,VA,Central,11-05-2023
PAT002097,06-09-1964,Male,Asian,Not Hispanic or Latino,22551,VA,Northern,10-02-2023
PAT002098,27-09-1969,Male,White,Not Hispanic or Latino,23834,VA,Southern,11-05-2023
PAT002099,18-10-2009,Female,White,Not Hispanic or Latino,23220,VA,Central,29-02-2024
PAT002100,06-02-1939,Male,Black or African American,Not Hispanic or Latino,23805,VA,Southern,11-01-2023
PAT002101,04-06-1993,Female,White,Not Hispanic or Latino,23220,VA,Central,21-09-2023
PAT002102,06-11-2001,Female,White,Not Hispanic or Latino,22901,VA,Western,09-06-2024
PAT002103,03-01-1936,Female,White,Not Hispanic or Latino,23803,VA,Southern,02-11-2025
PAT002104,18-06-2016,Female,White,Unknown,22405,VA,Northern,16-05-2025
PAT002105,08-01-1965,Male,Multiple,Not Hispanic or Latino,23831,VA,Southern,05-04-2023
PAT002106,22-05-1944,Male,White,Not Hispanic or Latino,23225,VA,Central,14-10-2023
PAT002107,23-08-1981,Male,White,Not Hispanic or Latino,23831,VA,Southern,06-12-2025
PAT002108,18-10-1996,Female,American Indian or Alaska Native,Not Hispanic or Latino,22405,VA,Northern,22-07-2023
PAT002109,02-04-2006,Female,Black or African American,Not Hispanic or Latino,23805,VA,Southern,18-10-2023
PAT002110,05-04-1998,Male,Black or African American,Not Hispanic or Latino,22405,VA,Northern,05-01-2025
PAT002111,24-03-1986,Female,Black or African American,Not Hispanic or Latino,23225,VA,Central,02-06-2023
PAT002112,09-05-2008,Male,Black or African American,Not Hispanic or Latino,23225,VA,Central,01-12-2023
PAT002113,03-08-1995,Male,White,Not Hispanic or Latino,23831,VA,Southern,21-05-2025
PAT002114,07-09-2021,Female,Black or African American,Not Hispanic or Latino,23220,VA,Central,05-07-2024
PAT002115,21-12-1980,Male,Asian,Not Hispanic or Latino,22405,VA,Northern,01-02-2025
PAT002116,06-10-1991,Male,White,Not Hispanic or Latino,23225,VA,Central,11-11-2023
PAT002117,13-07-2015,Female,Black or African American,Not Hispanic or Latino,23220,VA,Central,21-05-2024
PAT002118,04-05-1989,Male,Asian,Hispanic or Latino,22401,VA,Northern,13-04-2025
PAT002119,21-06-1974,Female,Black or African American,Hispanic or Latino,23220,VA,Central,13-01-2025
PAT002120,25-06-1961,Female,Unknown,Not Hispanic or Latino,22554,VA,Northern,27-10-2023
PAT002121,09-04-1935,Male,White,Not Hispanic or Latino,23220,VA,Central,20-07-2023
PAT002122,13-04-1969,Female,Black or African American,Not Hispanic or Latino,22401,VA,Northern,10-09-2023
PAT002123,24-09-2020,Female,White,Not Hispanic or Latino,23223,VA,Central,29-09-2025
PAT002124,12-09-2004,Female,Asian,Not Hispanic or Latino,23831,VA,Southern,09-07-2024
PAT002125,02-02-1941,Unknown,Black or African American,Not Hispanic or Latino,23221,VA,Central,13-10-2024
PAT002126,06-07-1936,Male,Other,Hispanic or Latino,22554,VA,Northern,24-12-2025
PAT002127,28-10-1982,Male,White,Not Hispanic or Latino,23606,VA,Eastern,03-09-2025
PAT002128,09-03-1966,Male,Black or African American,Not Hispanic or Latino,23220,VA,Central,17-11-2025
PAT002129,22-03-1964,Female,White,Not Hispanic or Latino,23221,VA,Central,20-10-2023
PAT002130,24-10-1984,Male,Other,Not Hispanic or Latino,23831,VA,Southern,19-04-2023
PAT002131,21-12-1976,Female,White,Not Hispanic or Latino,23223,VA,Central,25-05-2024
PAT002132,14-10-1965,Female,White,Not Hispanic or Latino,22551,VA,Northern,10-01-2024
PAT002133,26-06-1946,Male,White,Not Hispanic or Latino,22551,VA,Northern,25-10-2025
PAT002134,14-05-2016,Male,Black or African American,Not Hispanic or Latino,22902,VA,Western,17-09-2024
PAT002135,10-02-1965,Male,White,Not Hispanic or Latino,23225,VA,Central,02-10-2024
PAT002136,03-11-1958,Female,White,Not Hispanic or Latino,23220,VA,Central,06-05-2024
PAT002137,19-03-2005,Female,White,Not Hispanic or Latino,23220,VA,Central,23-06-2023
PAT002138,18-05-1964,Female,White,Hispanic or Latino,23225,VA,Central,22-01-2023
PAT002139,17-11-1994,Female,Multiple,Not Hispanic or Latino,23601,VA,Eastern,09-09-2025
PAT002140,22-09-1992,Female,Unknown,Not Hispanic or Latino,23220,VA,Central,10-04-2025
PAT002141,07-10-1990,Male,White,Not Hispanic or Latino,22901,VA,Western,20-05-2025
PAT002142,12-12-2008,Male,Asian,Not Hispanic or Latino,22405,VA,Northern,17-12-2025
PAT002143,02-10-1965,Female,Multiple,Not Hispanic or Latino,23225,VA,Central,12-12-2023
PAT002144,08-09-1939,Male,Black or African American,Not Hispanic or Latino,22405,VA,Northern,03-06-2023
PAT002145,17-03-1985,Male,Multiple,Hispanic or Latino,22903,VA,Western,15-04-2023
PAT002146,13-08-1947,Male,Black or African American,Not Hispanic or Latino,23601,VA,Eastern,03-02-2025
PAT002147,22-06-1989,Male,White,Not Hispanic or Latino,22902,VA,Western,30-08-2023
PAT002148,16-05-2016,Female,White,Not Hispanic or Latino,23223,VA,Central,26-06-2024
PAT002149,24-01-1972,Male,Black or African American,Not Hispanic or Latino,23606,VA,Eastern,21-03-2024
PAT002150,21-05-1961,Female,Multiple,Not Hispanic or Latino,22901,VA,Western,06-08-2025
PAT002151,28-10-1976,Female,White,Not Hispanic or Latino,23225,VA,Central,28-04-2023
PAT002152,20-01-1949,Female,Unknown,Hispanic or Latino,23225,VA,Central,03-11-2024
PAT002153,04-06-1951,Male,White,Not Hispanic or Latino,22401,VA,Northern,17-12-2024
PAT002154,12-07-2002,Female,White,Not Hispanic or Latino,23220,VA,Central,27-07-2023
PAT002155,07-08-1969,Male,Black or African American,Hispanic or Latino,23185,VA,Eastern,19-12-2025
PAT002156,14-03-1982,Male,Black or African American,Not Hispanic or Latino,23220,VA,Central,25-09-2025
PAT002157,25-03-2025,Male,White,Hispanic or Latino,23223,VA,Central,18-07-2025
PAT002158,12-07-1968,Female,White,Not Hispanic or Latino,22903,VA,Western,16-01-2025
PAT002159,18-03-1994,Male,Other,Not Hispanic or Latino,23223,VA,Central,11-08-2023
PAT002160,27-11-1983,Female,White,Not Hispanic or Latino,23606,VA,Eastern,28-11-2023
PAT002161,24-06-1988,Female,White,Not Hispanic or Latino,22551,VA,Northern,12-01-2023
PAT002162,07-12-1985,Male,White,Hispanic or Latino,23220,VA,Central,24-01-2024
PAT002163,05-01-1998,Female,White,Not Hispanic or Latino,23225,VA,Central,12-05-2025
PAT002164,06-01-2015,Male,White,Not Hispanic or Latino,22405,VA,Northern,08-09-2025
PAT002165,04-05-1939,Female,White,Not Hispanic or Latino,23225,VA,Central,28-09-2025
PAT002166,26-08-1982,Female,White,Hispanic or Latino,23221,VA,Central,27-10-2024
PAT002167,17-07-1978,Female,White,Not Hispanic or Latino,22551,VA,Northern,27-09-2023
PAT002168,26-02-1974,Male,Asian,Not Hispanic or Latino,23185,VA,Eastern,16-09-2023
PAT002169,17-06-1973,Male,White,Not Hispanic or Latino,22901,VA,Western,29-04-2024
PAT002170,27-11-1975,Male,White,Unknown,23223,VA,Central,29-05-2025
PAT002171,16-07-2025,Male,Other,Not Hispanic or Latino,22554,VA,Northern,26-09-2025
PAT002172,25-02-1968,Male,Multiple,Not Hispanic or Latino,22551,VA,Northern,22-05-2024
PAT002173,24-03-1941,Female,White,Not Hispanic or Latino,23601,VA,Eastern,25-05-2024
PAT002174,28-02-1986,Female,Other,Hispanic or Latino,22903,VA,Western,21-05-2024
PAT002175,16-04-1994,Female,White,Not Hispanic or Latino,23803,VA,Southern,25-10-2025
PAT002176,07-03-1966,Female,Black or African American,Not Hispanic or Latino,22902,VA,Western,14-04-2024
PAT002177,13-03-1974,Female,Other,Not Hispanic or Latino,22401,VA,Northern,14-07-2024
PAT002178,14-03-2001,Female,White,Not Hispanic or Latino,23220,VA,Central,13-02-2024
PAT002179,13-01-2023,Male,White,Not Hispanic or Latino,23225,VA,Central,23-12-2025
PAT002180,21-12-2016,Male,Asian,Not Hispanic or Latino,23221,VA,Central,30-03-2024
PAT002181,16-07-1970,Male,White,Not Hispanic or Latino,23220,VA,Central,10-11-2025
PAT002182,02-11-1969,Male,Other,Hispanic or Latino,23831,VA,Southern,14-08-2023
PAT002183,09-06-1952,Male,White,Not Hispanic or Latino,23831,VA,Southern,06-05-2025
PAT002184,02-06-2000,Male,Black or African American,Not Hispanic or Latino,23805,VA,Southern,25-03-2023
PAT002185,22-01-2007,Male,Black or African American,Not Hispanic or Latino,22554,VA,Northern,10-03-2024
PAT002186,09-08-1998,Male,White,Not Hispanic or Latino,23220,VA,Central,01-06-2025
PAT002187,16-05-1973,Female,White,Not Hispanic or Latino,23223,VA,Central,15-11-2024
PAT002188,04-02-1986,Female,Black or African American,Not Hispanic or Latino,23185,VA,Eastern,24-09-2023
PAT002189,24-06-1997,Male,Black or African American,Not Hispanic or Latino,23831,VA,Southern,19-12-2025
PAT002190,08-06-1966,Female,White,Not Hispanic or Latino,23831,VA,Southern,06-03-2024
PAT002191,03-07-1942,Female,Unknown,Hispanic or Latino,22401,VA,Northern,25-09-2023
PAT002192,19-01-2004,Male,Multiple,Unknown,23221,VA,Central,31-01-2024
PAT002193,03-02-2011,Male,Asian,Not Hispanic or Latino,23223,VA,Central,09-09-2024
PAT002194,18-04-2010,Male,Other,Not Hispanic or Latino,22405,VA,,31-03-2023
PAT002195,14-04-2021,Female,Black or African American,Not Hispanic or Latino,23223,VA,Central,12-12-2024
PAT002196,21-08-1949,Male,Black or African American,Not Hispanic or Latino,23220,VA,Central,12-06-2025
PAT002197,14-08-1974,F,Black or African American,Hispanic or Latino,22401,VA,Northern,08-12-2023
PAT002198,23-05-1981,Female,Black or African American,Hispanic or Latino,22405,VA,Northern,16-08-2024
PAT002199,02-10-1975,Male,Black or African American,Not Hispanic or Latino,23221,VA,Central,25-03-2025
PAT002200,18-11-1945,Male,White,Not Hispanic or Latino,22901,VA,Western,05-12-2023
PAT002201,13-09-1946,Female,White,Not Hispanic or Latino,23834,VA,Southern,31-03-2025
PAT002202,06-04-1999,Female,White,Hispanic or Latino,23185,VA,Eastern,24-11-2023
PAT002203,19-04-1981,Male,White,Not Hispanic or Latino,23220,VA,Central,16-11-2025
PAT002204,23-09-1993,Female,Multiple,Not Hispanic or Latino,23602,VA,Eastern,13-09-2024
PAT002205,10-04-1962,Female,White,Not Hispanic or Latino,22554,VA,Northern,01-09-2023
PAT002206,02-04-2020,Male,Asian,Hispanic or Latino,23221,VA,Central,20-08-2024
PAT002207,05-11-1975,Female,Black or African American,Not Hispanic or Latino,23223,VA,Central,30-09-2023
PAT002208,21-01-1971,Male,Black or African American,Not Hispanic or Latino,22902,VA,Western,06-03-2024
PAT002209,01-02-1982,Male,American Indian or Alaska Native,Not Hispanic or Latino,23223,VA,Central,25-01-2025
PAT002210,23-02-1950,Male,White,Not Hispanic or Latino,23223,VA,Central,01-10-2023
PAT002211,10-10-2012,Female,Black or African American,Not Hispanic or Latino,23223,VA,Central,28-04-2023
PAT002212,27-01-1940,Other,White,Not Hispanic or Latino,23602,VA,Eastern,25-03-2024
PAT002213,09-03-1999,Male,White,Not Hispanic or Latino,23185,VA,Eastern,06-08-2023
PAT002214,23-12-1964,Male,Black or African American,Not Hispanic or Latino,22911,VA,Western,11-06-2024
PAT002215,27-04-2008,Female,White,Not Hispanic or Latino,23834,VA,Southern,27-03-2024
PAT002216,07-05-2015,Female,White,Not Hispanic or Latino,23225,VA,Central,15-11-2023
PAT002217,24-04-1968,Female,White,Not Hispanic or Latino,22551,VA,Northern,24-01-2025
PAT002218,03-08-2021,Female,Black or African American,Not Hispanic or Latino,22911,VA,Western,07-01-2024
PAT002219,27-03-1983,Female,Asian,Not Hispanic or Latino,23221,VA,Central,22-01-2024
PAT002220,24-08-1981,Female,Black or African American,Not Hispanic or Latino,23221,VA,Central,31-07-2024
PAT002221,06-05-1960,Male,Black or African American,Hispanic or Latino,23221,VA,Central,18-03-2025
PAT002222,07-10-1965,Female,White,Hispanic or Latino,22401,VA,Northern,21-10-2023
PAT002223,08-07-2023,Male,Asian,Not Hispanic or Latino,23225,VA,Central,28-04-2025
PAT002224,24-02-1984,Male,White,Not Hispanic or Latino,23805,VA,Southern,25-01-2023
PAT002225,13-07-2022,Male,White,Not Hispanic or Latino,23220,VA,Central,14-08-2023
PAT002226,02-11-1960,Female,American Indian or Alaska Native,Not Hispanic or Latino,23221,VA,Central,23-05-2024
PAT002227,09-02-1978,Male,Black or African American,Not Hispanic or Latino,23221,VA,Central,28-01-2023
PAT002228,26-01-1963,Male,Unknown,Not Hispanic or Latino,23803,VA,Southern,24-11-2024
PAT002229,05-04-2005,Unknown,White,Not Hispanic or Latino,23225,VA,Central,28-06-2025
PAT002230,10-03-1962,Male,White,Not Hispanic or Latino,22903,VA,Western,07-09-2025
PAT002231,02-04-1988,Female,White,Not Hispanic or Latino,23831,VA,Southern,10-09-2023
PAT002232,04-01-1990,Female,Asian,Not Hispanic or Latino,23602,VA,Eastern,30-07-2023
PAT002233,05-07-2009,Female,Black or African American,Hispanic or Latino,23803,VA,Southern,04-04-2024
PAT002234,14-04-1975,Female,White,Not Hispanic or Latino,23606,VA,Eastern,29-10-2023
PAT002235,10-11-1996,Male,Black or African American,Hispanic or Latino,23805,VA,Southern,26-02-2025
PAT002236,27-12-1965,Female,White,Not Hispanic or Latino,23220,VA,Central,04-10-2025
PAT002237,08-02-1955,Male,Other,Not Hispanic or Latino,22901,VA,Western,31-07-2024
PAT002238,20-02-1985,Male,Multiple,Hispanic or Latino,23223,VA,Central,31-08-2023
PAT002239,02-02-1996,Female,Black or African American,Not Hispanic or Latino,23805,VA,Southern,31-12-2023
PAT002240,11-09-1984,Female,White,Not Hispanic or Latino,23221,VA,Central,20-05-2025
PAT002241,22-11-2003,Female,White,Not Hispanic or Latino,22554,VA,Northern,10-08-2024
PAT002242,09-02-1996,Male,Black or African American,Not Hispanic or Latino,23834,VA,Southern,25-01-2025
PAT002243,26-12-1999,Male,White,Not Hispanic or Latino,23803,VA,Southern,05-01-2023
PAT002244,05-11-2003,Female,Asian,Not Hispanic or Latino,23602,VA,Eastern,30-10-2023
PAT002245,24-08-2013,Female,Black or African American,Not Hispanic or Latino,22551,VA,Northern,18-05-2023
PAT002246,14-10-1957,Female,Black or African American,Hispanic or Latino,22554,VA,Northern,24-10-2023
PAT002247,05-06-2005,Male,Black or African American,Not Hispanic or Latino,23805,VA,Southern,27-02-2025
PAT002248,16-06-1996,Female,Other,Not Hispanic or Latino,23834,VA,Southern,12-09-2025
PAT002249,20-07-1938,Female,White,Not Hispanic or Latino,22903,VA,Western,11-10-2023
PAT002250,08-11-1978,Male,White,Not Hispanic or Latino,22911,VA,Western,07-05-2025
PAT002251,18-09-1992,Female,Native Hawaiian or Other Pacific Islander,Not Hispanic or Latino,23225,VA,Central,26-12-2025
PAT002252,13-04-1943,Female,Black or African American,Not Hispanic or Latino,23220,VA,Central,13-05-2025
PAT002253,25-10-1944,Male,White,Not Hispanic or Latino,22405,VA,Northern,28-06-2023
PAT002254,01-06-1953,Female,Other,Not Hispanic or Latino,23805,VA,Southern,05-02-2023
PAT002255,16-09-1985,Female,Black or African American,Not Hispanic or Latino,23221,VA,Central,14-08-2023
PAT002256,12-06-2006,Female,Other,Not Hispanic or Latino,23221,VA,Central,26-08-2024
PAT002257,27-03-2011,Female,White,Not Hispanic or Latino,22551,VA,Northern,11-05-2024
PAT002258,02-04-1972,Female,Black or African American,Not Hispanic or Latino,22405,VA,Northern,29-08-2023
PAT002259,24-07-2021,Male,White,Not Hispanic or Latino,23803,VA,Southern,19-05-2025
PAT002260,23-01-2014,Male,American Indian or Alaska Native,Not Hispanic or Latino,23803,VA,Southern,01-06-2023
PAT002261,28-10-1945,Male,Asian,Not Hispanic or Latino,23221,VA,Central,03-03-2023
PAT002262,05-06-2003,Female,White,Not Hispanic or Latino,23220,VA,Central,16-05-2024
PAT002263,19-01-2023,Male,White,Hispanic or Latino,23225,VA,Central,21-11-2023
PAT002264,16-03-1963,Male,Multiple,Not Hispanic or Latino,22405,VA,Northern,16-12-2025
PAT002265,16-05-1964,Male,White,Not Hispanic or Latino,23225,VA,Central,21-11-2024
PAT002266,23-11-1946,Female,White,Not Hispanic or Latino,22401,VA,Northern,10-08-2024
PAT002267,02-03-2022,Male,Black or African American,Not Hispanic or Latino,23220,VA,Central,22-12-2023
PAT002268,01-03-1991,Female,Black or African American,Not Hispanic or Latino,22911,VA,Western,17-05-2025
PAT002269,23-09-1993,Male,Asian,Not Hispanic or Latino,23223,VA,Central,24-10-2025
PAT002270,08-12-2016,Female,White,Not Hispanic or Latino,23225,VA,Central,18-11-2023
PAT002271,17-02-1999,Male,Black or African American,Not Hispanic or Latino,23834,VA,Southern,14-09-2023
PAT002272,13-04-1937,Male,White,Not Hispanic or Latino,22901,VA,Western,24-03-2024
PAT002273,27-03-1948,Female,White,Not Hispanic or Latino,22901,VA,Western,17-08-2025
PAT002274,02-07-2030,Male,Black or African American,Not Hispanic or Latino,23606,VA,Eastern,18-02-2025
PAT002275,26-01-2020,Female,Black or African American,Not Hispanic or Latino,22554,VA,Northern,18-05-2025
PAT002276,04-05-2001,Male,White,Not Hispanic or Latino,23220,VA,Central,09-06-2023
PAT002277,25-10-2014,Male,Black or African American,Hispanic or Latino,22903,VA,Western,27-02-2023
PAT002278,06-05-1972,Female,Asian,Not Hispanic or Latino,23185,VA,Eastern,14-05-2023
PAT002279,01-10-1987,Female,Multiple,Hispanic or Latino,22554,VA,Northern,20-01-2024
PAT002280,21-04-1982,Female,White,Not Hispanic or Latino,22401,VA,Northern,07-05-2024
PAT002281,19-02-1986,Female,Asian,Not Hispanic or Latino,23220,VA,Central,17-09-2025
PAT002282,11-01-2024,Male,Asian,Not Hispanic or Latino,22401,VA,Northern,22-11-2024
PAT002283,25-06-1960,Female,White,Hispanic or Latino,23223,VA,Central,26-03-2025
PAT002284,11-04-1967,Female,White,Hispanic or Latino,22911,VA,Western,29-12-2024
PAT002285,22-12-1973,Unknown,White,Not Hispanic or Latino,23220,VA,Central,09-11-2024
PAT002286,17-12-2012,Female,White,Hispanic or Latino,22901,VA,Western,25-10-2025
PAT002287,19-01-2003,Female,White,Not Hispanic or Latino,23225,VA,Central,03-09-2025
PAT002288,10-01-1966,Male,White,Not Hispanic or Latino,23221,VA,Central,07-11-2023
PAT002289,21-02-1993,Female,Multiple,Hispanic or Latino,23220,VA,Central,19-04-2024
PAT002290,21-11-2019,Male,Unknown,Not Hispanic or Latino,22405,VA,Northern,26-11-2023
PAT002291,24-09-1944,Female,Black or African American,Not Hispanic or Latino,22554,VA,Northern,05-07-2025
PAT002292,11-03-1963,Male,White,Not Hispanic or Latino,23223,VA,Central,07-01-2025
PAT002293,02-07-1981,Female,White,Not Hispanic or Latino,23834,VA,Southern,04-05-2024
PAT002294,20-10-2019,Female,Asian,Not Hispanic or Latino,23185,VA,Eastern,09-11-2023
PAT002295,16-11-1966,Male,White,Unknown,23220,VA,Central,31-01-2023
PAT002296,18-05-1956,Female,White,Not Hispanic or Latino,22401,VA,Northern,18-10-2025
PAT002297,11-08-1989,Female,Multiple,Not Hispanic or Latino,23221,VA,Central,28-08-2024
PAT002298,09-02-1955,Female,Multiple,Not Hispanic or Latino,23602,VA,Eastern,24-12-2024
PAT002299,06-02-1974,Male,Unknown,Hispanic or Latino,23225,VA,Central,12-06-2024
PAT002300,25-05-1945,Male,Multiple,Not Hispanic or Latino,23225,VA,Central,15-10-2023
PAT002301,16-10-1989,Female,Black or African American,Not Hispanic or Latino,22901,VA,Western,14-01-2025
PAT002302,14-07-1998,Male,Other,Not Hispanic or Latino,23221,VA,Central,21-06-2025
PAT002303,28-09-1949,Female,Black or African American,Not Hispanic or Latino,23831,VA,Southern,04-02-2025
PAT002304,14-11-1974,Female,Other,Not Hispanic or Latino,23606,VA,Eastern,22-06-2024
PAT002305,20-01-1939,Male,White,Not Hispanic or Latino,23220,VA,Central,16-05-2024
PAT002306,05-01-2008,Male,White,Not Hispanic or Latino,23220,VA,Central,18-08-2024
PAT002307,19-03-1948,Female,Black or African American,Hispanic or Latino,23606,VA,Eastern,30-05-2023
PAT002308,28-07-1972,Female,White,Not Hispanic or Latino,23606,VA,Eastern,11-07-2023
PAT002309,15-08-1970,Female,Black or African American,Not Hispanic or Latino,23606,VA,Eastern,12-08-2023
PAT002310,24-03-2023,Female,Unknown,Not Hispanic or Latino,23220,VA,Central,18-10-2025
PAT002311,07-07-1995,Female,Multiple,Not Hispanic or Latino,22551,VA,Northern,04-11-2024
PAT002312,11-06-2023,Female,Black or African American,Not Hispanic or Latino,23225,VA,Central,14-01-2024
PAT002313,16-12-1964,Male,Black or African American,Not Hispanic or Latino,23220,VA,Central,24-07-2024
PAT002314,18-01-1993,Female,Black or African American,Hispanic or Latino,22405,VA,Northern,20-08-2025
PAT002315,07-11-1973,Female,White,Not Hispanic or Latino,23223,VA,Central,06-03-2023
PAT002316,26-01-1995,Male,Native Hawaiian or Other Pacific Islander,Not Hispanic or Latino,23602,VA,Eastern,30-05-2025
PAT002317,02-04-1983,Unknown,Asian,Not Hispanic or Latino,22902,VA,Western,16-02-2023
PAT002318,14-11-1963,Female,White,Hispanic or Latino,23831,VA,Southern,31-05-2024
PAT002319,03-03-1980,Male,Black or African American,Not Hispanic or Latino,23805,VA,Southern,22-05-2023
PAT002320,03-07-2017,Female,Multiple,Not Hispanic or Latino,22554,VA,Northern,13-07-2025
PAT002321,17-07-1977,Female,Multiple,Not Hispanic or Latino,22405,VA,Northern,15-06-2024
PAT002322,03-01-1988,Female,White,Not Hispanic or Latino,23606,VA,Eastern,01-12-2024
PAT002323,06-05-1963,Male,Black or African American,Unknown,23805,VA,Southern,16-12-2024
PAT002324,16-08-1969,Female,Black or African American,Not Hispanic or Latino,22405,VA,Northern,13-06-2025
PAT002325,19-12-1985,Male,White,Not Hispanic or Latino,23225,VA,Central,21-01-2023
PAT002326,07-10-1943,Male,White,Hispanic or Latino,23803,VA,Southern,24-10-2023
PAT002327,27-11-2015,Male,White,Not Hispanic or Latino,22903,VA,Western,30-01-2023
PAT002328,05-08-1956,Male,Black or African American,Not Hispanic or Latino,22551,VA,Northern,10-10-2024
PAT002329,14-11-1989,Male,Asian,Not Hispanic or Latino,22554,VA,Northern,02-12-2025
PAT002330,15-01-1979,Female,Asian,Not Hispanic or Latino,23805,VA,Southern,09-07-2025
PAT002331,04-10-1980,Male,White,Not Hispanic or Latino,22901,VA,Western,23-03-2024
PAT002332,14-04-1964,Male,White,Not Hispanic or Latino,22902,VA,Western,12-02-2025
PAT002333,07-06-1972,Female,Black or African American,Not Hispanic or Latino,23221,VA,Central,30-01-2023
PAT002334,01-06-2014,Female,White,Not Hispanic or Latino,23831,VA,Southern,20-09-2024
PAT002335,23-02-1991,Male,White,Not Hispanic or Latino,22551,VA,Northern,22-07-2025
PAT002336,12-07-1994,Female,Black or African American,Not Hispanic or Latino,23602,VA,Eastern,22-05-2025
PAT002337,04-06-1944,Female,White,Not Hispanic or Latino,23601,VA,Eastern,28-07-2025
PAT002338,06-06-1984,Female,Multiple,Not Hispanic or Latino,23221,VA,Central,11-06-2025
PAT002339,28-05-1995,Male,Asian,Not Hispanic or Latino,23225,VA,Central,03-08-2024
PAT002340,26-02-2022,Male,White,Not Hispanic or Latino,23803,VA,Southern,03-07-2023
PAT002341,14-10-2025,Male,Asian,Not Hispanic or Latino,23220,VA,Central,16-12-2025
PAT002342,21-02-2008,Female,White,Hispanic or Latino,23225,VA,Central,27-10-2025
PAT002343,10-11-2024,Female,Multiple,Not Hispanic or Latino,22551,VA,Northern,26-02-2025
PAT002344,18-08-1987,Female,White,Not Hispanic or Latino,23834,VA,Southern,23-08-2023
PAT002345,04-08-1954,Male,Asian,Not Hispanic or Latino,22554,VA,Northern,08-08-2025
PAT002346,23-11-2012,Female,Asian,Not Hispanic or Latino,23225,VA,Central,16-01-2023
PAT002347,17-04-2014,Female,White,Not Hispanic or Latino,22903,VA,Western,02-07-2024
PAT002348,09-11-1961,Male,White,Hispanic or Latino,23831,VA,Southern,29-04-2025
PAT002349,01-04-1939,Female,White,Hispanic or Latino,22911,VA,Western,08-03-2023
PAT002350,05-01-1960,Female,White,Not Hispanic or Latino,22903,VA,Western,28-11-2025
PAT002351,20-12-1962,Female,White,Hispanic or Latino,23223,VA,Central,17-11-2024
PAT002352,14-10-1955,Female,Asian,Hispanic or Latino,22902,VA,Western,12-03-2025
PAT002353,21-10-1954,Male,Native Hawaiian or Other Pacific Islander,Not Hispanic or Latino,23225,VA,Central,16-04-2023
PAT002354,21-03-1994,Female,Multiple,Not Hispanic or Latino,23834,VA,Southern,22-12-2023
PAT002355,17-06-1969,Female,White,Not Hispanic or Latino,23805,VA,Southern,14-06-2025
PAT002356,23-02-2018,Male,Black or African American,Not Hispanic or Latino,22902,VA,Western,29-10-2025
PAT002357,19-11-2022,Female,White,Hispanic or Latino,23225,VA,Central,16-06-2024
PAT002358,06-09-1962,Female,White,Not Hispanic or Latino,23831,VA,Southern,22-02-2024
PAT002359,01-02-1989,Female,White,Not Hispanic or Latino,23606,VA,Eastern,24-01-2023
PAT002360,05-10-1940,Female,White,Hispanic or Latino,23803,VA,Southern,11-06-2023
PAT002361,01-07-1981,Female,Black or African American,Not Hispanic or Latino,22405,VA,Northern,18-07-2025
PAT002362,25-11-1980,Male,White,Not Hispanic or Latino,23223,VA,Central,18-01-2024
PAT002363,08-11-2000,Male,White,Hispanic or Latino,23831,VA,Southern,01-02-2024
PAT002364,24-04-1982,Female,Black or African American,Unknown,23225,VA,Central,17-06-2024
PAT002365,09-01-1980,Male,White,Not Hispanic or Latino,23803,VA,Southern,22-10-2023
PAT002366,21-01-1965,Male,Black or African American,Hispanic or Latino,23803,VA,Southern,16-08-2023
PAT002367,04-10-1983,Male,White,Not Hispanic or Latino,23220,VA,Central,18-10-2023
PAT002368,06-05-2016,Male,White,Not Hispanic or Latino,23803,VA,Southern,08-06-2023
PAT002369,27-06-1968,Male,Black or African American,Not Hispanic or Latino,23221,VA,Central,11-03-2025
PAT002370,26-08-2004,Female,White,Not Hispanic or Latino,23220,VA,Central,27-04-2025
PAT002371,21-08-2023,Male,White,Not Hispanic or Latino,23220,VA,Central,23-03-2024
PAT002372,13-07-1939,Male,Other,Not Hispanic or Latino,23602,VA,Eastern,12-07-2025
PAT002373,06-03-1935,Female,Multiple,Not Hispanic or Latino,23223,VA,Central,21-01-2023
PAT002374,22-03-1961,Male,Asian,Not Hispanic or Latino,23220,VA,Central,29-08-2023
PAT002375,16-06-1950,Male,White,Not Hispanic or Latino,23220,VA,Central,21-11-2023
PAT002376,09-12-1982,Female,White,Not Hispanic or Latino,23803,VA,Southern,30-01-2024
PAT002377,01-09-2007,Male,Native Hawaiian or Other Pacific Islander,Not Hispanic or Latino,23221,VA,Central,18-03-2024
PAT002378,07-02-2014,Female,Black or African American,Hispanic or Latino,23803,VA,Southern,01-11-2024
PAT002379,03-04-1988,Female,White,Not Hispanic or Latino,23221,VA,Central,02-07-2024
PAT002380,07-08-1952,Female,Black or African American,Not Hispanic or Latino,22401,VA,Northern,14-12-2024
PAT002381,21-09-1938,Male,Asian,Not Hispanic or Latino,23223,VA,Central,14-08-2025
PAT002382,14-08-1979,Female,Asian,Not Hispanic or Latino,22551,VA,Northern,31-01-2024
PAT002383,07-03-1952,Male,Asian,Not Hispanic or Latino,22554,VA,,15-03-2025
PAT002384,26-10-2022,Male,White,Hispanic or Latino,23223,VA,Central,06-12-2023
PAT002385,16-12-2001,Female,Asian,Not Hispanic or Latino,22551,VA,Northern,02-07-2025
PAT002386,24-10-1984,Female,Asian,Not Hispanic or Latino,23602,VA,Eastern,14-10-2024
PAT002387,20-02-1981,Female,White,Not Hispanic or Latino,22911,VA,Western,29-05-2025
PAT002388,12-10-1972,Female,White,Not Hispanic or Latino,23223,VA,Central,12-05-2023
PAT002389,02-03-1993,Male,Other,Not Hispanic or Latino,22903,VA,Western,19-04-2025
PAT002390,27-10-1951,Male,Multiple,Not Hispanic or Latino,22554,VA,Northern,26-03-2025
PAT002391,06-02-2025,Female,Unknown,Not Hispanic or Latino,22903,VA,Western,13-09-2025
PAT002392,12-03-1935,Female,Asian,Not Hispanic or Latino,23221,VA,Central,29-05-2023
PAT002393,12-11-1972,Female,American Indian or Alaska Native,Not Hispanic or Latino,23223,VA,Central,25-10-2023
PAT002394,01-02-2015,Female,Black or African American,Not Hispanic or Latino,23223,VA,Central,23-01-2023
PAT002395,07-06-1979,Male,White,Not Hispanic or Latino,22551,VA,Northern,20-10-2024
PAT002396,18-04-1976,Male,American Indian or Alaska Native,Not Hispanic or Latino,23220,VA,Central,28-02-2025
PAT002397,07-10-2016,Male,White,Hispanic or Latino,23805,VA,Southern,30-07-2023
PAT002398,23-05-1967,Female,Asian,Hispanic or Latino,22901,VA,Western,13-05-2025
PAT002399,27-06-2012,Female,White,Not Hispanic or Latino,22554,VA,Northern,10-02-2024
PAT002400,26-01-2019,Female,White,Not Hispanic or Latino,23834,VA,Southern,18-10-2025
PAT002401,14-05-2006,Male,White,Not Hispanic or Latino,23220,VA,Central,12-09-2023
PAT002402,20-03-1983,Female,White,Unknown,23831,VA,Southern,23-02-2025
PAT002403,01-10-2000,Male,Black or African American,Not Hispanic or Latino,23223,VA,Central,06-02-2023
PAT002404,10-08-2025,Female,Black or African American,Not Hispanic or Latino,23221,VA,Central,21-11-2025
PAT002405,17-09-1959,Female,White,Hispanic or Latino,22901,VA,Western,21-11-2024
PAT002406,03-01-1940,Female,Other,Not Hispanic or Latino,23225,VA,Central,14-07-2023
PAT002407,24-07-1962,Female,Unknown,Not Hispanic or Latino,23831,VA,Southern,16-07-2024
PAT002408,13-06-1970,Male,White,Not Hispanic or Latino,22401,VA,Northern,03-10-2024
PAT002409,02-10-1968,Female,White,Unknown,23834,VA,Southern,03-09-2024
PAT002410,16-08-1979,Male,Other,Not Hispanic or Latino,23220,VA,Central,04-02-2025
PAT002411,08-01-2004,Male,White,Unknown,22901,VA,Western,22-01-2023
PAT002412,11-02-2003,Male,Black or African American,Hispanic or Latino,23606,VA,Eastern,08-04-2024
PAT002413,07-02-1955,Female,White,Not Hispanic or Latino,23223,VA,Central,11-01-2023
PAT002414,28-12-1976,Male,Multiple,Not Hispanic or Latino,22901,VA,Western,15-06-2024
PAT002415,04-01-1935,Male,Black or African American,Hispanic or Latino,23220,VA,Central,15-09-2024
PAT002416,11-05-1989,Female,Black or African American,Hispanic or Latino,23225,VA,Central,06-07-2024
PAT002417,19-03-2020,Male,White,Not Hispanic or Latino,23606,VA,Eastern,03-09-2023
PAT002418,28-06-1988,Female,White,Unknown,23221,VA,Central,26-04-2025
PAT002419,22-08-1940,Female,American Indian or Alaska Native,Hispanic or Latino,23803,VA,Southern,04-12-2025
PAT002420,19-04-2009,Male,White,Not Hispanic or Latino,22911,VA,Western,30-09-2025
PAT002421,25-06-1999,Female,Other,Not Hispanic or Latino,22551,VA,Northern,07-04-2024
PAT002422,25-05-1989,Female,White,Not Hispanic or Latino,22554,VA,Northern,19-06-2023
PAT002423,27-09-1996,Male,White,Not Hispanic or Latino,23221,VA,Central,26-02-2024
PAT002424,03-02-1938,Male,Asian,Not Hispanic or Latino,23606,VA,Eastern,04-05-2023
PAT002425,22-01-1954,Female,White,Not Hispanic or Latino,22902,VA,Western,16-08-2025
PAT002426,16-04-1948,Female,Black or African American,Hispanic or Latino,23185,VA,Eastern,28-11-2024
PAT002427,25-10-2019,Male,Black or African American,Not Hispanic or Latino,23223,VA,Central,30-09-2024
PAT002428,21-08-1938,Female,Black or African American,Not Hispanic or Latino,22902,VA,Western,30-10-2025
PAT002429,08-03-2022,Female,White,Not Hispanic or Latino,23831,VA,Southern,28-02-2025
PAT002430,17-10-1968,Male,White,Not Hispanic or Latino,22405,VA,Northern,30-03-2025
PAT002431,09-02-1972,Male,Black or African American,Not Hispanic or Latino,23225,VA,Central,03-12-2023
PAT002432,28-05-1980,Female,White,Not Hispanic or Latino,23803,VA,Southern,29-10-2023
PAT002433,24-02-1993,Male,White,Not Hispanic or Latino,23220,VA,Central,07-05-2024
PAT002434,06-08-1960,Female,Black or African American,Not Hispanic or Latino,23831,VA,Southern,28-02-2023
PAT002435,17-11-1945,Female,White,Not Hispanic or Latino,22551,VA,Northern,21-12-2024
PAT002436,18-02-1986,Female,American Indian or Alaska Native,Not Hispanic or Latino,23220,VA,Central,26-12-2024
PAT002437,05-04-2012,Male,White,Not Hispanic or Latino,22551,VA,Northern,25-10-2025
PAT002438,11-09-1994,Female,White,Not Hispanic or Latino,23220,VA,Central,22-06-2025
PAT002439,04-06-1986,Male,Black or African American,Not Hispanic or Latino,23803,VA,Southern,22-02-2025
PAT002440,07-07-1937,Male,White,Not Hispanic or Latino,23602,VA,Eastern,23-01-2024
PAT002441,20-03-1984,Female,Asian,Not Hispanic or Latino,22554,VA,Northern,20-12-2025
PAT002442,14-09-2010,Female,Native Hawaiian or Other Pacific Islander,Unknown,22901,VA,Western,13-04-2023
PAT002443,04-04-1965,Female,Asian,Not Hispanic or Latino,23805,VA,Southern,24-08-2023
PAT002444,19-01-2006,Male,Asian,Not Hispanic or Latino,23223,VA,Central,03-05-2024
PAT002445,04-09-2005,Female,Black or African American,Not Hispanic or Latino,22554,VA,Northern,08-04-2024
PAT002446,23-10-1976,Male,White,Not Hispanic or Latino,22551,VA,Northern,13-03-2025
PAT002447,08-02-1984,Male,White,Hispanic or Latino,23831,VA,Southern,11-10-2025
PAT002448,26-03-1987,Female,Black or African American,Not Hispanic or Latino,22405,VA,Northern,12-12-2024
PAT002449,23-05-1965,Male,Black or African American,Not Hispanic or Latino,23223,VA,Central,07-01-2023
PAT002450,17-03-1974,Female,Black or African American,Not Hispanic or Latino,23225,VA,Central,17-09-2024
PAT002451,11-03-2000,Female,Black or African American,Not Hispanic or Latino,23220,VA,Central,08-12-2023
PAT002452,15-06-1988,Male,White,Not Hispanic or Latino,22405,VA,Northern,27-01-2023
PAT002453,11-07-1992,Male,White,Unknown,23185,VA,Eastern,30-12-2023
PAT002454,06-02-2017,Female,Black or African American,Not Hispanic or Latino,23220,VA,Central,22-12-2024
PAT002455,01-10-1983,Female,White,Not Hispanic or Latino,23606,VA,Eastern,21-05-2024
PAT002456,02-02-1945,Male,White,Not Hispanic or Latino,22901,VA,Western,18-08-2024
PAT002457,17-09-2000,Female,White,Not Hispanic or Latino,23221,VA,Central,28-10-2023
PAT002458,04-02-1978,Female,White,Not Hispanic or Latino,23831,VA,Southern,18-11-2024
PAT002459,24-08-1968,Female,White,Not Hispanic or Latino,23602,VA,Eastern,11-06-2024
PAT002460,12-05-1992,Male,White,Not Hispanic or Latino,22551,VA,Northern,28-01-2023
PAT002461,10-06-1977,Male,Unknown,Not Hispanic or Latino,23831,VA,Southern,26-11-2025
PAT002462,28-11-1963,Female,White,Not Hispanic or Latino,22551,VA,Northern,19-08-2023
PAT002463,17-11-1986,Female,Asian,Not Hispanic or Latino,22901,VA,Western,30-10-2023
PAT002464,22-04-1994,Female,White,Not Hispanic or Latino,22405,VA,Northern,01-01-2025
PAT002465,08-01-1983,Male,Black or African American,Not Hispanic or Latino,22551,VA,Northern,06-01-2025
PAT002466,03-12-2019,Female,White,Not Hispanic or Latino,23221,VA,Central,12-02-2025
PAT002467,09-02-1980,Female,Multiple,Hispanic or Latino,23834,VA,Southern,15-12-2025
PAT002468,22-05-1973,Female,Black or African American,Not Hispanic or Latino,22554,VA,Northern,09-11-2024
PAT002469,14-10-1984,Male,Black or African American,Not Hispanic or Latino,23223,VA,Central,25-09-2024
PAT002470,19-01-1987,Female,Asian,Not Hispanic or Latino,22554,VA,Northern,09-09-2023
PAT002471,19-08-1984,Male,White,Not Hispanic or Latino,22554,VA,Northern,13-08-2024
PAT002472,16-01-1974,Female,Asian,Not Hispanic or Latino,23221,VA,Central,13-08-2025
PAT002473,10-09-2021,Female,Black or African American,Unknown,22405,VA,Northern,13-09-2024
PAT002474,03-05-1945,Female,Native Hawaiian or Other Pacific Islander,Not Hispanic or Latino,23831,VA,Southern,01-02-2023
PAT002475,07-01-1983,Female,White,Hispanic or Latino,23223,VA,Central,10-09-2023
PAT002476,10-08-1990,Female,White,Not Hispanic or Latino,23220,VA,Central,31-05-2025
PAT002477,27-11-1985,Male,White,Not Hispanic or Latino,23220,VA,Central,13-04-2023
PAT002478,12-03-1952,Male,Black or African American,Not Hispanic or Latino,22903,VA,Western,25-10-2025
PAT002479,23-02-2003,Male,White,Not Hispanic or Latino,23831,VA,Southern,20-10-2023
PAT002480,19-07-2019,Male,American Indian or Alaska Native,Not Hispanic or Latino,23220,VA,Central,18-08-2024
PAT002481,16-01-2018,Male,Other,Not Hispanic or Latino,23602,VA,Eastern,24-05-2024
PAT002482,21-11-1935,Female,White,Not Hispanic or Latino,23834,VA,Southern,15-05-2025
PAT002483,09-02-1948,Male,Black or African American,Not Hispanic or Latino,23223,VA,Central,28-09-2024
PAT002484,14-10-1955,Male,White,Not Hispanic or Latino,23831,VA,Southern,13-10-2023
PAT002485,09-04-1980,Male,American Indian or Alaska Native,Not Hispanic or Latino,23805,VA,Southern,02-05-2025
PAT002486,10-04-2008,Female,White,Not Hispanic or Latino,23223,VA,Central,25-06-2023
PAT002487,21-10-1986,Female,White,Not Hispanic or Latino,23606,VA,Eastern,11-01-2024
PAT002488,04-07-1969,Female,White,Not Hispanic or Latino,23221,VA,Central,14-12-2025
PAT002489,11-12-1946,Female,Black or African American,Hispanic or Latino,23223,VA,Central,17-08-2025
PAT002490,15-07-2014,Male,White,Not Hispanic or Latino,23225,VA,Central,20-04-2025
PAT002491,18-01-1968,Male,White,Not Hispanic or Latino,23185,VA,Eastern,12-05-2025
PAT002492,20-03-1989,Male,Black or African American,Not Hispanic or Latino,23223,VA,Central,11-05-2024
PAT002493,12-09-1966,Male,White,Not Hispanic or Latino,23601,VA,Eastern,23-08-2024
PAT002494,05-07-2024,Female,White,Not Hispanic or Latino,23834,VA,Southern,11-07-2024
PAT002495,15-09-2011,Male,White,Not Hispanic or Latino,23185,VA,Eastern,23-06-2023
PAT002496,27-05-2024,Male,White,Not Hispanic or Latino,22401,VA,Northern,03-05-2025
PAT002497,27-02-1981,Female,Other,Not Hispanic or Latino,23831,VA,Southern,13-09-2025
PAT002498,28-06-1964,Female,White,Hispanic or Latino,23220,VA,Central,06-09-2023
PAT002499,22-10-1979,Female,White,Not Hispanic or Latino,22401,VA,Northern,24-02-2024
PAT002500,18-03-2009,Male,White,Hispanic or Latino,23606,VA,Eastern,07-10-2023
PAT002501,21-11-1953,Female,Black or African American,Not Hispanic or Latino,23805,VA,Southern,08-09-2024
PAT002502,24-05-1965,Female,Black or African American,Not Hispanic or Latino,23185,VA,Eastern,20-09-2025
PAT002503,03-02-2001,Female,White,Not Hispanic or Latino,22901,VA,Western,10-11-2023
PAT002504,04-09-2004,Male,White,Not Hispanic or Latino,23805,VA,Southern,23-02-2024
PAT002505,01-08-1974,Female,White,Not Hispanic or Latino,23225,VA,Central,11-03-2025
PAT002506,10-02-1975,Female,White,Not Hispanic or Latino,23225,VA,Central,17-09-2025
PAT002507,27-04-1973,Male,White,Not Hispanic or Latino,23831,VA,Southern,18-06-2025
PAT002508,20-11-1962,Male,Black or African American,Not Hispanic or Latino,22901,VA,Western,04-06-2025
PAT002509,01-11-2021,Female,White,Not Hispanic or Latino,23601,VA,Eastern,18-10-2023
PAT002510,17-03-2000,Male,White,Not Hispanic or Latino,22405,VA,Northern,02-09-2025
PAT002511,10-05-1983,Female,Asian,Not Hispanic or Latino,23803,VA,Southern,06-10-2025
PAT002512,09-11-1949,Male,White,Not Hispanic or Latino,23834,VA,Southern,01-03-2025
PAT002513,14-08-2022,Male,Black or African American,Unknown,23225,VA,Central,31-10-2023
PAT002514,15-05-1960,M,White,Not Hispanic or Latino,23803,VA,Southern,08-03-2025
PAT002515,10-10-2007,Male,American Indian or Alaska Native,Unknown,23220,VA,Central,29-06-2025
PAT002516,05-06-2024,Female,Black or African American,Hispanic or Latino,22911,VA,Western,17-09-2025
PAT002517,06-01-2017,Female,White,Not Hispanic or Latino,23223,VA,Central,22-10-2025
PAT002518,07-09-1962,Female,White,Not Hispanic or Latino,23223,VA,Central,11-12-2025
PAT002519,03-09-1948,Female,Asian,Not Hispanic or Latino,22902,VA,Western,07-11-2023
PAT002520,24-11-2014,Male,Black or African American,Not Hispanic or Latino,23602,VA,Eastern,30-07-2025
PAT002521,09-03-1964,Male,White,Not Hispanic or Latino,23831,VA,Southern,17-03-2025
PAT002522,16-11-2005,Male,Black or African American,Not Hispanic or Latino,22911,VA,Western,24-08-2025
PAT002523,06-11-1941,Female,White,Not Hispanic or Latino,22554,VA,Northern,23-09-2023
PAT002524,19-06-1964,Female,Asian,Not Hispanic or Latino,23223,VA,Central,06-04-2025
PAT002525,01-01-1989,Male,Other,Not Hispanic or Latino,23805,VA,Southern,19-04-2024
PAT002526,04-11-1957,Female,White,Not Hispanic or Latino,22551,VA,Northern,02-09-2025
PAT002527,25-04-1950,Female,Other,Hispanic or Latino,23221,VA,Central,04-08-2023
PAT002528,13-12-2020,Female,White,Hispanic or Latino,23834,VA,Southern,12-05-2023
PAT002529,09-10-1990,Female,White,Not Hispanic or Latino,22401,VA,Northern,18-03-2023
PAT002530,15-02-1937,Male,White,Not Hispanic or Latino,23223,VA,Central,02-03-2023
PAT002531,04-06-1955,Male,Multiple,Not Hispanic or Latino,22911,VA,Western,12-02-2025
PAT002532,19-11-1973,Female,Black or African American,Not Hispanic or Latino,23805,VA,Southern,05-02-2024
PAT002533,15-08-1999,Male,Asian,Not Hispanic or Latino,23602,VA,Eastern,06-04-2024
PAT002534,06-12-2001,Female,Other,Not Hispanic or Latino,23834,VA,Southern,18-12-2025
PAT002535,03-04-1963,Female,White,Not Hispanic or Latino,22401,VA,Northern,17-07-2023
PAT002536,26-01-2019,Male,White,Not Hispanic or Latino,22902,VA,Western,11-01-2023
PAT002537,19-07-1970,Female,White,Not Hispanic or Latino,22401,VA,Northern,28-11-2024
PAT002538,24-11-1973,Male,Black or African American,Not Hispanic or Latino,23834,VA,Southern,25-01-2024
PAT002539,19-04-1962,Female,White,Hispanic or Latino,23606,VA,Eastern,22-10-2025
PAT002540,20-06-1970,Female,White,Not Hispanic or Latino,23221,VA,Central,18-05-2023
PAT002541,21-07-2011,Male,White,Not Hispanic or Latino,23225,VA,Central,26-05-2023
PAT002542,05-02-1966,Female,Black or African American,Not Hispanic or Latino,22903,VA,Western,26-07-2023
PAT002543,08-08-2022,Male,Black or African American,Not Hispanic or Latino,23803,VA,Southern,08-11-2024
PAT002544,27-04-1990,Female,Multiple,Not Hispanic or Latino,23223,VA,Central,29-05-2024
PAT002545,12-12-1948,Male,Black or African American,Not Hispanic or Latino,23220,VA,Central,20-11-2023
PAT002546,18-02-1971,Male,White,Not Hispanic or Latino,23221,VA,Central,26-11-2025
PAT002547,13-05-2009,Male,American Indian or Alaska Native,Hispanic or Latino,22401,VA,Northern,16-08-2023
PAT002548,09-08-1942,Male,White,Not Hispanic or Latino,22401,VA,Northern,08-03-2023
PAT002549,09-07-1950,Male,Multiple,Not Hispanic or Latino,23221,VA,Central,16-11-2024
PAT002550,07-03-2024,Other,White,Not Hispanic or Latino,23831,VA,Southern,09-05-2024
PAT002551,03-08-1972,Female,White,Not Hispanic or Latino,22901,VA,Western,09-12-2024
PAT002552,20-07-1958,Female,Unknown,Not Hispanic or Latino,23220,VA,Central,07-09-2025
PAT002553,24-05-1956,Male,White,Not Hispanic or Latino,23185,VA,Eastern,02-08-2023
PAT002554,17-08-1959,Male,White,Not Hispanic or Latino,23601,VA,Eastern,18-12-2024
PAT002555,10-08-1969,Female,Black or African American,Not Hispanic or Latino,22405,VA,Northern,13-02-2023
PAT002556,25-01-2006,Female,White,Not Hispanic or Latino,23221,VA,Central,30-12-2025
PAT002557,22-07-1981,Male,White,Not Hispanic or Latino,23185,VA,Eastern,14-09-2025
PAT002558,25-07-2006,Female,White,Not Hispanic or Latino,22551,VA,Northern,14-09-2023
PAT002559,14-12-1947,Male,White,Not Hispanic or Latino,23221,VA,Central,25-08-2023
PAT002560,20-02-1946,Male,Black or African American,Not Hispanic or Latino,22903,VA,Western,21-12-2024
PAT002561,14-06-1987,Male,White,Not Hispanic or Latino,23803,VA,Southern,02-05-2024
PAT002562,19-02-1987,Male,Black or African American,Not Hispanic or Latino,23220,VA,Central,10-04-2024
PAT002563,25-12-2012,Female,Unknown,Not Hispanic or Latino,23185,VA,Eastern,31-01-2023
PAT002564,03-01-2018,Male,Black or African American,Not Hispanic or Latino,22401,VA,Northern,17-09-2023
PAT002565,10-03-1946,Female,White,Not Hispanic or Latino,22901,VA,Western,05-10-2024
PAT002566,21-10-1996,Female,White,Not Hispanic or Latino,23221,VA,Central,21-08-2024
PAT002567,13-10-1956,Female,White,Not Hispanic or Latino,22551,VA,Northern,08-09-2023
PAT002568,09-02-2023,Female,Black or African American,Not Hispanic or Latino,23221,VA,Central,18-11-2025
PAT002569,27-12-1938,Female,Asian,Not Hispanic or Latino,23602,VA,Eastern,27-03-2024
PAT002570,10-12-1993,Female,White,Not Hispanic or Latino,22554,VA,Northern,22-08-2024
PAT002571,17-04-1940,Female,White,Not Hispanic or Latino,23602,VA,Eastern,15-10-2024
PAT002572,04-09-2008,Female,Other,Hispanic or Latino,23220,VA,Central,10-12-2024
PAT002573,20-12-1994,Male,White,Not Hispanic or Latino,23834,VA,Southern,26-07-2024
PAT002574,05-04-2005,Female,Black or African American,Not Hispanic or Latino,23221,VA,Central,16-09-2024
PAT002575,07-09-1964,Female,Black or African American,Not Hispanic or Latino,23220,VA,Central,01-02-2025
PAT002576,02-03-1937,Male,Multiple,Not Hispanic or Latino,22405,VA,Northern,20-06-2025
PAT002577,04-08-1980,Male,White,Not Hispanic or Latino,23803,VA,Southern,18-10-2025
PAT002578,09-05-2006,Female,White,Not Hispanic or Latino,22551,VA,Northern,07-09-2024
PAT002579,09-01-2005,Female,Black or African American,Not Hispanic or Latino,22551,VA,Northern,11-10-2025
PAT002580,13-07-2025,Male,Black or African American,Not Hispanic or Latino,23606,VA,Eastern,24-07-2025
PAT002581,13-04-2000,Male,White,Hispanic or Latino,22405,VA,Northern,01-06-2025
PAT002582,22-01-1982,Male,Black or African American,Not Hispanic or Latino,23223,VA,Central,06-03-2023
PAT002583,01-06-1967,Male,Black or African American,Not Hispanic or Latino,22554,VA,Northern,21-06-2024
PAT002584,07-10-1935,Male,Black or African American,Not Hispanic or Latino,23803,VA,Southern,29-11-2024
PAT002585,14-10-1937,Female,Asian,Not Hispanic or Latino,22551,VA,Northern,27-04-2023
PAT002586,18-02-1963,Female,Other,Not Hispanic or Latino,22551,VA,Northern,11-08-2024
PAT002587,15-09-1977,Female,Multiple,Not Hispanic or Latino,23225,VA,Central,28-11-2025
PAT002588,13-03-1986,Male,Unknown,Not Hispanic or Latino,23225,VA,Central,02-05-2024
PAT002589,09-01-2003,Male,Asian,Hispanic or Latino,23223,VA,Central,25-06-2023
PAT002590,10-09-1953,Male,Black or African American,Not Hispanic or Latino,23831,VA,Southern,19-03-2025
PAT002591,09-10-2024,Male,Black or African American,Not Hispanic or Latino,22554,VA,Northern,23-02-2025
PAT002592,26-11-1999,Female,Multiple,Hispanic or Latino,23220,VA,Central,12-09-2023
PAT002593,22-10-1951,Female,White,Not Hispanic or Latino,23223,VA,Central,25-06-2024
PAT002594,15-08-2002,Female,Asian,Not Hispanic or Latino,23220,VA,Central,19-06-2025
PAT002595,02-08-2025,Female,White,Not Hispanic or Latino,23223,VA,Central,02-12-2025
PAT002596,07-09-1980,Male,White,Not Hispanic or Latino,23834,VA,Southern,30-04-2023
PAT002597,20-05-2023,Female,White,Not Hispanic or Latino,23831,VA,Southern,24-07-2023
PAT002598,09-03-1993,Male,Black or African American,Not Hispanic or Latino,22554,VA,Northern,15-06-2024
PAT002599,08-03-2010,Male,White,Not Hispanic or Latino,22405,VA,Northern,28-10-2023
PAT002600,21-10-1962,Male,White,Not Hispanic or Latino,23220,VA,Central,21-04-2024
PAT002601,02-11-1957,Male,American Indian or Alaska Native,Not Hispanic or Latino,23601,VA,Eastern,03-11-2025
PAT002602,11-10-2011,Female,White,Hispanic or Latino,22401,VA,Northern,11-04-2024
PAT002603,09-12-2006,Male,White,Not Hispanic or Latino,23831,VA,Southern,03-02-2023
PAT002604,23-09-1996,Female,Unknown,Not Hispanic or Latino,23803,VA,Southern,25-04-2024
PAT002605,03-02-1949,Male,White,Not Hispanic or Latino,22911,VA,Western,20-08-2023
PAT002606,08-02-1967,Male,Multiple,Not Hispanic or Latino,22405,VA,Northern,29-10-2024
PAT002607,14-11-1996,Male,Asian,Not Hispanic or Latino,23803,VA,Southern,23-05-2025
PAT002608,01-03-2016,Female,Black or African American,Not Hispanic or Latino,22903,VA,Western,07-01-2025
PAT002609,21-07-1950,Female,White,Not Hispanic or Latino,22903,VA,Western,21-08-2025
PAT002610,01-10-1998,Female,White,Not Hispanic or Latino,23805,VA,Southern,24-01-2025
PAT002611,05-05-1975,Female,White,Not Hispanic or Latino,23803,VA,Southern,06-08-2023
PAT002612,17-06-2019,Male,White,Not Hispanic or Latino,23831,VA,Southern,16-03-2024
PAT002613,02-10-1969,Male,White,Hispanic or Latino,22405,VA,Northern,19-02-2025
PAT002614,08-02-2023,Male,Black or African American,Not Hispanic or Latino,23225,VA,Central,14-10-2023
PAT002615,26-09-1962,Female,White,Not Hispanic or Latino,23803,VA,Southern,25-08-2025
PAT002616,15-09-1991,Female,Asian,Not Hispanic or Latino,23831,VA,Southern,05-07-2024
PAT002617,10-10-1972,Male,White,Not Hispanic or Latino,22902,VA,Western,04-11-2024
PAT002618,08-06-1972,Female,White,Not Hispanic or Latino,22551,VA,Northern,06-10-2024
PAT002619,08-12-2022,Female,Unknown,Not Hispanic or Latino,23834,VA,Southern,19-04-2025
PAT002620,12-02-1996,Male,White,Not Hispanic or Latino,22401,VA,Northern,11-01-2025
PAT002621,20-08-1940,Female,White,Not Hispanic or Latino,23805,VA,Southern,08-07-2025
PAT002622,19-04-1994,Female,Black or African American,Not Hispanic or Latino,22405,VA,Northern,16-05-2024
PAT002623,22-07-1978,Female,White,Not Hispanic or Latino,23805,VA,Southern,17-06-2024
PAT002624,11-05-1963,Male,Black or African American,Not Hispanic or Latino,22554,VA,Northern,30-08-2023
PAT002625,14-07-1974,Female,American Indian or Alaska Native,Not Hispanic or Latino,23601,VA,Eastern,09-10-2025
PAT002626,15-03-2019,Female,Other,Not Hispanic or Latino,22401,VA,Northern,08-12-2023
PAT002627,09-07-1974,Male,White,Not Hispanic or Latino,22911,VA,Western,26-07-2023
PAT002628,27-01-1956,Female,Black or African American,Not Hispanic or Latino,22551,VA,Northern,19-02-2023
PAT002629,03-03-1979,Female,Other,Not Hispanic or Latino,23805,VA,Southern,20-11-2025
PAT002630,13-09-1962,Male,Black or African American,Not Hispanic or Latino,23225,VA,Central,26-12-2024
PAT002631,23-07-1973,Female,White,Not Hispanic or Latino,23805,VA,Southern,23-08-2024
PAT002632,27-06-1974,Female,White,Not Hispanic or Latino,23831,VA,Southern,09-08-2023
PAT002633,03-01-1964,Female,White,Hispanic or Latino,23831,VA,Southern,08-07-2025
PAT002634,21-07-1976,Female,White,Not Hispanic or Latino,23225,VA,Central,11-06-2025
PAT002635,23-08-1971,Male,Black or African American,Not Hispanic or Latino,23601,VA,Eastern,11-01-2024
PAT002636,05-02-2009,Male,Black or African American,Not Hispanic or Latino,23220,VA,Central,27-01-2025
PAT002637,15-11-1939,Male,White,Not Hispanic or Latino,22551,VA,Northern,18-10-2024
PAT002638,17-03-1983,Male,Asian,Not Hispanic or Latino,23831,VA,Southern,18-07-2023
PAT002639,16-05-2000,Male,White,Not Hispanic or Latino,23831,VA,Southern,09-04-2023
PAT002640,17-09-1942,Male,Asian,Not Hispanic or Latino,23225,VA,Central,07-08-2024
PAT002641,11-07-1997,Female,Black or African American,Hispanic or Latino,23805,VA,Southern,21-10-2023
PAT002642,24-12-1990,Female,White,Not Hispanic or Latino,23221,VA,Central,31-05-2025
PAT002643,19-05-2009,Female,White,Not Hispanic or Latino,23223,VA,Central,23-07-2023
PAT002644,06-05-1985,Male,White,Not Hispanic or Latino,22401,VA,Northern,12-08-2024
PAT002645,15-08-1952,Male,White,Not Hispanic or Latino,23221,VA,Central,13-12-2023
PAT002646,20-05-1951,Female,White,Not Hispanic or Latino,23220,VA,Central,19-04-2024
PAT002647,05-05-1939,Female,Black or African American,Hispanic or Latino,23220,VA,Central,28-02-2024
PAT002648,01-03-1991,Male,White,Not Hispanic or Latino,22401,VA,Northern,04-02-2024
PAT002649,27-08-1975,Female,Native Hawaiian or Other Pacific Islander,Hispanic or Latino,22401,VA,Northern,26-01-2025
PAT002650,19-05-1972,Female,Multiple,Not Hispanic or Latino,23225,VA,Central,30-06-2025
PAT002651,27-03-1982,Male,Black or African American,Not Hispanic or Latino,23834,VA,Southern,27-08-2024
PAT002652,23-12-1957,Female,White,Not Hispanic or Latino,22901,VA,Western,29-06-2025
PAT002653,09-08-1994,Male,White,Not Hispanic or Latino,23220,VA,Central,08-10-2023
PAT002654,22-12-1952,Female,Unknown,Hispanic or Latino,22901,VA,Western,25-12-2024
PAT002655,24-02-1935,Female,Black or African American,Not Hispanic or Latino,23221,VA,Central,02-06-2023
PAT002656,17-03-1950,Male,White,Unknown,22554,VA,Northern,19-07-2024
PAT002657,24-11-2011,Female,Unknown,Not Hispanic or Latino,22901,VA,Western,06-10-2024
PAT002658,14-01-1976,Male,White,Hispanic or Latino,23220,VA,Central,03-12-2025
PAT002659,27-04-2015,Female,Black or African American,Not Hispanic or Latino,23803,VA,Southern,17-01-2023
PAT002660,19-03-2018,Female,Multiple,Not Hispanic or Latino,23225,VA,Central,26-03-2024
PAT002661,09-04-1965,Female,Multiple,Hispanic or Latino,23225,VA,Central,07-11-2023
PAT002662,24-03-1968,Female,White,Not Hispanic or Latino,23834,VA,Southern,01-08-2024
PAT002663,21-04-1973,Male,White,Not Hispanic or Latino,22901,VA,Western,23-11-2025
PAT002664,14-01-2001,Male,Other,Not Hispanic or Latino,23803,VA,Southern,01-10-2025
PAT002665,07-10-1967,Male,Black or African American,Not Hispanic or Latino,23805,VA,Southern,21-03-2023
PAT002666,09-12-2012,Unknown,White,Not Hispanic or Latino,22911,VA,Western,25-04-2024
PAT002667,16-06-1980,Female,Unknown,Not Hispanic or Latino,22405,VA,Northern,06-09-2024
PAT002668,22-05-1953,Male,White,Not Hispanic or Latino,23606,VA,Eastern,30-09-2025
PAT002669,13-11-1935,Male,White,Hispanic or Latino,23831,VA,Southern,12-09-2025
PAT002670,08-02-1971,Male,White,Not Hispanic or Latino,23803,VA,Southern,11-08-2024
PAT002671,11-08-2012,Female,White,Not Hispanic or Latino,22902,VA,Western,20-05-2025
PAT002672,15-03-1989,Male,White,Not Hispanic or Latino,23223,VA,Central,21-08-2023
PAT002673,13-12-1970,Unknown,Unknown,Not Hispanic or Latino,23601,VA,Eastern,17-09-2025
PAT002674,20-08-1935,Male,White,Hispanic or Latino,23225,VA,Central,25-04-2024
PAT002675,09-05-1960,Female,Native Hawaiian or Other Pacific Islander,Not Hispanic or Latino,23805,VA,Southern,17-04-2025
PAT002676,25-09-1975,Male,Native Hawaiian or Other Pacific Islander,Not Hispanic or Latino,23831,VA,Southern,19-06-2024
PAT002677,13-07-2015,Female,Multiple,Not Hispanic or Latino,23834,VA,Southern,20-05-2025
PAT002678,02-05-1969,Male,White,Not Hispanic or Latino,23223,VA,Central,21-09-2025
PAT002679,11-04-1979,Female,White,Not Hispanic or Latino,22401,VA,Northern,23-09-2024
PAT002680,08-07-1993,Female,Black or African American,Not Hispanic or Latino,23221,VA,Central,27-02-2024
PAT002681,04-11-1936,Male,Black or African American,Not Hispanic or Latino,23831,VA,Southern,22-09-2023
PAT002682,01-09-1966,Male,White,Not Hispanic or Latino,23220,VA,Central,15-02-2025
PAT002683,11-12-2005,Male,White,Not Hispanic or Latino,22554,VA,Northern,10-05-2023
PAT002684,07-09-2006,Male,Black or African American,Not Hispanic or Latino,22903,VA,Western,11-02-2024
PAT002685,13-09-1955,Female,Asian,Not Hispanic or Latino,23221,VA,Central,17-08-2024
PAT002686,12-03-1963,Male,Multiple,Not Hispanic or Latino,23831,VA,Southern,26-04-2025
PAT002687,24-09-2019,Female,White,Not Hispanic or Latino,22405,VA,Northern,28-01-2023
PAT002688,25-01-2024,Male,White,Not Hispanic or Latino,22401,VA,Northern,21-06-2025
PAT002689,02-08-1995,Unknown,Black or African American,Not Hispanic or Latino,22405,VA,Northern,02-08-2024
PAT002690,08-01-1951,Male,White,Not Hispanic or Latino,23221,VA,Central,11-03-2023
PAT002691,04-12-1952,Male,Black or African American,Not Hispanic or Latino,23225,VA,Central,31-03-2025
PAT002692,09-12-1956,Female,White,Not Hispanic or Latino,23220,VA,Central,06-06-2023
PAT002693,24-09-1958,Male,White,Not Hispanic or Latino,23225,VA,Central,11-02-2023
PAT002694,27-12-2007,Female,Multiple,Hispanic or Latino,23221,VA,Central,15-07-2023
PAT002695,26-10-1937,Male,White,Not Hispanic or Latino,22551,VA,,02-02-2024
PAT002696,14-06-1998,Female,Black or African American,Hispanic or Latino,22901,VA,Western,10-09-2024
PAT002697,07-08-1986,Male,White,Not Hispanic or Latino,22401,VA,Northern,25-06-2024
PAT002698,10-07-2010,Male,White,Not Hispanic or Latino,23606,VA,Eastern,10-07-2023
PAT002699,18-07-1987,Female,Other,Not Hispanic or Latino,22554,VA,Northern,16-09-2025
PAT002700,18-12-1986,Female,White,Not Hispanic or Latino,23805,VA,Southern,22-02-2025
PAT002701,24-08-1975,Female,White,Not Hispanic or Latino,22911,VA,Western,02-02-2025
PAT002702,04-12-2008,Male,White,Not Hispanic or Latino,23606,VA,Eastern,03-04-2024
PAT002703,13-01-1942,Male,White,Not Hispanic or Latino,22902,VA,Western,04-07-2025
PAT002704,19-08-1985,Male,Black or African American,Not Hispanic or Latino,22401,VA,Northern,28-09-2024
PAT002705,26-03-1950,Male,White,Not Hispanic or Latino,23220,VA,Central,15-07-2023
PAT002706,07-03-2008,Female,White,Not Hispanic or Latino,23225,VA,Central,26-05-2024
PAT002707,13-03-2005,Male,Asian,Not Hispanic or Latino,23606,VA,Eastern,07-12-2025
PAT002708,25-10-1964,Female,Asian,Hispanic or Latino,23601,VA,Eastern,01-05-2023
PAT002709,09-08-1936,Unknown,White,Not Hispanic or Latino,23225,VA,Central,29-09-2024
PAT002710,02-03-1997,Female,Unknown,Not Hispanic or Latino,22903,VA,Western,12-04-2025
PAT002711,23-05-2025,Male,Black or African American,Not Hispanic or Latino,22902,VA,Western,02-12-2025
PAT002712,16-09-1992,Male,Black or African American,Not Hispanic or Latino,22903,VA,Western,27-04-2024
PAT002713,23-08-1985,Male,Asian,Not Hispanic or Latino,23606,VA,Eastern,19-11-2025
PAT002714,24-12-2008,Male,Other,Not Hispanic or Latino,22401,VA,Northern,04-08-2023
PAT002715,03-12-1969,Female,White,Hispanic or Latino,22551,VA,Northern,18-09-2023
PAT002716,17-03-2025,Male,Multiple,Hispanic or Latino,23185,VA,Eastern,10-06-2025
PAT002717,28-08-1987,Female,Black or African American,Not Hispanic or Latino,23220,VA,Central,21-03-2023
PAT002718,06-08-2012,Female,White,Hispanic or Latino,22911,VA,Western,14-10-2023
PAT002719,14-09-1937,Male,White,Not Hispanic or Latino,23606,VA,Eastern,19-01-2023
PAT002720,14-02-2016,Male,Asian,Not Hispanic or Latino,23602,VA,Eastern,09-07-2024
PAT002721,20-06-1991,Male,Black or African American,Not Hispanic or Latino,23223,VA,Central,06-12-2023
PAT002722,17-05-2003,Female,Black or African American,Not Hispanic or Latino,23601,VA,Eastern,30-01-2025
PAT002723,09-10-1944,Female,White,Not Hispanic or Latino,22551,VA,Northern,05-08-2025
PAT002724,24-06-2019,Female,White,Not Hispanic or Latino,23805,VA,Southern,03-12-2023
PAT002725,27-12-1982,Female,Black or African American,Not Hispanic or Latino,23225,VA,Central,21-01-2023
PAT002726,06-07-1950,Male,White,Not Hispanic or Latino,23221,VA,Central,21-08-2025
PAT002727,10-01-1989,Female,Asian,Not Hispanic or Latino,23221,VA,Central,13-02-2024
PAT002728,18-02-1979,Male,White,Not Hispanic or Latino,23225,VA,Central,08-11-2024
PAT002729,20-01-1974,Female,Multiple,Not Hispanic or Latino,23225,VA,Central,17-11-2023
PAT002730,21-06-2005,Male,White,Not Hispanic or Latino,23221,VA,Central,07-12-2024
PAT002731,07-01-1980,Female,Black or African American,Not Hispanic or Latino,22554,VA,Northern,05-08-2024
PAT002732,19-07-1977,Female,White,Not Hispanic or Latino,23831,VA,Southern,22-01-2025
PAT002733,18-05-1995,Male,White,Not Hispanic or Latino,23601,VA,Eastern,08-06-2023
PAT002734,24-02-2003,Male,Other,Not Hispanic or Latino,23221,VA,Central,27-07-2024
PAT002735,19-05-2002,Female,Black or African American,Not Hispanic or Latino,22901,VA,Western,17-09-2023
PAT002736,19-09-1963,Male,Black or African American,Hispanic or Latino,23834,VA,Southern,07-11-2024
PAT002737,28-12-1999,Female,White,Not Hispanic or Latino,23225,VA,Central,04-03-2024
PAT002738,26-01-1973,Male,Multiple,Not Hispanic or Latino,23221,VA,Central,19-03-2024
PAT002739,05-10-1958,Male,Black or African American,Not Hispanic or Latino,23221,VA,Central,04-12-2023
PAT002740,11-01-1945,Male,White,Not Hispanic or Latino,23803,VA,Southern,17-04-2023
PAT002741,26-09-2021,Male,Black or African American,Hispanic or Latino,22911,VA,Western,21-05-2025
PAT002742,11-08-1965,Male,White,Not Hispanic or Latino,22554,VA,Northern,21-10-2025
PAT002743,08-02-1963,Female,Black or African American,Not Hispanic or Latino,23225,VA,Central,11-02-2025
PAT002744,23-07-1963,Female,Black or African American,Hispanic or Latino,22911,VA,Western,28-12-2024
PAT002745,11-09-1998,Female,Asian,Not Hispanic or Latino,22401,VA,Northern,14-03-2024
PAT002746,27-11-1973,Male,Asian,Hispanic or Latino,22554,VA,Northern,20-10-2023
PAT002747,15-09-2012,Female,Black or African American,Not Hispanic or Latino,23834,VA,Southern,28-05-2024
PAT002748,18-02-1939,Male,Black or African American,Not Hispanic or Latino,23225,VA,Central,14-12-2024
PAT002749,28-01-2002,Male,White,Not Hispanic or Latino,23223,VA,Central,12-08-2025
PAT002750,12-11-1978,Male,White,Not Hispanic or Latino,22551,VA,Northern,13-03-2024
PAT002751,12-07-2001,Female,White,Hispanic or Latino,23221,VA,Central,22-01-2023
PAT002752,12-08-1954,Female,Asian,Unknown,22902,VA,Western,12-01-2023
PAT002753,11-05-1966,Female,White,Hispanic or Latino,23803,VA,Southern,25-01-2025
PAT002754,17-05-1976,Female,White,Not Hispanic or Latino,23803,VA,Southern,13-07-2024
PAT002755,09-11-2024,Female,Black or African American,Not Hispanic or Latino,22551,VA,Northern,31-05-2025
PAT002756,23-12-2024,Male,Black or African American,Not Hispanic or Latino,22554,VA,Northern,12-05-2025
PAT002757,27-10-2024,Male,White,Not Hispanic or Latino,23803,VA,Southern,29-10-2025
PAT002758,21-10-1945,Male,White,Not Hispanic or Latino,22551,VA,Northern,01-10-2025
PAT002759,24-08-1988,Female,Asian,Hispanic or Latino,22901,VA,,20-03-2023
PAT002760,20-01-2014,Female,Black or African American,Not Hispanic or Latino,23221,VA,Central,29-12-2023
PAT002761,14-02-2003,Female,White,Hispanic or Latino,23803,VA,Southern,25-04-2023
PAT002762,23-11-1983,Female,White,Not Hispanic or Latino,23220,VA,Central,05-10-2024
PAT002763,09-09-1957,Male,Black or African American,Not Hispanic or Latino,23221,VA,Central,04-02-2023
PAT002764,28-11-1997,Male,White,Not Hispanic or Latino,23223,VA,Central,13-12-2023
PAT002765,12-12-1942,Female,White,Not Hispanic or Latino,23220,VA,Central,05-04-2025
PAT002766,22-11-1994,Male,Black or African American,Not Hispanic or Latino,23803,VA,Southern,14-05-2023
PAT002767,05-09-2019,Female,Black or African American,Not Hispanic or Latino,23831,VA,Southern,21-06-2023
PAT002768,02-08-1988,Male,White,Hispanic or Latino,23602,VA,Eastern,11-02-2024
PAT002769,14-09-1979,Male,White,Not Hispanic or Latino,22405,VA,Northern,07-01-2023
PAT002770,18-05-1971,Female,White,Not Hispanic or Latino,22554,VA,Northern,30-08-2023
PAT002771,19-08-1950,Male,White,Not Hispanic or Latino,23220,VA,Central,06-08-2025
PAT002772,03-02-2005,Female,White,Not Hispanic or Latino,22405,VA,Northern,26-06-2023
PAT002773,19-06-1988,Male,Other,Hispanic or Latino,23185,VA,Eastern,13-12-2023
PAT002774,21-04-2025,Male,White,Not Hispanic or Latino,23223,VA,Central,16-08-2025
PAT002775,08-12-1989,Female,White,Unknown,23223,VA,Central,27-01-2024
PAT002776,05-12-1979,Male,White,Not Hispanic or Latino,22554,VA,Northern,20-04-2023
PAT002777,10-12-1995,Male,Asian,Hispanic or Latino,22405,VA,Northern,25-07-2024
PAT002778,11-10-2021,Male,White,Not Hispanic or Latino,23606,VA,Eastern,07-04-2024
PAT002779,09-04-1977,Male,Black or African American,Not Hispanic or Latino,23805,VA,Southern,29-12-2023
PAT002780,23-05-2016,Female,White,Not Hispanic or Latino,23225,VA,Central,25-06-2024
PAT002781,12-08-2005,Male,Asian,Not Hispanic or Latino,23602,VA,Eastern,15-12-2024
PAT002782,17-11-1936,Female,Black or African American,Not Hispanic or Latino,23834,VA,Southern,16-12-2023
PAT002783,13-10-1990,Female,Multiple,Not Hispanic or Latino,22902,VA,Western,07-03-2024
PAT002784,21-06-2012,Male,White,Not Hispanic or Latino,23602,VA,Eastern,29-02-2024
PAT002785,17-12-1950,Female,Unknown,Not Hispanic or Latino,23223,VA,Central,05-07-2023
PAT002786,09-04-1982,Female,White,Unknown,23805,VA,Southern,15-08-2025
PAT002787,04-01-1952,Male,White,Not Hispanic or Latino,23601,VA,Eastern,31-08-2025
PAT002788,19-08-2003,Female,American Indian or Alaska Native,Hispanic or Latino,23223,VA,Central,01-02-2025
PAT002789,22-07-1981,Male,Black or African American,Hispanic or Latino,23803,VA,Southern,22-10-2024
PAT002790,21-02-1964,Male,Black or African American,Not Hispanic or Latino,23223,VA,Central,17-01-2023
PAT002791,16-07-1988,Female,White,Not Hispanic or Latino,23223,VA,Central,20-11-2024
PAT002792,12-03-2004,Male,Black or African American,Hispanic or Latino,22903,VA,Western,30-11-2023
PAT002793,06-09-2011,Female,Multiple,Not Hispanic or Latino,23220,VA,Central,18-06-2025
PAT002794,15-10-1978,Female,American Indian or Alaska Native,Not Hispanic or Latino,22551,VA,Northern,28-03-2025
PAT002795,09-04-1945,Other,Black or African American,Not Hispanic or Latino,23831,VA,Southern,22-11-2024
PAT002796,13-11-1968,Female,Black or African American,Not Hispanic or Latino,23831,VA,Southern,24-03-2023
PAT002797,25-04-1961,Male,White,Not Hispanic or Latino,23803,VA,Southern,12-05-2025
PAT002798,19-05-2012,Female,Multiple,Not Hispanic or Latino,23225,VA,Central,28-02-2023
PAT002799,06-09-1955,Female,White,Hispanic or Latino,22554,VA,Northern,09-12-2025
PAT002800,25-10-1972,Male,Black or African American,Not Hispanic or Latino,22902,VA,Western,24-09-2023
PAT002801,26-06-1980,Female,Other,Not Hispanic or Latino,23220,VA,Central,05-07-2023
PAT002802,26-03-1971,Male,Asian,Hispanic or Latino,23223,VA,Central,28-07-2025
PAT002803,15-03-1948,F,Black or African American,Not Hispanic or Latino,23220,VA,Central,30-10-2023
PAT002804,10-03-1954,Male,White,Hispanic or Latino,22554,VA,Northern,14-06-2023
PAT002805,28-04-1973,Female,Black or African American,Not Hispanic or Latino,22405,VA,Northern,13-06-2025
PAT002806,08-12-1989,Female,White,Not Hispanic or Latino,22902,VA,Western,05-02-2025
PAT002807,06-08-2025,Male,Black or African American,Not Hispanic or Latino,22554,VA,Northern,31-08-2025
PAT002808,22-09-1992,Female,Black or African American,Not Hispanic or Latino,23225,VA,Central,11-03-2024
PAT002809,13-11-1992,Male,White,Hispanic or Latino,23225,VA,Central,12-05-2024
PAT002810,13-02-1978,Female,Asian,Hispanic or Latino,22405,VA,Northern,13-10-2024
PAT002811,25-07-2021,Male,White,Not Hispanic or Latino,22903,VA,Western,02-08-2024
PAT002812,28-12-1939,Female,Multiple,Not Hispanic or Latino,23606,VA,Eastern,17-03-2025
PAT002813,12-02-1982,Female,Black or African American,Hispanic or Latino,23834,VA,Southern,25-02-2023
PAT002814,06-10-1953,Female,White,Not Hispanic or Latino,23601,VA,Eastern,25-01-2025
PAT002815,17-06-1949,Male,Asian,Not Hispanic or Latino,23220,VA,Central,26-03-2025
PAT002816,08-11-1958,Male,Black or African American,Not Hispanic or Latino,23805,VA,Southern,20-10-2025
PAT002817,07-01-1972,Male,Multiple,Not Hispanic or Latino,23602,VA,Eastern,10-06-2025
PAT002818,13-06-1989,Male,White,Not Hispanic or Latino,23221,VA,Central,21-05-2025
PAT002819,10-05-1956,Female,Black or African American,Not Hispanic or Latino,23834,VA,Southern,11-09-2025
PAT002820,14-05-1975,Male,Asian,Not Hispanic or Latino,23601,VA,Eastern,01-12-2023
PAT002821,17-11-1969,Male,White,Not Hispanic or Latino,23220,VA,Central,10-08-2025
PAT002822,12-02-1963,Male,White,Hispanic or Latino,23185,VA,Eastern,08-04-2025
PAT002823,06-01-1963,Female,Other,Not Hispanic or Latino,23223,VA,Central,21-09-2023
PAT002824,13-09-1966,Female,White,Not Hispanic or Latino,22911,VA,Western,24-01-2023
PAT002825,22-11-2010,Male,Asian,Not Hispanic or Latino,23225,VA,Central,15-05-2025
PAT002826,10-01-1963,Male,White,Not Hispanic or Latino,23834,VA,Southern,13-06-2024
PAT002827,04-11-1979,Male,White,Not Hispanic or Latino,22911,VA,Western,25-10-2025
PAT002828,23-08-1949,Male,Black or African American,Not Hispanic or Latino,23602,VA,Eastern,31-12-2025
PAT002829,26-02-1985,Male,Asian,Hispanic or Latino,23221,VA,Central,18-05-2025
PAT002830,28-07-1967,Other,White,Not Hispanic or Latino,23220,VA,Central,04-11-2023
PAT002831,23-06-1960,Female,White,Not Hispanic or Latino,22554,VA,Northern,09-02-2024
PAT002832,24-10-2009,Male,Black or African American,Not Hispanic or Latino,23834,VA,Southern,09-06-2025
PAT002833,10-08-2024,Female,White,Hispanic or Latino,22401,VA,Northern,11-10-2024
PAT002834,12-08-2010,Female,Black or African American,Not Hispanic or Latino,23220,VA,Central,26-01-2025
PAT002835,11-07-1999,Female,Black or African American,Not Hispanic or Latino,23223,VA,Central,18-02-2023
PAT002836,10-03-1999,Male,White,Not Hispanic or Latino,23223,VA,Central,04-05-2025
PAT002837,11-08-1990,Male,Black or African American,Hispanic or Latino,23223,VA,Central,14-03-2023
PAT002838,12-02-1981,Male,White,Not Hispanic or Latino,22901,VA,Western,24-12-2025
PAT002839,06-04-1995,Female,White,Not Hispanic or Latino,22901,VA,Western,31-12-2025
PAT002840,24-03-1957,Unknown,White,Not Hispanic or Latino,22405,VA,Northern,07-10-2025
PAT002841,12-05-1969,Male,American Indian or Alaska Native,Not Hispanic or Latino,22551,VA,Northern,14-05-2024
PAT002842,27-12-1961,Female,White,Unknown,22551,VA,Northern,25-03-2023
PAT002843,12-06-2023,Female,Unknown,Not Hispanic or Latino,22901,VA,Western,09-11-2023
PAT002844,21-12-1966,Female,White,Not Hispanic or Latino,23803,VA,Southern,21-02-2025
PAT002845,03-12-2009,Female,Black or African American,Not Hispanic or Latino,23223,VA,Central,10-09-2024
PAT002846,01-07-1947,Male,White,Not Hispanic or Latino,23805,VA,Southern,10-06-2024
PAT002847,04-07-2005,Male,Black or African American,Unknown,22902,VA,Western,18-06-2024
PAT002848,17-10-1971,Male,White,Not Hispanic or Latino,22405,VA,Northern,11-04-2023
PAT002849,16-10-1996,Male,Black or African American,Not Hispanic or Latino,23805,VA,Southern,13-06-2025
PAT002850,23-12-1952,Female,Asian,Not Hispanic or Latino,23221,VA,Central,20-07-2024
PAT002851,02-11-2009,Male,White,Not Hispanic or Latino,22911,VA,Western,07-01-2024
PAT002852,09-05-1939,Male,Unknown,Not Hispanic or Latino,23185,VA,Eastern,13-04-2025
PAT002853,26-01-2001,Male,White,Not Hispanic or Latino,23225,VA,Central,23-09-2023
PAT002854,15-05-2017,Female,Other,Hispanic or Latino,23831,VA,Southern,18-07-2023
PAT002855,01-04-2000,Male,White,Not Hispanic or Latino,22554,VA,Northern,28-03-2024
PAT002856,10-10-1974,Male,Black or African American,Not Hispanic or Latino,22551,VA,Northern,11-05-2025
PAT002857,13-09-2015,Female,Asian,Not Hispanic or Latino,23834,VA,Southern,26-01-2023
PAT002858,11-06-1997,Female,White,Not Hispanic or Latino,23831,VA,Southern,29-06-2025
PAT002859,28-08-2003,Male,Asian,Not Hispanic or Latino,22551,VA,Northern,07-03-2024
PAT002860,06-12-1967,Female,White,Not Hispanic or Latino,22911,VA,Western,07-06-2024
PAT002861,22-01-1948,Female,Unknown,Not Hispanic or Latino,22401,VA,Northern,23-09-2025
PAT002862,03-06-1982,Male,White,Not Hispanic or Latino,23601,VA,Eastern,20-12-2025
PAT002863,10-05-1970,Female,White,Not Hispanic or Latino,23223,VA,Central,13-07-2025
PAT002864,01-08-1965,Male,White,Not Hispanic or Latino,23601,VA,Eastern,08-12-2023
PAT002865,19-06-1941,Female,White,Not Hispanic or Latino,23225,VA,Central,30-04-2025
PAT002866,18-05-2025,Male,White,Not Hispanic or Latino,23225,VA,Central,17-07-2025
PAT002867,05-09-2013,Female,Unknown,Not Hispanic or Latino,23225,VA,Central,10-09-2023
PAT002868,07-07-1989,Female,White,Not Hispanic or Latino,23805,VA,Southern,15-08-2023
PAT002869,06-05-1942,Female,Black or African American,Not Hispanic or Latino,23221,VA,Central,01-04-2025
PAT002870,12-07-2008,Male,White,Hispanic or Latino,23221,VA,Central,06-05-2025
PAT002871,11-05-1941,Male,White,Not Hispanic or Latino,22554,VA,Northern,05-08-2023
PAT002872,18-09-1997,Female,Black or African American,Not Hispanic or Latino,23225,VA,Central,06-04-2024
PAT002873,16-07-1977,Female,White,Not Hispanic or Latino,23225,VA,Central,09-08-2024
PAT002874,28-03-1946,Male,Multiple,Not Hispanic or Latino,23805,VA,Southern,30-03-2025
PAT002875,18-01-1971,Male,White,Not Hispanic or Latino,23223,VA,Central,08-08-2025
PAT002876,22-03-1940,Male,Black or African American,Not Hispanic or Latino,23220,VA,Central,24-02-2025
PAT002877,14-11-1966,Female,White,Not Hispanic or Latino,23225,VA,Central,20-04-2025
PAT002878,01-11-1954,Male,White,Not Hispanic or Latino,23221,VA,Central,11-10-2023
PAT002879,20-02-1991,Male,Multiple,Not Hispanic or Latino,23834,VA,Southern,16-02-2023
PAT002880,08-10-1985,Female,White,Not Hispanic or Latino,22902,VA,Western,24-08-2025
PAT002881,01-06-2023,Male,Multiple,Not Hispanic or Latino,23225,VA,Central,17-12-2024
PAT002882,28-04-2009,Female,White,Not Hispanic or Latino,23221,VA,Central,26-07-2025
PAT002883,28-12-1949,Male,White,Not Hispanic or Latino,23221,VA,Central,25-12-2023
PAT002884,07-12-1992,Female,American Indian or Alaska Native,Not Hispanic or Latino,22903,VA,Western,29-09-2023
PAT002885,01-02-1998,Female,White,Not Hispanic or Latino,23221,VA,Central,02-08-2025
PAT002886,22-04-1983,Female,White,Not Hispanic or Latino,23225,VA,Central,10-05-2024
PAT002887,15-03-1963,Male,Black or African American,Not Hispanic or Latino,23220,VA,Central,09-11-2024
PAT002888,15-04-2020,Female,Asian,Not Hispanic or Latino,23220,VA,Central,15-01-2023
PAT002889,22-01-1979,Female,Asian,Not Hispanic or Latino,23225,VA,Central,30-11-2025
PAT002890,03-07-1992,Male,Multiple,Not Hispanic or Latino,23834,VA,Southern,16-06-2024
PAT002891,18-12-1961,Male,White,Not Hispanic or Latino,22401,VA,Northern,29-12-2025
PAT002892,16-08-2007,Male,Asian,Not Hispanic or Latino,23803,VA,Southern,22-08-2024
PAT002893,27-07-1963,Female,Black or African American,Unknown,22401,VA,Northern,14-01-2025
PAT002894,17-12-2013,Female,Asian,Not Hispanic or Latino,22911,VA,Western,27-05-2025
PAT002895,05-02-2004,Male,Black or African American,Not Hispanic or Latino,23831,VA,Southern,17-08-2023
PAT002896,14-06-2020,Male,Black or African American,Not Hispanic or Latino,23223,VA,Central,18-10-2023
PAT002897,07-08-1953,Female,White,Not Hispanic or Latino,23602,VA,Eastern,18-07-2023
PAT002898,23-11-1985,Male,White,Not Hispanic or Latino,23220,VA,Central,27-07-2025
PAT002899,16-12-1961,Female,White,Not Hispanic or Latino,22902,VA,Western,16-06-2024
PAT002900,23-05-1950,Female,Asian,Not Hispanic or Latino,22551,VA,Northern,08-11-2024
PAT002901,23-08-1978,Female,White,Not Hispanic or Latino,23223,VA,Central,17-07-2024
PAT002902,25-01-1941,Female,White,Not Hispanic or Latino,23805,VA,Southern,31-10-2023
PAT002903,01-05-2009,Female,White,Unknown,22405,VA,Northern,29-01-2025
PAT002904,23-06-1981,Female,White,Not Hispanic or Latino,22554,VA,Northern,20-09-2024
PAT002905,19-03-1938,Male,Black or African American,Unknown,23602,VA,Eastern,31-08-2025
PAT002906,22-08-1964,Female,Other,Not Hispanic or Latino,22903,VA,Western,13-11-2023
PAT002907,05-12-1964,Male,White,Not Hispanic or Latino,22902,VA,Western,21-08-2024
PAT002908,21-05-1948,Female,Black or African American,Not Hispanic or Latino,22405,VA,Northern,27-02-2023
PAT002909,19-04-1962,Male,White,Not Hispanic or Latino,23223,VA,Central,31-10-2023
PAT002910,09-01-1942,Male,Multiple,Not Hispanic or Latino,23223,VA,Central,07-11-2025
PAT002911,13-09-1964,Female,Black or African American,Not Hispanic or Latino,23225,VA,Central,15-12-2023
PAT002912,05-11-1970,Male,White,Not Hispanic or Latino,23223,VA,Central,07-12-2025
PAT002913,28-07-2014,Male,Unknown,Not Hispanic or Latino,22911,VA,Western,13-12-2023
PAT002914,06-08-1991,Female,White,Not Hispanic or Latino,23606,VA,Eastern,16-02-2025
PAT002915,03-11-1960,Female,Asian,Not Hispanic or Latino,22554,VA,Northern,05-04-2024
PAT002916,08-04-1986,Female,White,Not Hispanic or Latino,22405,VA,Northern,23-07-2024
PAT002917,26-12-1966,Male,White,Not Hispanic or Latino,22401,VA,Northern,08-02-2024
PAT002918,15-08-1949,Female,Black or African American,Not Hispanic or Latino,23803,VA,Southern,09-12-2025
PAT002919,24-04-1961,Male,White,Not Hispanic or Latino,22902,VA,Western,14-01-2025
PAT002920,21-07-2006,Male,Black or African American,Hispanic or Latino,23803,VA,Southern,05-11-2024
PAT002921,09-02-1967,Male,Multiple,Not Hispanic or Latino,23803,VA,Southern,25-04-2023
PAT002922,17-10-1993,Male,American Indian or Alaska Native,Not Hispanic or Latino,22405,VA,Northern,16-05-2024
PAT002923,06-12-1999,Male,White,Not Hispanic or Latino,22902,VA,Western,12-04-2024
PAT002924,15-12-1964,Male,Asian,Hispanic or Latino,22405,VA,Northern,24-03-2023
PAT002925,09-09-1999,Male,Multiple,Not Hispanic or Latino,23185,VA,Eastern,25-01-2024
PAT002926,05-02-1979,Male,Black or African American,Not Hispanic or Latino,23223,VA,Central,05-05-2023
PAT002927,08-04-2001,Male,Other,Not Hispanic or Latino,23225,VA,Central,08-08-2025
PAT002928,26-09-1957,Male,White,Not Hispanic or Latino,23803,VA,Southern,15-10-2024
PAT002929,16-04-2023,Male,Multiple,Not Hispanic or Latino,23220,VA,Central,11-07-2024
PAT002930,07-08-1989,Female,Multiple,Not Hispanic or Latino,23220,VA,Central,16-03-2024
PAT002931,19-05-1992,Male,Black or African American,Hispanic or Latino,23220,VA,Central,30-05-2025
PAT002932,24-02-1977,Male,Black or African American,Hispanic or Latino,22911,VA,Western,03-02-2024
PAT002933,09-01-1993,Female,White,Not Hispanic or Latino,23225,VA,Central,08-07-2024
PAT002934,06-11-1968,Male,Black or African American,Not Hispanic or Latino,23831,VA,Southern,04-11-2025
PAT002935,10-09-1983,Male,White,Not Hispanic or Latino,23223,VA,Central,25-06-2024
PAT002936,09-06-2000,Male,White,Not Hispanic or Latino,23831,VA,Southern,20-06-2025
PAT002937,16-03-1957,Male,Multiple,Not Hispanic or Latino,22901,VA,Western,15-10-2024
PAT002938,16-08-1944,Female,White,Not Hispanic or Latino,23221,VA,Central,02-01-2024
PAT002939,22-07-1958,Female,Black or African American,Not Hispanic or Latino,22903,VA,Western,13-07-2023
PAT002940,11-08-1976,Female,White,Not Hispanic or Latino,23221,VA,Central,01-02-2024
PAT002941,25-02-1978,Female,White,Not Hispanic or Latino,23221,VA,Central,12-03-2024
PAT002942,10-09-2016,Female,Black or African American,Not Hispanic or Latino,22554,VA,Northern,22-12-2025
PAT002943,22-02-1983,Female,Black or African American,Not Hispanic or Latino,22554,VA,Northern,06-03-2024
PAT002944,05-11-1942,Female,Asian,Not Hispanic or Latino,22903,VA,Western,17-11-2023
PAT002945,26-07-1972,Female,White,Not Hispanic or Latino,23805,VA,Southern,20-11-2023
PAT002946,06-11-1941,Male,White,Not Hispanic or Latino,22554,VA,Northern,23-11-2025
PAT002947,20-11-1983,Female,Black or African American,Not Hispanic or Latino,23225,VA,Central,05-07-2024
PAT002948,16-05-2000,Female,Black or African American,Not Hispanic or Latino,22554,VA,Northern,29-01-2025
PAT002949,11-05-1988,F,Black or African American,Unknown,23831,VA,Southern,07-10-2024
PAT002950,14-05-2011,Female,White,Not Hispanic or Latino,22911,VA,Western,04-05-2025
PAT002951,02-07-2007,Female,White,Not Hispanic or Latino,22551,VA,Northern,25-12-2024
PAT002952,25-08-2003,Female,Other,Not Hispanic or Latino,23831,VA,Southern,09-02-2023
PAT002953,07-04-1938,Male,White,Hispanic or Latino,23831,VA,Southern,26-08-2024
PAT002954,11-01-1949,Female,Multiple,Not Hispanic or Latino,22551,VA,Northern,22-02-2025
PAT002955,18-09-1997,Female,White,Not Hispanic or Latino,23221,VA,Central,16-03-2024
PAT002956,28-08-1991,Female,White,Not Hispanic or Latino,22554,VA,Northern,07-08-2023
PAT002957,06-04-1974,Female,Black or African American,Not Hispanic or Latino,23223,VA,Central,09-09-2025
PAT002958,25-01-2010,Male,Native Hawaiian or Other Pacific Islander,Unknown,23225,VA,Central,24-09-2025
PAT002959,20-05-1972,Male,White,Not Hispanic or Latino,23225,VA,Central,02-05-2023
PAT002960,21-01-1989,Female,Asian,Not Hispanic or Latino,23831,VA,Southern,19-07-2024
PAT002961,15-06-1982,Male,Black or African American,Not Hispanic or Latino,23223,VA,Central,16-08-2023
PAT002962,24-03-1983,Female,White,Hispanic or Latino,23220,VA,Central,26-10-2024
PAT002963,28-03-1994,Female,White,Not Hispanic or Latino,23601,VA,Eastern,04-09-2024
PAT002964,18-04-1966,Female,White,Not Hispanic or Latino,22401,VA,Northern,16-06-2025
PAT002965,19-06-2018,Female,White,Not Hispanic or Latino,23223,VA,Central,23-12-2025
PAT002966,01-12-1998,Female,White,Not Hispanic or Latino,23805,VA,Southern,20-05-2023
PAT002967,23-12-1935,Male,Multiple,Not Hispanic or Latino,23831,VA,Southern,09-01-2025
PAT002968,07-12-2011,Male,Black or African American,Not Hispanic or Latino,22405,VA,Northern,19-10-2024
PAT002969,15-04-2011,Female,White,Not Hispanic or Latino,22903,VA,Western,13-11-2024
PAT002970,23-11-1954,Female,Asian,Hispanic or Latino,22903,VA,Western,06-06-2024
PAT002971,01-12-1981,Male,Asian,Not Hispanic or Latino,22405,VA,Northern,02-09-2023
PAT002972,13-07-2012,Male,Black or African American,Not Hispanic or Latino,23225,VA,Central,09-04-2023
PAT002973,02-09-1977,Male,White,Not Hispanic or Latino,22554,VA,Northern,03-02-2023
PAT002974,02-07-1942,Male,White,Not Hispanic or Latino,22554,VA,Northern,04-10-2025
PAT002975,11-10-2016,Male,White,Not Hispanic or Latino,23803,VA,Southern,04-06-2023
PAT002976,18-02-1942,Male,Black or African American,Not Hispanic or Latino,22401,VA,Northern,25-12-2025
PAT002977,28-09-1955,Female,White,Not Hispanic or Latino,23803,VA,Southern,17-08-2025
PAT002978,07-11-1981,Male,Other,Not Hispanic or Latino,23220,VA,Central,01-06-2025
PAT002979,15-08-2017,Female,White,Not Hispanic or Latino,23221,VA,Central,07-11-2024
PAT002980,21-03-2023,Male,White,Hispanic or Latino,23831,VA,Southern,27-06-2024
PAT002981,24-12-1967,Male,Black or African American,Not Hispanic or Latino,22551,VA,Northern,13-02-2023
PAT002982,10-10-1984,Male,Other,Not Hispanic or Latino,23220,VA,Central,09-03-2025
PAT002983,08-01-1975,Male,White,Not Hispanic or Latino,23602,VA,Eastern,24-05-2025
PAT002984,28-05-2003,Female,White,Not Hispanic or Latino,22902,VA,Western,30-10-2024
PAT002985,21-08-1982,Female,Asian,Not Hispanic or Latino,23221,VA,Central,27-12-2024
PAT002986,25-04-2003,Female,Black or African American,Not Hispanic or Latino,23221,VA,Central,27-02-2024
PAT002987,04-03-1998,Female,White,Not Hispanic or Latino,23220,VA,Central,28-12-2025
PAT002988,18-03-2024,Female,Black or African American,Hispanic or Latino,23223,VA,Central,27-05-2024
PAT002989,08-06-1985,Male,Asian,Not Hispanic or Latino,22902,VA,Western,18-02-2024
PAT002990,14-03-1986,Male,Black or African American,Hispanic or Latino,23223,VA,Central,22-04-2024
PAT002991,01-06-2019,Male,White,Not Hispanic or Latino,23805,VA,Southern,19-06-2025
PAT002992,01-07-1957,Male,Black or African American,Hispanic or Latino,22911,VA,Western,03-03-2024
PAT002993,15-01-1995,Female,White,Not Hispanic or Latino,23225,VA,Central,28-03-2025
PAT002994,25-04-2001,Male,White,Not Hispanic or Latino,23834,VA,,13-09-2023
PAT002995,17-03-1989,Female,White,Not Hispanic or Latino,23220,VA,Central,30-11-2023
PAT002996,04-04-1936,Male,Black or African American,Not Hispanic or Latino,22551,VA,Northern,03-01-2025
PAT002997,14-06-1979,Male,Unknown,Unknown,22902,VA,Western,06-03-2024
PAT002998,12-09-1958,Female,Unknown,Not Hispanic or Latino,22551,VA,Northern,06-06-2024
PAT002999,15-02-1967,Female,Black or African American,Not Hispanic or Latino,23220,VA,Central,15-01-2023
PAT003000,13-07-1948,Female,White,Not Hispanic or Latino,23220,VA,Central,27-12-2024
PAT003001,27-05-1970,Male,Black or African American,Not Hispanic or Latino,23803,VA,Southern,08-06-2025
PAT003002,23-04-1998,Female,Black or African American,Not Hispanic or Latino,22401,VA,Northern,09-03-2025
PAT003003,01-08-1961,Female,Other,Not Hispanic or Latino,23223,VA,Central,24-10-2024
PAT003004,28-03-2024,Female,Asian,Not Hispanic or Latino,22405,VA,Northern,25-09-2024
PAT003005,05-01-1942,Female,White,Not Hispanic or Latino,23805,VA,Southern,15-10-2023
PAT003006,02-01-2010,Male,White,Not Hispanic or Latino,23805,VA,Southern,23-08-2024
PAT003007,14-10-1996,Male,Black or African American,Hispanic or Latino,23601,VA,Eastern,08-05-2025
PAT003008,17-03-1988,Male,Unknown,Not Hispanic or Latino,23805,VA,Southern,07-01-2024
PAT003009,26-02-1985,Female,Asian,Not Hispanic or Latino,23805,VA,Southern,03-03-2023
PAT003010,10-04-2010,Female,White,Not Hispanic or Latino,23225,VA,Central,03-02-2025
PAT003011,20-05-1961,Other,Native Hawaiian or Other Pacific Islander,Not Hispanic or Latino,22554,VA,Northern,28-02-2023
PAT003012,01-06-2007,Male,White,Not Hispanic or Latino,22551,VA,Northern,12-03-2023
PAT003013,02-07-2003,Female,White,Not Hispanic or Latino,23606,VA,Eastern,11-12-2025
PAT003014,04-03-2020,Male,White,Not Hispanic or Latino,23803,VA,Southern,15-12-2024
PAT003015,14-02-2000,Male,Multiple,Unknown,23220,VA,Central,19-08-2023
PAT003016,14-08-1983,Male,White,Not Hispanic or Latino,23834,VA,Southern,03-10-2023
PAT003017,16-05-2007,Female,White,Not Hispanic or Latino,23606,VA,Eastern,10-06-2024
PAT003018,22-06-2021,Male,White,Not Hispanic or Latino,23223,VA,Central,17-07-2023
PAT003019,24-08-2010,Male,White,Unknown,23221,VA,Central,15-09-2023
PAT003020,05-09-2018,Female,Black or African American,Not Hispanic or Latino,23221,VA,Central,06-04-2024
PAT003021,24-02-1965,Male,Black or African American,Unknown,22401,VA,Northern,07-04-2025
PAT003022,04-10-1998,Female,Black or African American,Not Hispanic or Latino,22405,VA,Northern,08-04-2024
PAT003023,24-03-1971,Female,Unknown,Not Hispanic or Latino,23223,VA,Central,04-11-2024
PAT003024,22-08-1964,Male,Asian,Not Hispanic or Latino,22554,VA,Northern,27-09-2023
PAT003025,12-07-1970,Male,Asian,Not Hispanic or Latino,22405,VA,Northern,12-03-2023
PAT003026,21-07-1979,Female,White,Not Hispanic or Latino,23803,VA,Southern,10-02-2024
PAT003027,05-01-1955,Female,Black or African American,Not Hispanic or Latino,23185,VA,Eastern,02-05-2024
PAT003028,11-07-1973,Male,White,Not Hispanic or Latino,22401,VA,Northern,11-09-2025
PAT003029,07-06-1992,Male,Black or African American,Not Hispanic or Latino,23225,VA,Central,14-07-2025
PAT003030,20-08-1987,Female,White,Not Hispanic or Latino,23223,VA,Central,19-06-2025
PAT003031,09-12-1989,Female,Black or African American,Not Hispanic or Latino,22554,VA,Northern,21-11-2024
PAT003032,11-05-1955,Male,Black or African American,Not Hispanic or Latino,23225,VA,Central,23-07-2025
PAT003033,28-11-2022,Female,White,Hispanic or Latino,23223,VA,Central,29-11-2025
PAT003034,26-02-2017,Male,White,Not Hispanic or Latino,23602,VA,Eastern,23-05-2025
PAT003035,18-01-1965,Male,White,Not Hispanic or Latino,23221,VA,Central,13-07-2023
PAT003036,27-08-2018,Female,Multiple,Not Hispanic or Latino,23220,VA,Central,04-09-2023
PAT003037,10-12-1943,Male,American Indian or Alaska Native,Not Hispanic or Latino,22405,VA,Northern,12-12-2024
PAT003038,14-08-1986,Female,Multiple,Not Hispanic or Latino,23803,VA,Southern,30-10-2025
PAT003039,27-07-1973,Female,Asian,Hispanic or Latino,23221,VA,Central,18-10-2023
PAT003040,25-04-1939,Female,White,Not Hispanic or Latino,22901,VA,Western,11-02-2024
PAT003041,12-12-1979,Female,White,Not Hispanic or Latino,23221,VA,Central,22-12-2025
PAT003042,26-01-1991,Male,Multiple,Not Hispanic or Latino,23602,VA,Eastern,16-04-2024
PAT003043,12-03-1991,Female,Asian,Not Hispanic or Latino,22902,VA,Western,25-07-2023
PAT003044,21-11-2002,Female,Multiple,Not Hispanic or Latino,23805,VA,Southern,08-11-2023
PAT003045,14-10-2008,Female,Black or African American,Not Hispanic or Latino,22902,VA,Western,24-07-2024
PAT003046,10-07-2006,Male,Black or African American,Not Hispanic or Latino,23225,VA,Central,04-12-2025
PAT003047,15-08-1984,Male,White,Hispanic or Latino,23223,VA,Central,06-10-2023
PAT003048,03-01-1998,Female,Multiple,Not Hispanic or Latino,23831,VA,Southern,30-09-2024
PAT003049,20-12-2001,Female,Black or African American,Not Hispanic or Latino,23220,VA,Central,02-05-2023
PAT003050,05-03-1994,Female,White,Not Hispanic or Latino,23225,VA,Central,25-11-2023
PAT003051,26-07-2018,Female,Multiple,Not Hispanic or Latino,23805,VA,Southern,08-05-2025
PAT003052,07-10-1995,Female,Asian,Not Hispanic or Latino,23221,VA,Central,18-12-2024
PAT003053,09-04-2005,Female,White,Not Hispanic or Latino,22405,VA,Northern,02-04-2025
PAT003054,24-12-2004,Female,White,Unknown,23601,VA,Eastern,26-02-2024
PAT003055,22-03-1968,Male,Multiple,Not Hispanic or Latino,23223,VA,Central,01-11-2024
PAT003056,04-11-1990,Male,Unknown,Not Hispanic or Latino,22903,VA,Western,09-12-2025
PAT003057,20-11-1974,Male,White,Not Hispanic or Latino,23225,VA,Central,20-04-2024
PAT003058,10-08-1980,Female,Unknown,Not Hispanic or Latino,23803,VA,Southern,19-07-2025
PAT003059,25-02-1973,Female,Black or African American,Not Hispanic or Latino,22903,VA,Western,11-07-2024
PAT003060,27-07-1975,Female,White,Not Hispanic or Latino,22554,VA,Northern,20-08-2023
PAT003061,14-08-1965,Female,White,Not Hispanic or Latino,22405,VA,Northern,24-09-2025
PAT003062,17-04-1998,Female,Asian,Not Hispanic or Latino,23220,VA,Central,01-07-2023
PAT003063,20-10-1979,Male,Multiple,Not Hispanic or Latino,23223,VA,Central,09-05-2024
PAT003064,14-12-1992,Female,Black or African American,Not Hispanic or Latino,23225,VA,Central,27-04-2023
PAT003065,28-02-1940,Male,Black or African American,Not Hispanic or Latino,23223,VA,Central,18-07-2024
PAT003066,21-05-1976,Male,White,Not Hispanic or Latino,22903,VA,Western,09-05-2025
PAT003067,12-05-1980,Female,American Indian or Alaska Native,Unknown,22401,VA,Northern,27-01-2023
PAT003068,26-12-1989,Male,White,Not Hispanic or Latino,23225,VA,Central,12-05-2024
PAT003069,08-08-1981,Male,Black or African American,Not Hispanic or Latino,23225,VA,Central,28-06-2024
PAT003070,16-12-2004,Female,Black or African American,Not Hispanic or Latino,23606,VA,Eastern,28-11-2025
PAT003071,20-01-2013,Male,White,Not Hispanic or Latino,23803,VA,Southern,21-07-2023
PAT003072,25-02-2022,Female,White,Unknown,23805,VA,Southern,08-01-2025
PAT003073,23-11-1966,Female,Unknown,Unknown,22551,VA,Northern,17-03-2025
PAT003074,02-12-1979,Male,White,Not Hispanic or Latino,23223,VA,Central,20-06-2025
PAT003075,28-10-1946,Female,Asian,Not Hispanic or Latino,23803,VA,Southern,27-03-2025
PAT003076,01-11-1994,Female,White,Not Hispanic or Latino,22902,VA,Western,06-01-2024
PAT003077,11-11-2025,Female,White,Not Hispanic or Latino,23220,VA,Central,29-11-2025
PAT003078,26-07-1961,Male,White,Not Hispanic or Latino,23220,VA,Central,24-07-2025
PAT003079,12-05-1962,Male,White,Not Hispanic or Latino,23831,VA,Southern,22-12-2024
PAT003080,15-05-1972,Female,White,Not Hispanic or Latino,23220,VA,Central,26-10-2024
PAT003081,21-12-1968,Female,White,Not Hispanic or Latino,23223,VA,Central,25-11-2023
PAT003082,25-09-1954,Female,White,Not Hispanic or Latino,23223,VA,Central,01-04-2025
PAT003083,25-06-1963,Female,White,Not Hispanic or Latino,22405,VA,Northern,20-10-2025
PAT003084,12-06-2023,Female,White,Not Hispanic or Latino,22405,VA,Northern,01-05-2024
PAT003085,04-05-1977,Female,Black or African American,Not Hispanic or Latino,22901,VA,Western,11-04-2025
PAT003086,16-10-1997,Male,American Indian or Alaska Native,Hispanic or Latino,23221,VA,Central,22-02-2025
PAT003087,28-05-1972,Male,Unknown,Not Hispanic or Latino,23834,VA,Southern,19-12-2024
PAT003088,12-08-2015,Male,Black or African American,Not Hispanic or Latino,23601,VA,Eastern,12-12-2023
PAT003089,04-01-1997,Female,White,Not Hispanic or Latino,23805,VA,Southern,27-09-2024
PAT003090,21-12-2009,Female,White,Not Hispanic or Latino,23831,VA,Southern,31-12-2023
PAT003091,23-10-2013,Female,White,Not Hispanic or Latino,23220,VA,Central,11-02-2024
PAT003092,23-02-1958,Male,White,Not Hispanic or Latino,23225,VA,Central,23-06-2024
PAT003093,11-12-2021,Female,Black or African American,Not Hispanic or Latino,23223,VA,Central,23-03-2025
PAT003094,04-07-1973,Male,Other,Not Hispanic or Latino,23831,VA,Southern,18-06-2023
PAT003095,15-04-1997,Female,Black or African American,Not Hispanic or Latino,23220,VA,Central,18-05-2024
PAT003096,22-03-1967,Female,White,Not Hispanic or Latino,23223,VA,Central,23-02-2023
PAT003097,27-04-1992,Male,White,Not Hispanic or Latino,23805,VA,Southern,17-05-2024
PAT003098,21-08-2018,Female,Other,Not Hispanic or Latino,23221,VA,Central,25-10-2023
PAT003099,08-05-1990,Female,Black or African American,Not Hispanic or Latino,23220,VA,Central,16-09-2025
PAT003100,18-07-1946,Male,White,Hispanic or Latino,22405,VA,Northern,24-04-2025
PAT003101,19-09-1973,Female,Other,Not Hispanic or Latino,22911,VA,Western,03-03-2025
PAT003102,23-05-1964,Male,Multiple,Not Hispanic or Latino,23223,VA,Central,23-06-2024
PAT003103,12-06-1947,Female,Black or African American,Not Hispanic or Latino,22405,VA,Northern,17-10-2024
PAT003104,03-06-1967,Female,White,Hispanic or Latino,23601,VA,Eastern,20-10-2024
PAT003105,19-09-2018,Female,Multiple,Not Hispanic or Latino,23221,VA,Central,17-07-2023
PAT003106,16-12-1991,Female,Other,Not Hispanic or Latino,23223,VA,Central,03-08-2023
PAT003107,08-10-1963,Female,White,Not Hispanic or Latino,23223,VA,Central,03-04-2024
PAT003108,19-05-1968,Male,White,Not Hispanic or Latino,22401,VA,Northern,31-07-2025
PAT003109,19-08-1993,Female,Black or African American,Not Hispanic or Latino,23834,VA,Southern,13-05-2023
PAT003110,18-01-1955,Female,White,Not Hispanic or Latino,23834,VA,Southern,28-04-2023
PAT003111,28-08-1949,Male,Black or African American,Hispanic or Latino,23805,VA,Southern,11-05-2023
PAT003112,03-06-1939,Male,White,Not Hispanic or Latino,23602,VA,Eastern,31-05-2024
PAT003113,20-12-2007,Female,Multiple,Not Hispanic or Latino,23834,VA,Southern,01-06-2025
PAT003114,13-03-1979,Female,White,Not Hispanic or Latino,22405,VA,Northern,14-07-2025
PAT003115,23-09-1971,Female,White,Not Hispanic or Latino,23602,VA,Eastern,07-11-2024
PAT003116,26-10-1972,Female,White,Not Hispanic or Latino,22911,VA,Western,23-10-2023
PAT003117,22-09-1978,Male,Black or African American,Not Hispanic or Latino,23831,VA,Southern,14-01-2023
PAT003118,25-12-2006,Male,Asian,Hispanic or Latino,23223,VA,Central,03-09-2023
PAT003119,20-02-1978,Female,White,Not Hispanic or Latino,23220,VA,Central,20-12-2025
PAT003120,06-12-2012,Male,Black or African American,Not Hispanic or Latino,22405,VA,Northern,24-05-2024
PAT003121,27-03-1981,Male,White,Not Hispanic or Latino,23221,VA,Central,02-03-2023
PAT003122,04-12-1992,Unknown,White,Not Hispanic or Latino,22554,VA,Northern,02-07-2023
PAT003123,19-07-1989,Female,White,Not Hispanic or Latino,22911,VA,Western,14-04-2025
PAT003124,16-12-1984,Male,White,Not Hispanic or Latino,22902,VA,Western,04-12-2024
PAT003125,10-02-1988,Male,Asian,Not Hispanic or Latino,22554,VA,Northern,30-12-2023
PAT003126,09-07-1964,Male,Black or African American,Not Hispanic or Latino,23606,VA,Eastern,05-07-2023
PAT003127,13-05-1988,Male,White,Not Hispanic or Latino,22405,VA,Northern,09-04-2024
PAT003128,21-11-1985,Male,White,Not Hispanic or Latino,23803,VA,Southern,26-11-2024
PAT003129,17-02-1968,Female,Black or African American,Not Hispanic or Latino,22554,VA,Northern,11-02-2023
PAT003130,02-09-2024,Female,White,Not Hispanic or Latino,22903,VA,Western,20-10-2024
PAT003131,17-01-2002,Female,White,Not Hispanic or Latino,23220,VA,Central,10-01-2023
PAT003132,10-07-1970,Male,White,Not Hispanic or Latino,22401,VA,Northern,06-02-2025
PAT003133,07-03-2023,Male,Black or African American,Not Hispanic or Latino,23225,VA,Central,13-03-2024
PAT003134,12-04-1982,Male,Black or African American,Not Hispanic or Latino,23220,VA,Central,13-11-2023
PAT003135,06-10-1996,Male,Black or African American,Not Hispanic or Latino,23225,VA,Central,30-12-2023
PAT003136,27-03-1944,Male,Unknown,Hispanic or Latino,23225,VA,Central,04-03-2023
PAT003137,18-01-1981,Male,White,Not Hispanic or Latino,22901,VA,Western,30-09-2024
PAT003138,04-05-1976,Female,Black or African American,Not Hispanic or Latino,23831,VA,Southern,05-01-2024
PAT003139,04-03-1991,Male,White,Not Hispanic or Latino,23225,VA,Central,31-01-2024
PAT003140,11-10-2021,Female,Multiple,Hispanic or Latino,23225,VA,Central,07-03-2025
PAT003141,22-02-2011,Male,White,Not Hispanic or Latino,23220,VA,Central,23-11-2024
PAT003142,05-06-2000,Male,Unknown,Not Hispanic or Latino,23805,VA,Southern,02-10-2025
PAT003143,02-07-1987,Male,White,Not Hispanic or Latino,23602,VA,Eastern,01-05-2023
PAT003144,23-11-1992,Male,Black or African American,Not Hispanic or Latino,23803,VA,Southern,30-11-2025
PAT003145,21-11-1989,Male,White,Not Hispanic or Latino,23223,VA,Central,15-12-2025
PAT003146,25-07-1991,Male,Black or African American,Not Hispanic or Latino,22405,VA,Northern,01-08-2024
PAT003147,15-03-1997,Female,Black or African American,Not Hispanic or Latino,23221,VA,Central,22-08-2024
PAT003148,14-07-1994,Female,Black or African American,Not Hispanic or Latino,23225,VA,Central,18-06-2023
PAT003149,16-01-1983,Female,Other,Hispanic or Latino,23803,VA,Southern,20-10-2024
PAT003150,20-08-1982,Female,Asian,Not Hispanic or Latino,22911,VA,Western,18-09-2024
PAT003151,25-05-1992,Female,Black or African American,Not Hispanic or Latino,23220,VA,Central,16-12-2025
PAT003152,03-04-2024,Female,White,Not Hispanic or Latino,23831,VA,Southern,25-11-2025
PAT003153,18-10-1964,Male,White,Not Hispanic or Latino,23221,VA,Central,04-10-2024
PAT003154,18-01-1937,Female,White,Not Hispanic or Latino,23220,VA,Central,07-04-2023
PAT003155,07-07-1986,Female,White,Not Hispanic or Latino,23831,VA,Southern,18-04-2023
PAT003156,28-11-1962,Male,White,Not Hispanic or Latino,22911,VA,Western,07-11-2025
PAT003157,17-03-2009,Male,Native Hawaiian or Other Pacific Islander,Not Hispanic or Latino,23602,VA,Eastern,02-04-2023
PAT003158,15-02-1954,Male,White,Hispanic or Latino,23221,VA,Central,29-03-2024
PAT003159,03-06-1979,Male,Black or African American,Hispanic or Latino,23221,VA,Central,11-10-2025
PAT003160,21-10-1972,Male,Black or African American,Unknown,23185,VA,Eastern,03-04-2023
PAT003161,23-04-1995,Female,White,Not Hispanic or Latino,23220,VA,Central,17-08-2024
PAT003162,22-04-2025,Other,White,Not Hispanic or Latino,22554,VA,Northern,30-12-2025
PAT003163,27-07-1955,Female,White,Not Hispanic or Latino,23805,VA,Southern,31-01-2025
PAT003164,05-01-1948,Male,Black or African American,Not Hispanic or Latino,23221,VA,Central,19-05-2024
PAT003165,22-07-2017,Female,Multiple,Not Hispanic or Latino,23831,VA,Southern,24-02-2024
PAT003166,24-11-1961,Male,Multiple,Not Hispanic or Latino,23223,VA,Central,18-04-2025
PAT003167,27-07-2025,Female,Unknown,Not Hispanic or Latino,23225,VA,Central,31-10-2025
PAT003168,27-04-1986,Female,Black or African American,Not Hispanic or Latino,23606,VA,Eastern,03-06-2024
PAT003169,21-01-1941,Female,White,Not Hispanic or Latino,22551,VA,Northern,27-03-2023
PAT003170,22-03-1993,Male,Black or African American,Not Hispanic or Latino,23805,VA,Southern,25-05-2023
PAT003171,06-02-2022,Female,White,Not Hispanic or Latino,22551,VA,Northern,17-05-2023
PAT003172,11-09-1955,Female,Black or African American,Not Hispanic or Latino,23805,VA,Southern,09-06-2024
PAT003173,18-05-2013,Female,White,Not Hispanic or Latino,22554,VA,Northern,06-08-2024
PAT003174,04-05-1942,Male,White,Not Hispanic or Latino,23185,VA,Eastern,19-03-2025
PAT003175,18-02-2019,Female,White,Not Hispanic or Latino,23834,VA,Southern,16-02-2024
PAT003176,02-09-1988,Female,White,Not Hispanic or Latino,23834,VA,Southern,07-09-2025
PAT003177,08-02-2004,Female,White,Hispanic or Latino,23803,VA,Southern,05-03-2025
PAT003178,25-02-2002,Male,White,Not Hispanic or Latino,22401,VA,Northern,10-05-2024
PAT003179,12-10-1994,Male,White,Not Hispanic or Latino,23606,VA,Eastern,20-10-2023
PAT003180,25-10-1946,Male,Black or African American,Not Hispanic or Latino,23220,VA,Central,28-10-2025
PAT003181,24-04-2001,Female,Black or African American,Not Hispanic or Latino,22554,VA,Northern,31-03-2023
PAT003182,11-03-2025,Male,Asian,Not Hispanic or Latino,23831,VA,Southern,08-06-2025
PAT003183,07-08-1996,Male,White,Not Hispanic or Latino,23803,VA,Southern,12-03-2025
PAT003184,10-03-1995,Male,Asian,Not Hispanic or Latino,23220,VA,Central,06-04-2024
PAT003185,07-11-2002,Male,Asian,Not Hispanic or Latino,23831,VA,Southern,17-06-2025
PAT003186,03-08-1960,Other,White,Not Hispanic or Latino,22405,VA,Northern,18-12-2025
PAT003187,06-09-2016,Female,Multiple,Not Hispanic or Latino,23221,VA,Central,12-10-2024
PAT003188,22-02-2024,Male,Asian,Not Hispanic or Latino,23220,VA,Central,16-04-2025
PAT003189,01-09-1991,Other,Black or African American,Not Hispanic or Latino,23601,VA,Eastern,20-10-2024
PAT003190,05-01-1985,Male,White,Not Hispanic or Latino,22901,VA,Western,23-04-2024
PAT003191,01-07-2007,Male,Black or African American,Not Hispanic or Latino,23803,VA,Southern,04-03-2025
PAT003192,25-04-2004,Male,White,Not Hispanic or Latino,22401,VA,Northern,01-06-2023
PAT003193,27-11-2007,Female,White,Hispanic or Latino,23834,VA,Southern,01-03-2025
PAT003194,20-11-2016,Female,Other,Not Hispanic or Latino,23834,VA,Southern,09-07-2025
PAT003195,08-12-1976,Male,White,Not Hispanic or Latino,22911,VA,Western,27-05-2024
PAT003196,15-11-1996,Male,Other,Not Hispanic or Latino,22911,VA,Western,10-11-2023
PAT003197,12-09-1968,Male,Asian,Not Hispanic or Latino,23221,VA,Central,23-10-2023
PAT003198,24-11-1971,Female,Native Hawaiian or Other Pacific Islander,Not Hispanic or Latino,22902,VA,Western,06-03-2025
PAT003199,12-03-2017,Female,Asian,Unknown,22401,VA,Northern,03-06-2025
PAT003200,02-03-2016,Female,White,Not Hispanic or Latino,22551,VA,Northern,20-04-2025
PAT003201,28-09-1979,Female,White,Not Hispanic or Latino,23221,VA,Central,03-04-2025
PAT003202,12-11-2003,Male,Black or African American,Not Hispanic or Latino,23805,VA,Southern,11-04-2025
PAT003203,15-07-1969,Female,Black or African American,Not Hispanic or Latino,22551,VA,Northern,28-06-2025
PAT003204,12-08-1984,Male,Native Hawaiian or Other Pacific Islander,Not Hispanic or Latino,23223,VA,Central,29-10-2024
PAT003205,05-07-1980,Female,White,Not Hispanic or Latino,23221,VA,Central,18-05-2024
PAT003206,07-12-1987,Female,Black or African American,Not Hispanic or Latino,22902,VA,Western,14-01-2025
PAT003207,18-08-1961,Female,Black or African American,Not Hispanic or Latino,23606,VA,Eastern,06-02-2025
PAT003208,07-05-1940,Female,Black or African American,Not Hispanic or Latino,23606,VA,Eastern,17-10-2023
PAT003209,18-02-1968,Female,White,Not Hispanic or Latino,23225,VA,Central,07-09-2024
PAT003210,07-01-1994,Female,Black or African American,Not Hispanic or Latino,23805,VA,Southern,22-11-2024
PAT003211,22-03-1982,Male,White,Not Hispanic or Latino,23225,VA,Central,25-11-2025
PAT003212,15-03-2012,Female,White,Not Hispanic or Latino,22901,VA,Western,27-02-2024
PAT003213,22-10-1948,Male,Black or African American,Not Hispanic or Latino,23221,VA,Central,13-07-2024
PAT003214,13-11-2021,Female,White,Not Hispanic or Latino,23601,VA,Eastern,05-11-2023
PAT003215,15-06-1994,Male,Unknown,Not Hispanic or Latino,23601,VA,Eastern,25-09-2023
PAT003216,11-08-1978,Female,Black or African American,Hispanic or Latino,23220,VA,Central,18-07-2023
PAT003217,03-02-1978,Female,White,Not Hispanic or Latino,23220,VA,Central,18-01-2023
PAT003218,28-06-1959,Female,White,Not Hispanic or Latino,23220,VA,Central,03-10-2024
PAT003219,07-06-1961,Male,White,Unknown,22405,VA,Northern,12-03-2024
PAT003220,12-02-1971,Male,White,Not Hispanic or Latino,23831,VA,Southern,03-07-2025
PAT003221,23-06-1983,Female,White,Not Hispanic or Latino,22902,VA,Western,16-08-2024
PAT003222,26-02-1986,Male,White,Not Hispanic or Latino,23601,VA,Eastern,08-11-2023
PAT003223,04-07-2020,Male,Black or African American,Not Hispanic or Latino,22551,VA,Northern,21-11-2023
PAT003224,21-09-1943,Male,White,Hispanic or Latino,23225,VA,Central,29-07-2024
PAT003225,22-02-2000,Female,White,Not Hispanic or Latino,23221,VA,Central,30-06-2025
PAT003226,05-01-1974,Female,White,Not Hispanic or Latino,23225,VA,Central,26-08-2025
PAT003227,06-08-1984,Male,Black or African American,Not Hispanic or Latino,23803,VA,Southern,12-01-2025
PAT003228,19-10-1993,Male,Black or African American,Not Hispanic or Latino,23221,VA,Central,05-07-2025
PAT003229,22-08-1960,Male,White,Not Hispanic or Latino,22903,VA,Western,26-11-2024
PAT003230,03-06-2005,Female,White,Not Hispanic or Latino,23805,VA,Southern,04-10-2023
PAT003231,13-11-2016,Male,White,Not Hispanic or Latino,22405,VA,Northern,16-08-2023
PAT003232,11-11-2001,Male,Black or African American,Not Hispanic or Latino,23223,VA,,20-06-2023
PAT003233,26-10-1996,Female,White,Not Hispanic or Latino,23834,VA,Southern,02-02-2023
PAT003234,14-10-1941,Female,White,Not Hispanic or Latino,22902,VA,Western,17-01-2025
PAT003235,07-05-1977,Male,White,Not Hispanic or Latino,23223,VA,Central,01-12-2025
PAT003236,11-08-2025,Female,Asian,Not Hispanic or Latino,23601,VA,Eastern,24-08-2025
PAT003237,23-04-1940,Male,Black or African American,Not Hispanic or Latino,22903,VA,Western,22-06-2024
PAT003238,11-07-1968,Female,White,Not Hispanic or Latino,23220,VA,Central,12-07-2024
PAT003239,15-11-1979,Female,White,Not Hispanic or Latino,23220,VA,Central,12-11-2024
PAT003240,05-01-1982,Male,White,Not Hispanic or Latino,22401,VA,Northern,09-02-2023
PAT003241,07-07-1971,Female,Black or African American,Not Hispanic or Latino,22911,VA,Western,17-02-2025
PAT003242,23-01-1969,Male,White,Not Hispanic or Latino,23602,VA,Eastern,07-02-2025
PAT003243,26-06-1970,Male,White,Not Hispanic or Latino,22911,VA,Western,13-04-2025
PAT003244,05-06-1964,Female,Asian,Not Hispanic or Latino,22554,VA,Northern,19-06-2024
PAT003245,16-04-2008,Female,White,Hispanic or Latino,23602,VA,Eastern,30-06-2024
PAT003246,22-08-1989,Female,White,Not Hispanic or Latino,22401,VA,Northern,14-10-2024
PAT003247,04-09-1962,Male,White,Not Hispanic or Latino,23185,VA,Eastern,21-09-2023
PAT003248,03-04-2022,Female,White,Hispanic or Latino,23805,VA,Southern,03-02-2025
PAT003249,19-03-1958,Male,Black or African American,Not Hispanic or Latino,23805,VA,Southern,28-06-2023
PAT003250,01-02-1962,Male,White,Not Hispanic or Latino,22401,VA,Northern,29-11-2024
PAT003251,05-02-1941,Male,White,Not Hispanic or Latino,22551,VA,Northern,08-11-2024
PAT003252,04-11-1935,Female,White,Not Hispanic or Latino,23803,VA,Southern,26-04-2023
PAT003253,24-04-2003,Male,White,Not Hispanic or Latino,23220,VA,Central,16-01-2024
PAT003254,03-12-1974,Male,White,Not Hispanic or Latino,23220,VA,Central,05-06-2025
PAT003255,02-04-2000,Male,White,Not Hispanic or Latino,22401,VA,Northern,03-03-2025
PAT003256,17-11-1985,Female,Multiple,Not Hispanic or Latino,23221,VA,Central,01-09-2025
PAT003257,23-04-1962,Female,Asian,Not Hispanic or Latino,23225,VA,Central,17-01-2024
PAT003258,24-05-1945,Male,White,Not Hispanic or Latino,22401,VA,Northern,25-06-2025
PAT003259,01-09-2002,Male,Unknown,Not Hispanic or Latino,22401,VA,,27-12-2023
PAT003260,05-05-1954,Female,White,Not Hispanic or Latino,23221,VA,Central,11-09-2023
PAT003261,06-04-2023,Female,Multiple,Not Hispanic or Latino,23223,VA,Central,19-05-2025
PAT003262,13-03-1987,Male,Black or African American,Not Hispanic or Latino,22903,VA,Western,24-04-2025
PAT003263,10-11-2009,Male,White,Not Hispanic or Latino,23601,VA,Eastern,23-05-2025
PAT003264,24-06-1952,Male,White,Unknown,23601,VA,Eastern,22-12-2025
PAT003265,22-11-1960,Male,White,Not Hispanic or Latino,23223,VA,Central,30-07-2024
PAT003266,03-03-1963,Male,Black or African American,Not Hispanic or Latino,23185,VA,Eastern,09-05-2023
PAT003267,24-06-2010,Male,Black or African American,Hispanic or Latino,22401,VA,Northern,30-05-2025
PAT003268,25-11-1989,Female,Black or African American,Not Hispanic or Latino,22911,VA,Western,25-01-2023
PAT003269,03-11-1937,Female,Black or African American,Not Hispanic or Latino,22554,VA,Northern,10-01-2025
PAT003270,20-11-1938,Female,White,Hispanic or Latino,23220,VA,Central,21-06-2024
PAT003271,12-08-1997,Male,White,Not Hispanic or Latino,23834,VA,Southern,28-01-2025
PAT003272,25-05-1992,Male,White,Not Hispanic or Latino,22551,VA,Northern,03-10-2024
PAT003273,07-12-1982,Female,White,Not Hispanic or Latino,23221,VA,Central,16-12-2023
PAT003274,12-12-1990,Female,Black or African American,Not Hispanic or Latino,23606,VA,Eastern,10-08-2025
PAT003275,26-06-1993,Male,White,Not Hispanic or Latino,23225,VA,Central,07-08-2025
PAT003276,15-08-1962,Female,White,Not Hispanic or Latino,23221,VA,Central,18-10-2023
PAT003277,01-07-1995,Male,Other,Not Hispanic or Latino,23601,VA,Eastern,10-10-2024
PAT003278,05-11-2013,Female,American Indian or Alaska Native,Not Hispanic or Latino,22911,VA,Western,18-01-2025
PAT003279,26-07-2025,Male,Black or African American,Not Hispanic or Latino,22902,VA,Western,02-09-2025
PAT003280,04-04-2002,Male,White,Not Hispanic or Latino,22901,VA,Western,12-03-2025
PAT003281,09-03-1983,Female,Black or African American,Not Hispanic or Latino,23223,VA,Central,10-02-2024
PAT003282,13-08-1975,Male,Black or African American,Hispanic or Latino,23601,VA,Eastern,13-09-2024
PAT003283,08-05-1943,Female,Black or African American,Not Hispanic or Latino,23805,VA,Southern,23-09-2025
PAT003284,16-12-1981,Female,White,Not Hispanic or Latino,23834,VA,Southern,10-06-2025
PAT003285,16-03-1962,Female,Black or African American,Not Hispanic or Latino,22401,VA,Northern,24-12-2024
PAT003286,11-02-1957,Female,White,Not Hispanic or Latino,23834,VA,Southern,15-08-2024
PAT003287,17-04-1956,Female,White,Not Hispanic or Latino,22551,VA,Northern,19-03-2024
PAT003288,01-08-1947,Female,White,Not Hispanic or Latino,23831,VA,Southern,21-11-2023
PAT003289,10-11-2015,Male,White,Not Hispanic or Latino,23225,VA,Central,07-09-2023
PAT003290,10-09-2021,Female,White,Not Hispanic or Latino,23223,VA,Central,03-02-2025
PAT003291,28-12-1978,Female,White,Not Hispanic or Latino,23805,VA,Southern,26-01-2025
PAT003292,01-02-1992,Female,Black or African American,Not Hispanic or Latino,23606,VA,Eastern,27-01-2025
PAT003293,07-04-1947,Female,White,Not Hispanic or Latino,22554,VA,Northern,23-04-2024
PAT003294,16-11-1997,Male,Black or African American,Not Hispanic or Latino,22554,VA,Northern,28-11-2024
PAT003295,07-12-1997,Female,Multiple,Not Hispanic or Latino,23601,VA,Eastern,21-10-2024
PAT003296,19-11-1978,Female,Black or African American,Not Hispanic or Latino,23805,VA,Southern,30-04-2024
PAT003297,19-08-1953,Male,White,Not Hispanic or Latino,23225,VA,Central,09-02-2023
PAT003298,04-09-1970,Male,Asian,Not Hispanic or Latino,22911,VA,Western,31-10-2023
PAT003299,17-02-1997,Male,White,Not Hispanic or Latino,22551,VA,Northern,05-08-2025
PAT003300,15-02-2017,Female,Native Hawaiian or Other Pacific Islander,Not Hispanic or Latino,23225,VA,Central,31-01-2024
PAT003301,05-12-1999,Female,White,Not Hispanic or Latino,23223,VA,Central,01-05-2023
PAT003302,08-04-1945,Male,Black or African American,Not Hispanic or Latino,23185,VA,Eastern,01-11-2024
PAT003303,16-10-1970,Male,White,Not Hispanic or Latino,23221,VA,Central,12-07-2024
PAT003304,11-08-1970,Female,Black or African American,Not Hispanic or Latino,23221,VA,Central,21-01-2024
PAT003305,20-10-1961,Male,Unknown,Unknown,23220,VA,Central,28-08-2024
PAT003306,07-12-2024,Male,Other,Not Hispanic or Latino,22554,VA,Northern,13-04-2025
PAT003307,14-07-1963,Male,White,Not Hispanic or Latino,23803,VA,Southern,02-09-2024
PAT003308,05-04-2017,Female,American Indian or Alaska Native,Not Hispanic or Latino,23831,VA,Southern,21-02-2023
PAT003309,21-11-2025,Male,White,Not Hispanic or Latino,23225,VA,Central,26-11-2025
PAT003310,25-08-1996,Male,White,Not Hispanic or Latino,23805,VA,Southern,03-07-2025
PAT003311,06-09-2013,Female,White,Not Hispanic or Latino,23606,VA,Eastern,05-10-2024
PAT003312,15-05-2004,Male,Black or African American,Not Hispanic or Latino,22554,VA,Northern,10-02-2024
PAT003313,15-10-1938,Female,Black or African American,Not Hispanic or Latino,22554,VA,Northern,30-11-2023
PAT003314,11-03-1981,Female,Black or African American,Not Hispanic or Latino,23220,VA,Central,11-09-2023
PAT003315,18-06-1975,Female,Other,Not Hispanic or Latino,23225,VA,,25-01-2025
PAT003316,27-06-2021,Female,White,Not Hispanic or Latino,23225,VA,Central,22-02-2023
PAT003317,21-07-1940,Female,Native Hawaiian or Other Pacific Islander,Not Hispanic or Latino,23831,VA,Southern,21-03-2025
PAT003318,20-06-2020,Male,White,Not Hispanic or Latino,23220,VA,Central,02-08-2024
PAT003319,25-10-1950,Male,White,Hispanic or Latino,23185,VA,Eastern,13-11-2025
PAT003320,23-12-2024,Female,Black or African American,Not Hispanic or Latino,23221,VA,Central,03-09-2025
PAT003321,05-02-1989,Female,Asian,Not Hispanic or Latino,22902,VA,Western,29-07-2023
PAT003322,23-03-2009,Female,White,Hispanic or Latino,22405,VA,Northern,08-07-2023
PAT003323,12-06-1936,Other,White,Not Hispanic or Latino,22554,VA,Northern,16-06-2023
PAT003324,25-06-1969,Male,Black or African American,Hispanic or Latino,23220,VA,Central,05-10-2025
PAT003325,02-09-1984,Female,Black or African American,Not Hispanic or Latino,23606,VA,Eastern,21-03-2025
PAT003326,27-09-2021,Male,Black or African American,Not Hispanic or Latino,22901,VA,Western,29-02-2024
PAT003327,04-03-1968,Female,Asian,Not Hispanic or Latino,23223,VA,Central,10-04-2024
PAT003328,21-01-1972,Female,Other,Not Hispanic or Latino,23185,VA,Eastern,18-04-2023
PAT003329,08-12-1940,Female,White,Not Hispanic or Latino,23834,VA,Southern,28-03-2023
PAT003330,25-04-1975,Female,Asian,Not Hispanic or Latino,22405,VA,Northern,09-11-2023
PAT003331,17-03-1962,Male,Unknown,Not Hispanic or Latino,22554,VA,Northern,23-10-2024
PAT003332,22-11-1948,Male,Asian,Not Hispanic or Latino,23225,VA,Central,09-02-2023
PAT003333,16-05-1944,Male,Black or African American,Hispanic or Latino,23220,VA,Central,29-04-2025
PAT003334,02-02-1943,Female,White,Not Hispanic or Latino,23601,VA,Eastern,15-03-2023
PAT003335,19-04-1954,Male,Multiple,Not Hispanic or Latino,23834,VA,Southern,15-01-2023
PAT003336,03-12-1949,Male,White,Not Hispanic or Latino,23223,VA,Central,08-11-2025
PAT003337,07-07-2002,Female,White,Not Hispanic or Latino,22405,VA,Northern,16-01-2023
PAT003338,18-05-1998,Male,Black or African American,Not Hispanic or Latino,22903,VA,,12-11-2025
PAT003339,27-03-1984,Female,White,Not Hispanic or Latino,23805,VA,Southern,08-06-2024
PAT003340,11-04-1950,Female,Other,Not Hispanic or Latino,23602,VA,Eastern,15-03-2025
PAT003341,10-11-1957,Female,Black or African American,Not Hispanic or Latino,22911,VA,Western,01-03-2023
PAT003342,21-10-1983,Female,White,Not Hispanic or Latino,23834,VA,Southern,24-02-2024
PAT003343,02-02-1973,Male,White,Not Hispanic or Latino,23834,VA,Southern,07-08-2023
PAT003344,25-04-2001,Female,Black or African American,Unknown,23223,VA,Central,14-03-2024
PAT003345,15-06-2016,Female,Black or African American,Hispanic or Latino,23185,VA,Eastern,15-04-2024
PAT003346,07-05-1981,Male,White,Not Hispanic or Latino,23220,VA,Central,26-09-2024
PAT003347,27-04-2025,Male,Black or African American,Not Hispanic or Latino,23221,VA,Central,03-12-2025
PAT003348,16-04-2015,Male,Black or African American,Not Hispanic or Latino,22911,VA,Western,01-11-2024
PAT003349,20-07-2011,Male,White,Not Hispanic or Latino,23805,VA,Southern,03-10-2025
PAT003350,20-09-1945,Male,White,Not Hispanic or Latino,22554,VA,Northern,23-05-2024
PAT003351,04-10-1974,Male,White,Hispanic or Latino,23803,VA,Southern,05-03-2023
PAT003352,28-01-1981,Female,White,Not Hispanic or Latino,22401,VA,Northern,15-07-2024
PAT003353,15-05-2025,Female,Black or African American,Not Hispanic or Latino,23834,VA,Southern,17-11-2025
PAT003354,02-02-2002,Female,Native Hawaiian or Other Pacific Islander,Not Hispanic or Latino,23831,VA,Southern,16-03-2024
PAT003355,14-04-1965,Male,White,Hispanic or Latino,23831,VA,Southern,05-06-2023
PAT003356,21-07-1952,Female,White,Not Hispanic or Latino,23185,VA,Eastern,01-09-2024
PAT003357,10-02-2006,Female,Asian,Hispanic or Latino,23221,VA,Central,22-06-2024
PAT003358,04-04-1983,Female,Multiple,Not Hispanic or Latino,22401,VA,Northern,02-09-2025
PAT003359,04-01-2002,Female,White,Not Hispanic or Latino,23220,VA,Central,25-04-2024
PAT003360,23-10-2011,Male,White,Not Hispanic or Latino,23223,VA,Central,07-07-2024
PAT003361,19-12-1960,Female,White,Not Hispanic or Latino,23834,VA,Southern,10-05-2023
PAT003362,03-04-2021,Unknown,Black or African American,Hispanic or Latino,23834,VA,Southern,11-02-2025
PAT003363,16-01-1990,Male,Multiple,Hispanic or Latino,23834,VA,Southern,11-08-2025
PAT003364,01-03-1947,Male,White,Hispanic or Latino,23220,VA,Central,10-05-2023
PAT003365,10-12-2017,Female,Asian,Not Hispanic or Latino,22551,VA,Northern,20-02-2024
PAT003366,01-05-1935,Female,White,Not Hispanic or Latino,23223,VA,Central,21-01-2024
PAT003367,15-12-1953,Female,Black or African American,Not Hispanic or Latino,23803,VA,Southern,01-04-2023
PAT003368,23-09-2012,Female,Asian,Hispanic or Latino,22911,VA,Western,19-04-2024
PAT003369,02-12-1979,Male,Black or African American,Not Hispanic or Latino,22554,VA,Northern,15-01-2025
PAT003370,12-10-1974,Female,Black or African American,Not Hispanic or Latino,23225,VA,Central,25-08-2025
PAT003371,12-03-2008,Male,White,Not Hispanic or Latino,22554,VA,Northern,26-10-2023
PAT003372,21-12-2015,Male,White,Not Hispanic or Latino,23223,VA,Central,13-04-2025
PAT003373,13-10-1988,Male,Black or African American,Not Hispanic or Latino,23223,VA,Central,15-08-2025
PAT003374,05-05-2014,Male,White,Not Hispanic or Latino,23606,VA,Eastern,15-04-2025
PAT003375,03-07-1996,Unknown,White,Not Hispanic or Latino,23831,VA,Southern,09-10-2023
PAT003376,21-06-1997,Male,Black or African American,Not Hispanic or Latino,22551,VA,Northern,12-07-2025
PAT003377,06-11-2008,Male,White,Not Hispanic or Latino,23803,VA,Southern,04-12-2024
PAT003378,05-11-2009,Male,White,Not Hispanic or Latino,22903,VA,Western,23-11-2023
PAT003379,27-04-2021,Male,Other,Not Hispanic or Latino,23225,VA,Central,17-06-2023
PAT003380,17-02-1994,Male,White,Not Hispanic or Latino,23803,VA,Southern,30-11-2025
PAT003381,01-10-2004,Male,Black or African American,Not Hispanic or Latino,23223,VA,Central,04-12-2023
PAT003382,23-11-2018,Female,White,Hispanic or Latino,22554,VA,Northern,28-09-2025
PAT003383,24-06-2022,Female,Black or African American,Not Hispanic or Latino,23223,VA,Central,19-03-2025
PAT003384,27-11-1982,Male,Asian,Not Hispanic or Latino,22551,VA,Northern,24-03-2024
PAT003385,24-06-1942,Male,White,Not Hispanic or Latino,23606,VA,Eastern,06-08-2023
PAT003386,21-11-1972,Female,White,Not Hispanic or Latino,23225,VA,Central,15-11-2023
PAT003387,25-12-1962,Male,White,Not Hispanic or Latino,23221,VA,Central,02-01-2023
PAT003388,16-02-1991,Male,White,Not Hispanic or Latino,23221,VA,Central,28-05-2023
PAT003389,25-04-2016,Male,White,Hispanic or Latino,22551,VA,Northern,12-09-2024
PAT003390,21-09-2001,Male,Multiple,Not Hispanic or Latino,23220,VA,Central,27-01-2024
PAT003391,01-01-2025,Female,Black or African American,Not Hispanic or Latino,22554,VA,Northern,03-03-2025
PAT003392,27-03-1972,Female,White,Not Hispanic or Latino,22401,VA,Northern,18-05-2023
PAT003393,04-08-2017,Male,Asian,Not Hispanic or Latino,23225,VA,Central,02-01-2025
PAT003394,01-07-1939,Male,White,Not Hispanic or Latino,23223,VA,Central,03-12-2024
PAT003395,07-06-1995,Female,White,Not Hispanic or Latino,23223,VA,Central,27-05-2025
PAT003396,16-10-1941,Female,Multiple,Not Hispanic or Latino,23185,VA,Eastern,03-10-2025
PAT003397,11-08-1959,Female,White,Hispanic or Latino,23223,VA,Central,05-03-2023
PAT003398,16-12-2017,Female,Black or African American,Not Hispanic or Latino,23225,VA,Central,20-07-2023
PAT003399,19-12-2012,Male,White,Not Hispanic or Latino,23223,VA,Central,01-10-2025
PAT003400,02-07-1975,Female,Multiple,Not Hispanic or Latino,22551,VA,Northern,27-06-2023
PAT003401,18-05-2010,Male,Black or African American,Not Hispanic or Latino,23220,VA,Central,19-06-2023
PAT003402,27-12-2000,Female,White,Not Hispanic or Latino,23185,VA,Eastern,20-07-2025
PAT003403,11-12-1984,Female,Black or African American,Not Hispanic or Latino,23805,VA,Southern,19-08-2025
PAT003404,10-06-2024,Male,Unknown,Not Hispanic or Latino,23834,VA,Southern,17-01-2025
PAT003405,04-07-1941,Female,White,Hispanic or Latino,22401,VA,Northern,20-09-2023
PAT003406,15-09-2007,Female,Black or African American,Not Hispanic or Latino,22401,VA,Northern,25-10-2025
PAT003407,09-08-2020,Male,White,Not Hispanic or Latino,22551,VA,Northern,10-04-2023
PAT003408,04-10-1986,Female,Unknown,Not Hispanic or Latino,23834,VA,Southern,23-12-2023
PAT003409,28-05-1993,Male,White,Not Hispanic or Latino,23221,VA,Central,23-03-2023
PAT003410,11-10-2016,Female,White,Not Hispanic or Latino,22551,VA,Northern,13-08-2023
PAT003411,27-03-1980,Female,Black or African American,Not Hispanic or Latino,23220,VA,Central,12-02-2024
PAT003412,08-08-1968,Male,Multiple,Not Hispanic or Latino,23803,VA,Southern,04-03-2025
PAT003413,26-12-1936,Female,White,Not Hispanic or Latino,22405,VA,Northern,10-02-2025
PAT003414,06-05-1975,Male,Black or African American,Not Hispanic or Latino,23221,VA,Central,27-11-2024
PAT003415,19-11-1962,Male,Asian,Not Hispanic or Latino,22911,VA,Western,13-04-2024
PAT003416,26-08-1964,Male,White,Not Hispanic or Latino,23220,VA,Central,27-07-2023
PAT003417,05-03-2002,Female,White,Not Hispanic or Latino,23185,VA,Eastern,16-06-2025
PAT003418,26-06-2010,Male,White,Not Hispanic or Latino,23834,VA,Southern,12-02-2023
PAT003419,23-09-1964,Male,Black or African American,Not Hispanic or Latino,22554,VA,Northern,06-08-2023
PAT003420,02-08-1984,Female,White,Not Hispanic or Latino,23223,VA,Central,12-06-2025
PAT003421,14-12-1982,Male,White,Not Hispanic or Latino,22901,VA,Western,14-05-2023
PAT003422,22-05-1958,Female,Black or African American,Hispanic or Latino,23602,VA,Eastern,30-08-2025
PAT003423,08-09-1984,Male,White,Hispanic or Latino,23221,VA,Central,05-09-2023
PAT003424,03-03-2025,Male,Black or African American,Not Hispanic or Latino,22405,VA,Northern,11-06-2025
PAT003425,18-11-1946,Male,Asian,Not Hispanic or Latino,23223,VA,Central,22-06-2024
PAT003426,26-02-2010,Male,White,Not Hispanic or Latino,23221,VA,Central,26-04-2025
PAT003427,02-09-2022,Female,White,Not Hispanic or Latino,23221,VA,Central,19-02-2024
PAT003428,05-05-1973,Male,Black or African American,Not Hispanic or Latino,23834,VA,Southern,23-01-2023
PAT003429,17-01-2014,Female,White,Not Hispanic or Latino,23220,VA,Central,19-08-2023
PAT003430,09-11-1982,Male,White,Not Hispanic or Latino,22901,VA,Western,13-09-2024
PAT003431,11-03-1976,Female,Black or African American,Not Hispanic or Latino,23221,VA,Central,10-09-2025
PAT003432,22-04-2019,Female,White,Not Hispanic or Latino,22551,VA,Northern,06-09-2025
PAT003433,04-04-1992,Male,Black or African American,Not Hispanic or Latino,22405,VA,Northern,05-03-2025
PAT003434,21-11-1982,Other,White,Not Hispanic or Latino,23220,VA,Central,27-10-2023
PAT003435,05-09-2021,Female,Black or African American,Not Hispanic or Latino,22401,VA,Northern,05-09-2025
PAT003436,19-02-2009,Female,White,Not Hispanic or Latino,22405,VA,Northern,20-05-2024
PAT003437,12-11-1994,Female,Unknown,Not Hispanic or Latino,23601,VA,Eastern,21-06-2024
PAT003438,25-01-1969,Female,Other,Not Hispanic or Latino,23834,VA,Southern,29-03-2023
PAT003439,01-07-1950,Male,White,Not Hispanic or Latino,23601,VA,Eastern,04-02-2025
PAT003440,20-08-1969,Male,White,Hispanic or Latino,23221,VA,Central,18-09-2023
PAT003441,26-10-1983,Male,Asian,Not Hispanic or Latino,22911,VA,Western,19-11-2023
PAT003442,17-10-2000,Unknown,White,Not Hispanic or Latino,22554,VA,Northern,15-10-2025
PAT003443,20-07-2005,Male,White,Not Hispanic or Latino,22401,VA,Northern,04-05-2025
PAT003444,03-09-1958,Male,Unknown,Not Hispanic or Latino,23221,VA,Central,23-03-2023
PAT003445,13-05-1996,Female,Black or African American,Not Hispanic or Latino,23223,VA,Central,09-08-2025
PAT003446,27-05-1997,Female,White,Not Hispanic or Latino,23831,VA,Southern,23-09-2024
PAT003447,16-09-1945,Female,White,Unknown,22551,VA,Northern,09-10-2023
PAT003448,03-06-1983,Female,White,Not Hispanic or Latino,23225,VA,Central,02-12-2024
PAT003449,20-09-2008,Male,White,Not Hispanic or Latino,23185,VA,Eastern,30-05-2024
PAT003450,09-05-1965,Female,Black or African American,Not Hispanic or Latino,22903,VA,Western,17-11-2025
PAT003451,11-06-1953,Female,White,Not Hispanic or Latino,23805,VA,Southern,27-01-2024
PAT003452,07-05-1985,Male,White,Hispanic or Latino,22903,VA,Western,26-11-2025
PAT003453,09-07-1965,Male,White,Not Hispanic or Latino,22554,VA,Northern,18-05-2025
PAT003454,07-11-1980,Male,White,Not Hispanic or Latino,23805,VA,Southern,27-08-2024
PAT003455,22-11-2019,Male,Black or African American,Not Hispanic or Latino,23223,VA,Central,19-10-2024
PAT003456,19-08-1972,Female,Multiple,Not Hispanic or Latino,23805,VA,Southern,29-08-2023
PAT003457,08-11-1998,Female,Black or African American,Not Hispanic or Latino,22405,VA,Northern,21-11-2024
PAT003458,26-11-1973,Female,White,Not Hispanic or Latino,23834,VA,Southern,06-02-2025
PAT003459,16-07-2018,Female,White,Not Hispanic or Latino,23831,VA,Southern,29-07-2025
PAT003460,05-06-2008,Male,White,Not Hispanic or Latino,23831,VA,Southern,28-05-2023
PAT003461,13-02-1986,Male,White,Hispanic or Latino,23606,VA,Eastern,07-01-2023
PAT003462,26-04-2023,Female,Black or African American,Not Hispanic or Latino,23831,VA,Southern,01-12-2025
PAT003463,18-08-1945,Female,Black or African American,Not Hispanic or Latino,22903,VA,Western,12-11-2025
PAT003464,09-04-2012,Female,Black or African American,Not Hispanic or Latino,22901,VA,Western,25-05-2025
PAT003465,04-10-2010,Female,White,Hispanic or Latino,22551,VA,Northern,14-06-2025
PAT003466,04-06-2013,Female,Other,Not Hispanic or Latino,23221,VA,Central,06-01-2024
PAT003467,25-06-1957,Female,Black or African American,Not Hispanic or Latino,22901,VA,Western,26-03-2023
PAT003468,04-05-2023,Female,Other,Not Hispanic or Latino,23223,VA,Central,11-09-2023
PAT003469,24-02-1935,Female,Black or African American,Not Hispanic or Latino,23225,VA,Central,24-02-2024
PAT003470,19-11-2006,Female,Asian,Not Hispanic or Latino,23220,VA,Central,21-01-2023
PAT003471,20-06-1974,Male,Asian,Not Hispanic or Latino,23602,VA,Eastern,05-08-2024
PAT003472,08-04-1984,Other,Black or African American,Not Hispanic or Latino,22405,VA,Northern,30-06-2024
PAT003473,12-09-1961,Female,White,Not Hispanic or Latino,23601,VA,Eastern,07-11-2023
PAT003474,19-09-2007,Male,Black or African American,Not Hispanic or Latino,23223,VA,Central,26-03-2024
PAT003475,07-07-1955,Female,White,Not Hispanic or Latino,23803,VA,Southern,25-11-2023
PAT003476,24-10-1958,Female,White,Not Hispanic or Latino,22554,VA,Northern,22-09-2025
PAT003477,08-02-1974,Male,Black or African American,Not Hispanic or Latino,22551,VA,Northern,28-03-2024
PAT003478,20-08-2018,Male,American Indian or Alaska Native,Not Hispanic or Latino,23805,VA,Southern,22-12-2023
PAT003479,04-05-2018,Male,White,Not Hispanic or Latino,23220,VA,Central,04-05-2024
PAT003480,14-05-1939,Male,White,Not Hispanic or Latino,23225,VA,Central,02-07-2025
PAT003481,04-04-1972,Male,White,Not Hispanic or Latino,22901,VA,Western,16-04-2025
PAT003482,05-08-2011,Male,White,Not Hispanic or Latino,22911,VA,Western,17-02-2025
PAT003483,25-09-2025,Female,White,Not Hispanic or Latino,22554,VA,Northern,21-10-2025
PAT003484,14-08-1939,Male,Asian,Not Hispanic or Latino,22554,VA,Northern,21-10-2024
PAT003485,17-08-1960,Female,Native Hawaiian or Other Pacific Islander,Not Hispanic or Latino,23834,VA,Southern,24-06-2025
PAT003486,12-04-1941,Male,White,Not Hispanic or Latino,22405,VA,Northern,08-06-2023
PAT003487,26-03-1995,Male,Multiple,Not Hispanic or Latino,22911,VA,Western,29-02-2024
PAT003488,12-06-1972,Female,White,Not Hispanic or Latino,23225,VA,Central,15-07-2024
PAT003489,10-12-2018,Female,Asian,Not Hispanic or Latino,22902,VA,Western,16-02-2025
PAT003490,01-08-1941,Female,White,Not Hispanic or Latino,22405,VA,Northern,13-05-2023
PAT003491,26-12-2011,Male,Other,Not Hispanic or Latino,23220,VA,Central,07-03-2025
PAT003492,12-06-1966,Female,White,Not Hispanic or Latino,22911,VA,Western,11-02-2023
PAT003493,24-07-1992,Female,White,Not Hispanic or Latino,23225,VA,Central,18-05-2025
PAT003494,09-07-1974,Female,White,Hispanic or Latino,23223,VA,Central,13-04-2024
PAT003495,09-06-1971,Male,White,Not Hispanic or Latino,22551,VA,Northern,20-11-2023
PAT003496,28-04-1955,Female,White,Not Hispanic or Latino,22405,VA,Northern,16-03-2023
PAT003497,02-06-2013,Female,White,Not Hispanic or Latino,22405,VA,Northern,04-07-2023
PAT003498,03-03-1964,Female,Asian,Not Hispanic or Latino,23185,VA,Eastern,27-05-2024
PAT003499,09-09-1974,Male,White,Not Hispanic or Latino,22911,VA,Western,02-11-2023
PAT003500,28-03-1971,Female,White,Not Hispanic or Latino,22911,VA,Western,24-07-2024
PAT003501,14-04-1955,Male,White,Not Hispanic or Latino,22554,VA,Northern,08-12-2023
PAT003502,08-02-1991,Female,White,Not Hispanic or Latino,23185,VA,Eastern,17-04-2023
PAT003503,26-11-1942,Female,Black or African American,Not Hispanic or Latino,22405,VA,Northern,13-08-2024
PAT003504,14-08-1943,Male,Multiple,Not Hispanic or Latino,23221,VA,Central,28-04-2024
PAT003505,20-04-1990,Female,White,Not Hispanic or Latino,23185,VA,Eastern,18-05-2023
PAT003506,27-05-2004,Female,White,Not Hispanic or Latino,23805,VA,Southern,29-12-2025
PAT003507,18-08-2004,Unknown,Black or African American,Not Hispanic or Latino,23831,VA,Southern,02-01-2024
PAT003508,06-09-1956,Male,White,Not Hispanic or Latino,22902,VA,Western,18-01-2023
PAT003509,25-03-1997,Female,White,Not Hispanic or Latino,23223,VA,Central,17-11-2025
PAT003510,17-01-1962,Female,White,Not Hispanic or Latino,23220,VA,Central,17-03-2025
PAT003511,02-03-1973,Male,White,Not Hispanic or Latino,23834,VA,Southern,16-11-2023
PAT003512,28-04-2021,Male,Black or African American,Not Hispanic or Latino,22903,VA,Western,25-07-2024
PAT003513,15-04-1946,Female,White,Not Hispanic or Latino,23221,VA,Central,14-08-2023
PAT003514,06-04-1979,Female,Asian,Not Hispanic or Latino,22401,VA,Northern,18-05-2023
PAT003515,01-03-1969,Female,White,Not Hispanic or Latino,23223,VA,Central,01-08-2025
PAT003516,22-08-1944,Female,White,Not Hispanic or Latino,23606,VA,Eastern,07-04-2025
PAT003517,15-09-1976,Male,Multiple,Not Hispanic or Latino,23223,VA,Central,09-04-2025
PAT003518,17-05-1978,Male,White,Not Hispanic or Latino,22551,VA,Northern,08-12-2023
PAT003519,05-08-1982,Unknown,American Indian or Alaska Native,Hispanic or Latino,23220,VA,Central,28-02-2024
PAT003520,12-10-1974,Female,Native Hawaiian or Other Pacific Islander,Not Hispanic or Latino,23223,VA,Central,25-08-2023
PAT003521,13-07-1981,Female,Multiple,Not Hispanic or Latino,22551,VA,Northern,05-09-2024
PAT003522,11-01-2014,Female,White,Not Hispanic or Latino,23834,VA,Southern,11-02-2024
PAT003523,07-01-1936,Unknown,White,Not Hispanic or Latino,22911,VA,Western,29-10-2023
PAT003524,26-10-1983,Female,White,Not Hispanic or Latino,22405,VA,Northern,10-09-2024
PAT003525,05-04-1984,Male,White,Hispanic or Latino,23220,VA,Central,10-04-2024
PAT003526,09-08-1976,Male,White,Not Hispanic or Latino,23606,VA,Eastern,28-03-2025
PAT003527,15-12-1968,Female,White,Not Hispanic or Latino,23223,VA,Central,24-02-2024
PAT003528,14-03-1946,Female,White,Hispanic or Latino,23803,VA,Southern,17-05-2024
PAT003529,04-11-2003,Female,Other,Not Hispanic or Latino,22903,VA,Western,05-02-2025
PAT003530,15-06-1990,Female,Multiple,Not Hispanic or Latino,23834,VA,Southern,06-06-2025
PAT003531,10-10-1974,Female,White,Not Hispanic or Latino,22554,VA,Northern,15-11-2025
PAT003532,02-08-1943,Female,White,Hispanic or Latino,22911,VA,Western,19-05-2023
PAT003533,07-06-1996,Male,White,Not Hispanic or Latino,23831,VA,Southern,03-11-2025
PAT003534,04-01-1988,Female,Multiple,Hispanic or Latino,23221,VA,Central,06-07-2024
PAT003535,17-01-1959,Female,White,Not Hispanic or Latino,23221,VA,Central,03-12-2025
PAT003536,15-01-1970,Male,White,Not Hispanic or Latino,23606,VA,Eastern,15-11-2024
PAT003537,15-10-1978,Female,White,Hispanic or Latino,23831,VA,Southern,30-10-2024
PAT003538,02-06-1971,Female,Black or African American,Hispanic or Latino,23803,VA,Southern,16-06-2025
PAT003539,25-07-1992,Male,Asian,Not Hispanic or Latino,23803,VA,Southern,02-11-2025
PAT003540,27-03-1958,Unknown,White,Not Hispanic or Latino,23834,VA,Southern,07-11-2024
PAT003541,15-12-1939,Female,Black or African American,Not Hispanic or Latino,23223,VA,Central,22-10-2023
PAT003542,03-04-1956,Male,White,Hispanic or Latino,23225,VA,Central,18-07-2024
PAT003543,02-04-1995,Male,White,Not Hispanic or Latino,23220,VA,Central,12-09-2024
PAT003544,07-03-2007,Female,White,Not Hispanic or Latino,23225,VA,Central,01-02-2024
PAT003545,14-03-2012,Female,White,Not Hispanic or Latino,23223,VA,Central,07-03-2024
PAT003546,06-02-1975,Female,White,Hispanic or Latino,23220,VA,Central,27-06-2024
PAT003547,26-08-1964,Male,White,Not Hispanic or Latino,23220,VA,Central,24-03-2024
PAT003548,22-03-2011,Male,White,Not Hispanic or Latino,23834,VA,Southern,22-08-2023
PAT003549,15-11-2005,Female,Black or African American,Not Hispanic or Latino,22903,VA,Western,01-02-2025
PAT003550,19-05-1992,Male,Black or African American,Not Hispanic or Latino,22554,VA,Northern,30-10-2024
PAT003551,22-03-2009,Female,Other,Not Hispanic or Latino,22903,VA,Western,17-05-2024
PAT003552,14-01-2000,Male,White,Not Hispanic or Latino,23834,VA,Southern,11-07-2024
PAT003553,10-09-1985,Female,White,Not Hispanic or Latino,23225,VA,Central,08-04-2025
PAT003554,10-10-1959,Male,Multiple,Not Hispanic or Latino,23223,VA,,07-08-2023
PAT003555,08-09-2003,Male,Unknown,Not Hispanic or Latino,22902,VA,Western,24-05-2024
PAT003556,04-03-1946,Female,Black or African American,Not Hispanic or Latino,23831,VA,Southern,25-04-2025
PAT003557,19-07-1995,Male,Black or African American,Hispanic or Latino,22554,VA,Northern,04-09-2024
PAT003558,06-04-1958,Female,Black or African American,Not Hispanic or Latino,23606,VA,Eastern,16-05-2023
PAT003559,14-01-1997,Female,Unknown,Not Hispanic or Latino,23225,VA,Central,04-06-2025
PAT003560,16-07-2003,Female,Asian,Not Hispanic or Latino,23803,VA,Southern,14-11-2024
PAT003561,10-02-1985,Male,Asian,Not Hispanic or Latino,23221,VA,Central,23-09-2025
PAT003562,19-07-1992,Female,Black or African American,Not Hispanic or Latino,23221,VA,Central,10-04-2025
PAT003563,10-04-1994,Male,Multiple,Not Hispanic or Latino,23601,VA,Eastern,04-12-2023
PAT003564,20-03-1970,Male,Asian,Unknown,23831,VA,Southern,10-02-2025
PAT003565,04-02-1977,Female,Multiple,Not Hispanic or Latino,23220,VA,Central,18-06-2023
PAT003566,01-12-1935,Female,White,Not Hispanic or Latino,23221,VA,Central,27-05-2025
PAT003567,26-02-1983,Female,White,Not Hispanic or Latino,22902,VA,Western,16-04-2023
PAT003568,06-08-2007,Female,White,Not Hispanic or Latino,22901,VA,Western,01-10-2023
PAT003569,22-06-1986,Female,Unknown,Unknown,22554,VA,Northern,29-06-2023
PAT003570,10-03-1990,Male,White,Not Hispanic or Latino,23223,VA,Central,24-07-2023
PAT003571,03-10-1975,Female,Multiple,Not Hispanic or Latino,23220,VA,Central,01-01-2023
PAT003572,26-04-1977,Female,White,Hispanic or Latino,22902,VA,Western,11-03-2025
PAT003573,09-02-2010,Female,Multiple,Not Hispanic or Latino,23602,VA,Eastern,13-12-2025
PAT003574,10-10-2005,Female,Asian,Hispanic or Latino,23805,VA,Southern,14-05-2023
PAT003575,28-10-1968,Male,Unknown,Not Hispanic or Latino,22554,VA,Northern,19-11-2023
PAT003576,16-02-1991,Female,Asian,Not Hispanic or Latino,23601,VA,Eastern,04-08-2024
PAT003577,28-07-1975,Male,White,Not Hispanic or Latino,23223,VA,Central,30-11-2023
PAT003578,12-08-2010,Female,Unknown,Hispanic or Latino,23223,VA,Central,24-08-2024
PAT003579,26-07-2013,Female,White,Not Hispanic or Latino,22405,VA,Northern,25-09-2024
PAT003580,07-06-1965,Male,White,Hispanic or Latino,22405,VA,Northern,02-08-2025
PAT003581,05-12-1956,Male,White,Not Hispanic or Latino,23220,VA,Central,12-06-2023
PAT003582,04-10-2024,Female,Black or African American,Not Hispanic or Latino,23601,VA,Eastern,28-11-2024
PAT003583,05-03-1968,Male,Black or African American,Not Hispanic or Latino,22901,VA,Western,01-08-2024
PAT003584,23-06-1936,Male,Black or African American,Not Hispanic or Latino,23223,VA,Central,04-05-2024
PAT003585,14-08-1979,Female,Black or African American,Not Hispanic or Latino,23606,VA,Eastern,09-09-2023
PAT003586,22-11-1961,Female,White,Not Hispanic or Latino,22903,VA,Western,05-03-2024
PAT003587,02-11-2010,Male,Unknown,Not Hispanic or Latino,22554,VA,Northern,17-11-2023
PAT003588,12-04-2013,Female,White,Not Hispanic or Latino,22401,VA,Northern,11-04-2023
PAT003589,13-05-2024,Female,Unknown,Not Hispanic or Latino,23805,VA,Southern,04-10-2025
PAT003590,13-11-1983,Male,Unknown,Not Hispanic or Latino,23223,VA,Central,09-07-2025
PAT003591,24-06-1988,Female,White,Not Hispanic or Latino,23606,VA,Eastern,06-10-2024
PAT003592,28-01-2002,Male,White,Not Hispanic or Latino,22405,VA,Northern,28-05-2024
PAT003593,16-02-1969,Female,White,Not Hispanic or Latino,23223,VA,Central,31-10-2023
PAT003594,08-03-2006,Male,White,Not Hispanic or Latino,23834,VA,Southern,23-07-2024
PAT003595,24-04-1976,Male,White,Not Hispanic or Latino,23805,VA,Southern,05-05-2025
PAT001926,21-01-2006,Male,White,Not Hispanic or Latino,23602,VA,Eastern,03-12-2024
PAT003597,12-10-1935,Male,Black or African American,Not Hispanic or Latino,23223,VA,Central,06-01-2023
PAT003598,25-08-2022,Female,White,Unknown,22405,VA,Northern,08-03-2024
PAT003599,22-06-2003,Female,Multiple,Not Hispanic or Latino,23602,VA,Eastern,23-12-2025
PAT003600,19-09-1995,Male,White,Not Hispanic or Latino,22902,VA,,09-06-2025
PAT003601,26-12-1963,Female,White,Not Hispanic or Latino,22901,VA,Western,20-07-2025
PAT003602,18-10-1979,Male,Black or African American,Not Hispanic or Latino,22903,VA,Western,23-07-2025
PAT003603,11-05-1990,Male,White,Not Hispanic or Latino,23803,VA,Southern,14-04-2025
PAT003604,27-08-2023,Female,American Indian or Alaska Native,Not Hispanic or Latino,23225,VA,Central,13-12-2024
PAT003605,19-10-1976,Female,White,Hispanic or Latino,22405,VA,Northern,07-10-2024
PAT003606,08-10-1962,Male,Black or African American,Not Hispanic or Latino,23225,VA,Central,26-06-2024
PAT003607,28-11-1986,Male,White,Hispanic or Latino,22401,VA,Northern,14-04-2024
PAT003608,09-10-1939,Female,White,Hispanic or Latino,23834,VA,Southern,27-06-2024
PAT003609,08-09-2025,Male,Black or African American,Not Hispanic or Latino,23220,VA,Central,06-10-2025
PAT003610,08-08-1962,Male,Black or African American,Not Hispanic or Latino,23606,VA,Eastern,05-01-2023
PAT003611,03-01-1984,Male,White,Hispanic or Latino,22554,VA,Northern,03-05-2025
PAT003612,28-09-1960,Female,Black or African American,Not Hispanic or Latino,22554,VA,Northern,15-04-2023
PAT003613,07-10-1992,Male,White,Not Hispanic or Latino,22554,VA,Northern,26-08-2023
PAT003614,13-04-1962,Female,White,Not Hispanic or Latino,23223,VA,Central,29-12-2023
PAT003615,22-01-2001,Male,White,Not Hispanic or Latino,22911,VA,Western,13-06-2023
PAT003616,08-11-1997,Male,White,Not Hispanic or Latino,22551,VA,Northern,12-02-2023
PAT003617,24-03-1989,Female,White,Unknown,23223,VA,Central,13-12-2023
PAT003618,22-05-1939,Male,White,Not Hispanic or Latino,23831,VA,Southern,01-05-2025
PAT003619,07-07-1955,Male,Other,Hispanic or Latino,23221,VA,Central,10-01-2025
PAT003620,10-05-2004,Female,Black or African American,Not Hispanic or Latino,23220,VA,Central,06-06-2023
PAT003621,28-02-2021,Male,White,Not Hispanic or Latino,23803,VA,,05-05-2024
PAT003622,06-05-1958,Male,White,Not Hispanic or Latino,23803,VA,Southern,13-07-2025
PAT003623,17-02-1985,Female,Black or African American,Hispanic or Latino,23225,VA,Central,12-11-2025
PAT003624,22-08-1974,Female,White,Hispanic or Latino,23831,VA,Southern,20-06-2023
PAT003625,12-02-1970,Male,White,Not Hispanic or Latino,22902,VA,Western,05-03-2025
PAT003626,09-09-2001,Female,Black or African American,Hispanic or Latino,22401,VA,Northern,26-06-2023
PAT003627,05-03-2023,Female,Black or African American,Hispanic or Latino,23223,VA,Central,27-01-2024
PAT003628,18-12-1967,Male,White,Not Hispanic or Latino,22902,VA,Western,07-09-2025
PAT003629,12-11-1976,male,White,Hispanic or Latino,23220,VA,Central,27-11-2024
PAT003630,04-07-1995,Female,Black or African American,Not Hispanic or Latino,23834,VA,Southern,10-03-2024
PAT003631,20-04-2020,Male,American Indian or Alaska Native,Not Hispanic or Latino,23834,VA,Southern,18-05-2023
PAT003632,25-11-2000,Male,White,Not Hispanic or Latino,23834,VA,Southern,26-07-2025
PAT003633,21-06-2013,Female,White,Not Hispanic or Latino,23223,VA,Central,12-02-2024
PAT003634,15-01-2024,Male,White,Not Hispanic or Latino,23805,VA,Southern,18-01-2024
PAT003635,01-06-1966,Female,White,Not Hispanic or Latino,22903,VA,Western,24-11-2024
PAT003636,27-12-1984,Male,Black or African American,Not Hispanic or Latino,23185,VA,Eastern,07-10-2024
PAT003637,05-02-2011,Female,Black or African American,Hispanic or Latino,22401,VA,Northern,02-12-2025
PAT003638,19-02-2008,Male,Asian,Not Hispanic or Latino,23601,VA,Eastern,27-08-2025
PAT003639,18-09-1992,Female,Multiple,Not Hispanic or Latino,22903,VA,Western,03-09-2023
PAT003640,26-01-1981,Male,Multiple,Hispanic or Latino,23223,VA,Central,18-05-2024
PAT003641,27-09-1971,Female,Asian,Hispanic or Latino,22911,VA,Western,23-08-2024
PAT003642,02-02-1975,Female,White,Not Hispanic or Latino,22903,VA,Western,08-10-2023
PAT003643,27-05-1979,Female,White,Not Hispanic or Latino,22911,VA,Western,10-11-2023
PAT003644,28-06-1952,Male,White,Not Hispanic or Latino,22911,VA,Western,02-06-2023
PAT003645,03-06-1967,Female,Asian,Not Hispanic or Latino,22911,VA,Western,23-09-2024
PAT003646,01-07-1998,Female,White,Not Hispanic or Latino,23803,VA,Southern,06-08-2024
PAT003647,23-03-1950,Female,Asian,Hispanic or Latino,23185,VA,Eastern,09-10-2023
PAT003648,20-10-1991,Male,White,Not Hispanic or Latino,22901,VA,Western,12-01-2025
PAT003649,09-02-1974,Male,White,Not Hispanic or Latino,23223,VA,Central,13-10-2024
PAT003650,06-02-1976,Female,Other,Not Hispanic or Latino,23221,VA,Central,11-06-2023
PAT003651,09-01-1953,Female,American Indian or Alaska Native,Not Hispanic or Latino,22554,VA,Northern,13-06-2023
PAT003652,18-12-1935,Male,Black or African American,Not Hispanic or Latino,22554,VA,Northern,01-09-2024
PAT003653,25-07-1957,Female,Asian,Not Hispanic or Latino,22901,VA,Western,30-09-2024
PAT003654,03-07-1976,Male,White,Not Hispanic or Latino,23602,VA,Eastern,05-07-2024
PAT003655,05-01-1979,Female,Asian,Not Hispanic or Latino,23803,VA,Southern,13-07-2023
PAT003656,04-01-1942,Female,White,Hispanic or Latino,22911,VA,Western,29-03-2023
PAT003657,13-06-2010,Male,Other,Not Hispanic or Latino,23185,VA,Eastern,25-06-2024
PAT003658,18-10-1955,Other,White,Not Hispanic or Latino,22902,VA,Western,17-06-2023
PAT003659,06-03-1997,Female,Black or African American,Not Hispanic or Latino,22901,VA,Western,04-02-2023
PAT003660,24-04-1968,Male,White,Not Hispanic or Latino,23221,VA,Central,13-12-2023
PAT003661,17-11-1964,Male,White,Not Hispanic or Latino,23805,VA,Southern,15-04-2025
PAT003662,17-11-2007,Female,White,Not Hispanic or Latino,23831,VA,,20-01-2024
PAT003663,08-09-1968,Female,Black or African American,Not Hispanic or Latino,23185,VA,Eastern,30-05-2025
PAT003664,22-10-2001,Male,Multiple,Not Hispanic or Latino,22911,VA,Western,30-01-2024
PAT003665,10-09-1962,Female,White,Not Hispanic or Latino,22554,VA,Northern,06-10-2023
PAT003666,14-10-1969,Female,Black or African American,Not Hispanic or Latino,23602,VA,Eastern,05-07-2024
PAT003667,28-10-2000,Female,White,Not Hispanic or Latino,23220,VA,Central,10-05-2025
PAT003668,20-11-1986,Male,White,Not Hispanic or Latino,22911,VA,Western,03-01-2023
PAT003669,19-07-2004,Female,Black or African American,Not Hispanic or Latino,23221,VA,Central,02-06-2024
PAT003670,06-10-2003,Female,White,Not Hispanic or Latino,23220,VA,Central,24-05-2024
PAT003671,02-12-1973,Female,White,Not Hispanic or Latino,22405,VA,Northern,26-05-2024
PAT003672,03-12-2024,Male,Black or African American,Not Hispanic or Latino,23606,VA,Eastern,09-02-2025
PAT003673,04-05-1972,Male,White,Not Hispanic or Latino,23185,VA,Eastern,06-03-2024
PAT003674,01-12-2022,Female,Black or African American,Not Hispanic or Latino,23834,VA,Southern,08-08-2023
PAT003675,15-04-2015,Male,White,Not Hispanic or Latino,23601,VA,Eastern,29-10-2023
PAT003676,26-11-1964,Male,White,Hispanic or Latino,23185,VA,Eastern,25-01-2025
PAT003677,13-07-1997,Male,White,Not Hispanic or Latino,23602,VA,Eastern,27-06-2025
PAT003678,28-04-1965,Female,Black or African American,Not Hispanic or Latino,23221,VA,Central,28-02-2024
PAT003679,07-06-2013,Male,Black or African American,Not Hispanic or Latino,23221,VA,Central,30-09-2025
PAT003680,14-05-1992,Male,Asian,Not Hispanic or Latino,23220,VA,Central,31-05-2024
PAT003681,15-07-1975,Female,White,Not Hispanic or Latino,23805,VA,Southern,06-05-2023
PAT003682,15-12-2024,Male,White,Not Hispanic or Latino,23602,VA,Eastern,29-03-2025
PAT003683,10-02-1984,Male,White,Not Hispanic or Latino,23221,VA,Central,03-08-2024
PAT003684,14-03-1986,Male,Asian,Not Hispanic or Latino,22901,VA,Western,27-08-2025
PAT003685,19-02-1991,Female,White,Not Hispanic or Latino,23225,VA,Central,13-12-2024
PAT003686,08-11-1971,Male,American Indian or Alaska Native,Not Hispanic or Latino,22551,VA,Northern,16-02-2024
PAT003687,27-05-1938,Male,Other,Not Hispanic or Latino,22911,VA,Western,10-03-2025
PAT003688,16-03-2017,Male,Black or African American,Not Hispanic or Latino,23221,VA,Central,16-06-2025
PAT003689,25-01-2021,Male,American Indian or Alaska Native,Not Hispanic or Latino,23221,VA,Central,22-09-2025
PAT003690,18-04-2013,Female,White,Not Hispanic or Latino,22405,VA,Northern,13-08-2023
PAT003691,12-12-1971,Female,Black or African American,Not Hispanic or Latino,23602,VA,Eastern,22-07-2023
PAT003692,17-11-1999,Female,White,Not Hispanic or Latino,23223,VA,Central,06-04-2025
PAT003693,19-02-2025,Male,Other,Unknown,23220,VA,Central,22-06-2025
PAT003694,26-05-2016,M,White,Not Hispanic or Latino,22405,VA,Northern,21-12-2025
PAT003695,21-03-1961,Female,Black or African American,Not Hispanic or Latino,23225,VA,Central,18-12-2025
PAT003696,01-03-2025,Female,White,Hispanic or Latino,22903,VA,Western,09-12-2025
PAT003697,11-10-1969,Male,Black or African American,Not Hispanic or Latino,22901,VA,Western,12-09-2025
PAT003698,04-03-2019,Female,Asian,Not Hispanic or Latino,23602,VA,,20-05-2025
PAT003699,26-12-1952,Female,White,Not Hispanic or Latino,22903,VA,Western,13-02-2024
PAT003700,22-07-1980,Female,White,Not Hispanic or Latino,23223,VA,Central,16-07-2023
PAT003701,20-08-1948,Female,White,Not Hispanic or Latino,22405,VA,Northern,16-05-2024
PAT003702,28-01-1970,Male,Multiple,Not Hispanic or Latino,23602,VA,Eastern,31-12-2024
PAT003703,18-04-2010,Male,White,Not Hispanic or Latino,23223,VA,Central,06-10-2025
PAT003704,18-07-1972,Male,White,Not Hispanic or Latino,23185,VA,Eastern,06-06-2023
PAT003705,05-10-1974,Female,Multiple,Hispanic or Latino,23601,VA,Eastern,21-04-2025
PAT003706,07-01-1977,Female,White,Not Hispanic or Latino,23225,VA,Central,24-04-2025
PAT003707,22-02-2005,Male,White,Not Hispanic or Latino,23606,VA,Eastern,05-10-2023
PAT003708,07-12-1972,Male,White,Not Hispanic or Latino,22902,VA,Western,29-01-2025
PAT003709,09-01-2022,Female,White,Not Hispanic or Latino,23220,VA,Central,17-04-2025
PAT003710,21-05-2022,Male,White,Not Hispanic or Latino,23834,VA,Southern,04-03-2024
PAT003711,08-06-2023,Male,White,Not Hispanic or Latino,23803,VA,Southern,11-09-2023
PAT003712,26-05-1963,Male,White,Hispanic or Latino,22405,VA,Northern,01-04-2023
PAT003713,09-12-1983,Female,Multiple,Not Hispanic or Latino,22405,VA,Northern,14-01-2023
PAT003714,26-04-2010,Male,Multiple,Not Hispanic or Latino,22911,VA,Western,08-11-2024
PAT003715,17-02-1989,Male,White,Not Hispanic or Latino,22405,VA,Northern,22-07-2024
PAT003716,23-07-2007,Male,White,Not Hispanic or Latino,23223,VA,Central,31-12-2024
PAT003717,18-08-1963,Female,White,Not Hispanic or Latino,23221,VA,Central,25-02-2023
PAT003718,21-02-1964,Male,White,Not Hispanic or Latino,23185,VA,Eastern,17-07-2024
PAT003719,27-03-2019,Male,White,Hispanic or Latino,23601,VA,Eastern,24-04-2024
PAT003720,24-01-1979,Female,White,Not Hispanic or Latino,23601,VA,Eastern,06-02-2024
PAT003721,07-04-1962,Male,Black or African American,Not Hispanic or Latino,23221,VA,Central,27-08-2024
PAT003722,22-01-1968,Male,Other,Not Hispanic or Latino,23225,VA,Central,07-04-2024
PAT003723,02-03-1981,Female,Black or African American,Not Hispanic or Latino,23803,VA,Southern,23-02-2024
PAT003724,25-11-1970,Male,White,Not Hispanic or Latino,22554,VA,Northern,03-06-2025
PAT003725,03-12-2003,Female,White,Not Hispanic or Latino,23221,VA,Central,28-08-2025
PAT003726,06-01-1969,Female,Black or African American,Not Hispanic or Latino,23831,VA,Southern,13-03-2023
PAT003727,22-03-1943,Male,White,Not Hispanic or Latino,23225,VA,Central,11-08-2023
PAT003728,07-03-2005,Male,White,Not Hispanic or Latino,23220,VA,Central,11-11-2023
PAT003729,14-02-1947,Female,Black or African American,Not Hispanic or Latino,23805,VA,Southern,07-12-2023
PAT003730,17-12-1986,Female,Asian,Not Hispanic or Latino,22554,VA,Northern,16-07-2025
PAT003731,18-10-1973,Female,White,Hispanic or Latino,22902,VA,Western,08-07-2025
PAT003732,20-03-1994,Female,White,Not Hispanic or Latino,23834,VA,Southern,25-07-2024
PAT003733,20-05-2015,Female,Black or African American,Not Hispanic or Latino,23805,VA,Southern,11-02-2023
PAT003734,10-07-2019,Male,White,Not Hispanic or Latino,22911,VA,Western,10-08-2025
PAT003735,28-02-1976,Female,Black or African American,Not Hispanic or Latino,23803,VA,Southern,17-09-2023
PAT003736,08-01-1961,Male,Asian,Not Hispanic or Latino,23220,VA,Central,08-09-2025
PAT003737,19-11-1984,Male,White,Not Hispanic or Latino,22902,VA,Western,19-04-2023
PAT003738,18-03-1967,Female,Multiple,Not Hispanic or Latino,23221,VA,Central,16-09-2023
PAT003739,17-01-1987,Male,Black or African American,Not Hispanic or Latino,23220,VA,Central,09-05-2024
PAT003740,03-09-1967,Female,White,Not Hispanic or Latino,22554,VA,Northern,11-12-2025
PAT003741,09-05-2005,Female,White,Not Hispanic or Latino,23223,VA,Central,06-10-2023
PAT003742,02-03-1977,Male,Multiple,Not Hispanic or Latino,22911,VA,Western,01-10-2025
PAT003743,05-04-1962,Female,White,Not Hispanic or Latino,22405,VA,Northern,03-07-2023
PAT003744,20-03-2009,Female,White,Unknown,23606,VA,Eastern,27-05-2023
PAT003745,21-12-2012,Female,White,Not Hispanic or Latino,23220,VA,Central,21-10-2024
PAT003746,22-03-1946,Female,Black or African American,Not Hispanic or Latino,22554,VA,Northern,22-11-2024
PAT003747,25-01-2007,Male,White,Not Hispanic or Latino,23803,VA,Southern,25-02-2023
PAT003748,01-12-2007,Female,White,Not Hispanic or Latino,23220,VA,Central,22-10-2024
PAT003749,26-12-2020,Female,Asian,Not Hispanic or Latino,22901,VA,Western,19-06-2023
PAT003750,16-04-1938,Female,Asian,Not Hispanic or Latino,23803,VA,Southern,18-06-2025
PAT003751,21-09-1963,Male,American Indian or Alaska Native,Not Hispanic or Latino,22903,VA,Western,28-04-2023
PAT003752,05-12-2007,Male,White,Not Hispanic or Latino,23223,VA,Central,02-10-2024
PAT003753,04-11-1969,Female,White,Unknown,23223,VA,Central,21-08-2024
PAT003754,03-03-1971,Male,White,Not Hispanic or Latino,23601,VA,Eastern,03-09-2025
PAT003755,17-08-1951,Male,White,Unknown,23220,VA,Central,05-11-2023
PAT003756,17-05-1988,Female,White,Not Hispanic or Latino,22901,VA,Western,05-10-2024
PAT003757,02-08-1984,Female,Black or African American,Not Hispanic or Latino,23225,VA,Central,15-08-2025
PAT003758,20-01-1975,Male,White,Not Hispanic or Latino,23185,VA,Eastern,06-01-2023
PAT003759,08-05-1939,Male,Asian,Not Hispanic or Latino,22911,VA,Western,08-12-2024
PAT003760,03-06-1940,Female,Other,Hispanic or Latino,23602,VA,,22-11-2025
PAT003761,05-09-1999,Female,Unknown,Hispanic or Latino,23834,VA,Southern,12-02-2025
PAT003762,08-02-1966,Male,White,Hispanic or Latino,23225,VA,Central,02-11-2023
PAT003763,17-05-1963,Female,White,Not Hispanic or Latino,23805,VA,Southern,20-10-2024
PAT003764,02-11-1985,Male,Black or African American,Not Hispanic or Latino,23831,VA,Southern,27-09-2024
PAT003765,26-03-1962,Male,Multiple,Not Hispanic or Latino,22551,VA,Northern,27-03-2023
PAT003766,02-12-1943,Male,Black or African American,Not Hispanic or Latino,23225,VA,Central,19-04-2023
PAT003767,08-04-1947,Male,White,Not Hispanic or Latino,22551,VA,Northern,31-07-2025
PAT003768,26-06-1966,Female,White,Not Hispanic or Latino,23220,VA,Central,12-12-2025
PAT003769,03-03-1955,Male,White,Not Hispanic or Latino,23220,VA,Central,02-07-2024
PAT003770,04-01-1963,Female,White,Not Hispanic or Latino,23606,VA,Eastern,01-06-2024
PAT003771,04-09-1977,Female,Black or African American,Not Hispanic or Latino,22901,VA,Western,19-06-2024
PAT003772,09-12-1980,Male,White,Unknown,23601,VA,Eastern,28-08-2025
PAT003773,17-04-1983,Female,Black or African American,Not Hispanic or Latino,23601,VA,Eastern,13-02-2025
PAT003774,17-04-1964,Female,White,Hispanic or Latino,23185,VA,Eastern,29-03-2025
PAT003775,05-04-1952,Female,Asian,Not Hispanic or Latino,22901,VA,Western,17-10-2023
PAT003776,22-10-2013,Male,White,Not Hispanic or Latino,23831,VA,Southern,16-12-2023
PAT003777,21-10-1944,Male,Other,Not Hispanic or Latino,22554,VA,Northern,14-04-2025
PAT003778,01-03-1971,Male,White,Not Hispanic or Latino,22902,VA,Western,09-05-2025
PAT003779,05-12-1963,Male,White,Unknown,22554,VA,Northern,18-12-2025
PAT003780,04-04-1947,Female,Black or African American,Not Hispanic or Latino,23223,VA,Central,30-05-2024
PAT003781,28-08-1974,Female,Black or African American,Not Hispanic or Latino,23220,VA,Central,10-03-2025
PAT003782,13-11-1971,Male,White,Not Hispanic or Latino,23221,VA,Central,27-12-2024
PAT003783,25-06-1963,Male,White,Not Hispanic or Latino,23223,VA,Central,28-03-2023
PAT003784,26-07-1955,Female,Other,Hispanic or Latino,23601,VA,Eastern,25-01-2025
PAT003785,22-09-1970,Male,Black or African American,Not Hispanic or Latino,22405,VA,Northern,24-08-2024
PAT003786,01-12-1972,Male,White,Not Hispanic or Latino,22901,VA,Western,20-08-2025
PAT003787,14-05-1984,Male,Black or African American,Not Hispanic or Latino,23602,VA,Eastern,18-08-2024
PAT003788,27-10-2009,Female,White,Not Hispanic or Latino,23803,VA,Southern,07-04-2024
PAT003789,12-02-1964,Female,Black or African American,Not Hispanic or Latino,22405,VA,Northern,22-10-2025
PAT003790,27-03-2009,Female,White,Not Hispanic or Latino,23602,VA,Eastern,10-11-2024
PAT003791,20-08-2021,Female,Asian,Not Hispanic or Latino,23220,VA,Central,27-11-2024
PAT003792,22-05-1990,Male,Black or African American,Not Hispanic or Latino,23220,VA,Central,19-08-2024
PAT003793,07-04-1972,Male,Asian,Not Hispanic or Latino,23221,VA,Central,28-12-2024
PAT003794,09-09-2001,Female,White,Not Hispanic or Latino,23223,VA,Central,08-09-2023
PAT003795,08-12-1995,Female,Asian,Not Hispanic or Latino,22405,VA,Northern,29-07-2023
PAT003796,23-02-2005,Female,Black or African American,Not Hispanic or Latino,23834,VA,Southern,13-12-2025
PAT003797,26-12-1946,Female,White,Unknown,22901,VA,Western,09-04-2023
PAT003798,08-04-1981,Female,Black or African American,Not Hispanic or Latino,23220,VA,Central,10-02-2024
PAT003799,05-04-1968,Male,Asian,Not Hispanic or Latino,23834,VA,Southern,23-10-2024
PAT003800,14-01-1987,Female,White,Not Hispanic or Latino,23803,VA,Southern,07-06-2023
PAT003801,25-10-2023,Male,Black or African American,Not Hispanic or Latino,22911,VA,Western,09-12-2025
PAT003802,04-07-1997,Male,Black or African American,Not Hispanic or Latino,23834,VA,Southern,22-10-2025
PAT003803,25-07-1962,Female,Black or African American,Hispanic or Latino,22401,VA,,22-01-2023
PAT003804,27-04-2002,Male,White,Not Hispanic or Latino,22901,VA,Western,02-03-2023
PAT003805,25-06-2004,Male,Asian,Not Hispanic or Latino,22551,VA,Northern,18-08-2023
PAT003806,27-03-1982,Male,White,Not Hispanic or Latino,22901,VA,Western,15-05-2024
PAT003807,16-06-2013,Male,Black or African American,Not Hispanic or Latino,22551,VA,Northern,24-06-2024
PAT003808,27-05-1937,Female,Asian,Not Hispanic or Latino,22901,VA,Western,30-04-2025
PAT003809,22-10-2007,Male,White,Not Hispanic or Latino,23221,VA,Central,13-03-2025
PAT003810,26-10-1970,Female,White,Not Hispanic or Latino,22554,VA,Northern,02-10-2023
PAT003811,03-01-1976,Male,Black or African American,Not Hispanic or Latino,23602,VA,Eastern,26-05-2023
PAT003812,28-02-1935,Female,White,Hispanic or Latino,22554,VA,Northern,11-08-2023
PAT003813,08-05-1967,Female,Asian,Not Hispanic or Latino,23221,VA,Central,24-03-2025
PAT003814,11-08-1944,Male,White,Not Hispanic or Latino,23803,VA,Southern,13-10-2023
PAT003815,06-04-2012,Male,White,Not Hispanic or Latino,23221,VA,Central,17-03-2024
PAT003816,17-10-1941,Male,White,Hispanic or Latino,23221,VA,Central,31-05-2023
PAT003817,09-08-1972,Female,White,Not Hispanic or Latino,23602,VA,Eastern,22-11-2024
PAT003818,03-02-1994,Male,White,Not Hispanic or Latino,23223,VA,Central,16-03-2023
PAT003819,17-03-1998,Female,Other,Not Hispanic or Latino,23225,VA,Central,29-03-2023
PAT003820,21-06-1977,Male,White,Not Hispanic or Latino,22901,VA,Western,22-11-2024
PAT003821,13-08-1953,Male,Asian,Not Hispanic or Latino,23225,VA,Central,10-06-2025
PAT003822,02-12-1935,Female,White,Hispanic or Latino,23220,VA,Central,27-08-2023
PAT003823,14-03-1964,Female,White,Not Hispanic or Latino,23220,VA,Central,28-03-2023
PAT003824,17-01-2019,Female,Asian,Not Hispanic or Latino,23221,VA,Central,09-01-2025
PAT003825,20-07-2013,Male,White,Not Hispanic or Latino,22401,VA,Northern,25-02-2023
PAT003826,22-03-1995,Female,White,Not Hispanic or Latino,23834,VA,Southern,29-05-2023
PAT003827,07-12-1950,Male,Black or African American,Hispanic or Latino,22901,VA,Western,26-12-2023
PAT003828,09-04-1963,Male,White,Not Hispanic or Latino,22903,VA,Western,29-12-2024
PAT003829,17-07-1959,Female,Asian,Not Hispanic or Latino,23221,VA,,12-06-2025
PAT003830,21-08-2022,Female,White,Not Hispanic or Latino,23225,VA,Central,19-05-2025
PAT003831,21-09-1963,Male,White,Not Hispanic or Latino,23221,VA,Central,07-03-2024
PAT003832,10-05-1944,Female,American Indian or Alaska Native,Not Hispanic or Latino,23220,VA,Central,26-08-2023
PAT003833,18-05-2018,Male,White,Hispanic or Latino,22901,VA,Western,16-12-2025
PAT003834,11-04-1946,Female,Other,Not Hispanic or Latino,22554,VA,Northern,01-05-2024
PAT003835,18-11-2010,Male,Asian,Not Hispanic or Latino,23601,VA,Eastern,14-04-2025
PAT003836,08-04-1959,Male,White,Not Hispanic or Latino,22903,VA,Western,12-09-2023
PAT003837,22-02-1959,Female,White,Not Hispanic or Latino,22554,VA,Northern,13-07-2025
PAT003838,01-12-1938,Male,White,Not Hispanic or Latino,22901,VA,Western,05-11-2025
PAT003839,19-10-1985,Female,White,Not Hispanic or Latino,23220,VA,Central,15-08-2024
PAT003840,06-10-1951,Female,White,Not Hispanic or Latino,23185,VA,Eastern,16-07-2025
PAT003841,26-10-1971,Male,White,Not Hispanic or Latino,23805,VA,Southern,05-04-2025
PAT003842,23-10-1936,Female,White,Not Hispanic or Latino,23225,VA,Central,08-02-2025
PAT003843,10-11-1962,Female,Black or African American,Not Hispanic or Latino,23834,VA,Southern,03-07-2023
PAT003844,05-05-1944,Male,White,Not Hispanic or Latino,22903,VA,Western,25-02-2025
PAT003845,11-03-2000,Male,White,Not Hispanic or Latino,23185,VA,Eastern,25-08-2024
PAT003846,10-09-1975,Female,Asian,Not Hispanic or Latino,23805,VA,Southern,25-12-2023
PAT003847,04-04-1961,Unknown,White,Not Hispanic or Latino,23221,VA,Central,01-04-2024
PAT003848,25-03-1971,Male,Black or African American,Not Hispanic or Latino,22551,VA,Northern,07-04-2025
PAT003849,02-09-1981,Female,Black or African American,Not Hispanic or Latino,23225,VA,Central,17-02-2023
PAT003850,05-08-1982,Male,Black or African American,Unknown,23834,VA,Southern,30-08-2023
PAT003851,01-07-1993,Male,Other,Not Hispanic or Latino,22551,VA,Northern,23-12-2023
PAT003852,18-05-2001,Female,White,Hispanic or Latino,23221,VA,Central,30-11-2025
PAT003853,11-04-1981,Male,White,Hispanic or Latino,23831,VA,Southern,14-05-2024
PAT003854,05-09-1961,Male,Other,Not Hispanic or Latino,23220,VA,Central,06-08-2024
PAT003855,14-06-2007,Female,White,Hispanic or Latino,23803,VA,Southern,19-10-2023
PAT003856,19-12-1976,Female,Asian,Not Hispanic or Latino,23225,VA,Central,30-11-2024
PAT003857,26-09-2025,Other,Black or African American,Not Hispanic or Latino,23221,VA,Central,16-11-2025
PAT003858,22-09-2014,Male,White,Hispanic or Latino,22405,VA,Northern,08-06-2025
PAT003859,03-05-1980,Male,White,Not Hispanic or Latino,23225,VA,Central,13-02-2025
PAT003860,21-07-2014,Male,White,Not Hispanic or Latino,23220,VA,Central,19-03-2024
PAT003861,16-09-1975,Female,Black or African American,Hispanic or Latino,22551,VA,Northern,21-07-2023
PAT003862,05-11-1965,female,Other,Not Hispanic or Latino,23805,VA,Southern,18-12-2025
PAT003863,11-10-1950,Female,White,Not Hispanic or Latino,23220,VA,Central,30-05-2024
PAT003864,25-04-1977,Female,Other,Not Hispanic or Latino,23223,VA,Central,27-03-2025
PAT003865,08-03-1967,Male,Black or African American,Not Hispanic or Latino,23223,VA,Central,08-11-2025
PAT003866,02-11-1999,Male,White,Not Hispanic or Latino,23220,VA,Central,03-12-2023
PAT003867,01-04-2010,Male,Multiple,Not Hispanic or Latino,23220,VA,Central,18-11-2025
PAT003868,13-10-1969,Male,White,Not Hispanic or Latino,23225,VA,Central,09-05-2023
PAT003869,27-02-1959,Female,Black or African American,Not Hispanic or Latino,23606,VA,Eastern,28-10-2025
PAT003870,03-02-1987,Male,White,Not Hispanic or Latino,23601,VA,Eastern,16-11-2024
PAT003871,03-01-1960,Female,Black or African American,Not Hispanic or Latino,23834,VA,Southern,16-12-2025
PAT003872,21-10-1959,Male,White,Hispanic or Latino,23223,VA,Central,14-06-2023
PAT003873,20-11-1986,Female,White,Not Hispanic or Latino,22401,VA,Northern,20-10-2024
PAT003874,14-08-1959,Male,White,Not Hispanic or Latino,22405,VA,Northern,04-12-2025
PAT003875,15-10-1954,Male,Black or African American,Not Hispanic or Latino,22551,VA,Northern,22-10-2023
PAT003876,12-12-2006,Female,Black or African American,Not Hispanic or Latino,23805,VA,Southern,27-07-2024
PAT003877,16-01-1952,Male,White,Not Hispanic or Latino,22551,VA,Northern,25-06-2025
PAT003878,06-07-1998,Other,Native Hawaiian or Other Pacific Islander,Not Hispanic or Latino,23220,VA,Central,08-07-2025
PAT003879,13-12-2021,Female,White,Not Hispanic or Latino,22911,VA,Western,24-09-2023
PAT003880,12-03-1981,Female,White,Not Hispanic or Latino,22401,VA,Northern,08-07-2023
PAT003881,24-08-1979,Unknown,Black or African American,Not Hispanic or Latino,23225,VA,Central,26-02-2025
PAT003882,19-03-2024,Female,White,Not Hispanic or Latino,22401,VA,Northern,13-12-2024
PAT003883,17-07-2007,Female,White,Not Hispanic or Latino,23831,VA,Southern,18-05-2023
PAT003884,07-04-2001,Female,White,Not Hispanic or Latino,23225,VA,Central,20-04-2024
PAT003885,11-03-1974,Male,White,Not Hispanic or Latino,23223,VA,Central,17-12-2023
PAT003886,13-06-2019,Male,White,Hispanic or Latino,23220,VA,Central,14-08-2025
PAT003887,15-02-1943,Female,White,Not Hispanic or Latino,23220,VA,Central,24-02-2024
PAT003888,04-11-2002,Female,Black or African American,Unknown,22901,VA,Western,01-12-2023
PAT003889,04-07-2025,Female,Other,Not Hispanic or Latino,22902,VA,Western,20-10-2025
PAT003890,22-09-2018,Female,White,Not Hispanic or Latino,23831,VA,Southern,29-09-2023
PAT003891,18-08-1993,Female,Black or African American,Not Hispanic or Latino,23223,VA,Central,09-02-2025
PAT003892,07-04-1974,Female,Black or African American,Not Hispanic or Latino,22551,VA,Northern,02-06-2023
PAT003893,18-11-1976,Male,Unknown,Not Hispanic or Latino,22554,VA,Northern,20-09-2024
PAT003894,02-10-1986,Female,Black or African American,Not Hispanic or Latino,23805,VA,Southern,23-10-2024
PAT003895,28-03-2006,Male,American Indian or Alaska Native,Not Hispanic or Latino,22911,VA,Western,25-08-2024
PAT003896,27-01-2009,Male,White,Not Hispanic or Latino,23185,VA,,02-06-2025
PAT003897,02-05-2017,Male,Black or African American,Not Hispanic or Latino,22405,VA,Northern,14-07-2025
PAT003898,09-11-1987,Female,White,Not Hispanic or Latino,22401,VA,Northern,26-03-2025
PAT003899,04-09-2010,Female,Asian,Hispanic or Latino,23221,VA,Central,06-08-2025
PAT003900,17-11-2010,Female,White,Unknown,22405,VA,Northern,18-01-2024
PAT003901,27-01-2005,Male,Black or African American,Not Hispanic or Latino,22405,VA,Northern,08-07-2023
PAT003902,18-10-1992,Male,White,Not Hispanic or Latino,23221,VA,Central,29-07-2023
PAT003903,09-04-1965,Male,White,Not Hispanic or Latino,23225,VA,Central,18-12-2023
PAT003904,11-09-1981,Male,White,Not Hispanic or Latino,23225,VA,Central,15-06-2025
PAT003905,28-07-1987,Female,White,Not Hispanic or Latino,23221,VA,Central,12-05-2024
PAT003906,28-02-1961,Female,Multiple,Not Hispanic or Latino,22405,VA,Northern,14-10-2024
PAT003907,11-01-1984,Male,Black or African American,Not Hispanic or Latino,23805,VA,Southern,09-07-2025
PAT003908,16-01-1964,Female,White,Not Hispanic or Latino,23225,VA,Central,04-04-2025
PAT003909,16-08-2022,Female,Black or African American,Not Hispanic or Latino,23185,VA,Eastern,04-04-2025
PAT003910,13-04-1992,Female,White,Not Hispanic or Latino,23221,VA,Central,01-02-2023
PAT003911,13-01-1970,Female,White,Not Hispanic or Latino,22405,VA,Northern,22-06-2023
PAT003912,06-03-1939,Female,White,Unknown,23221,VA,Central,16-12-2024
PAT003913,06-11-1970,Male,White,Not Hispanic or Latino,23220,VA,Central,16-03-2025
PAT003914,12-11-1939,Male,White,Not Hispanic or Latino,23220,VA,Central,17-11-2024
PAT003915,04-08-1982,Female,Black or African American,Not Hispanic or Latino,23831,VA,Southern,09-04-2025
PAT003916,24-03-1942,Male,Black or African American,Not Hispanic or Latino,22901,VA,Western,06-12-2025
PAT003917,03-03-1965,Female,Other,Not Hispanic or Latino,23221,VA,Central,01-11-2024
PAT003918,25-08-1995,Male,Black or African American,Not Hispanic or Latino,23220,VA,Central,30-12-2025
PAT003919,09-11-1978,Female,White,Not Hispanic or Latino,23805,VA,Southern,30-05-2025
PAT003920,18-10-1981,Female,White,Not Hispanic or Latino,23831,VA,Southern,03-02-2023
PAT003921,02-03-2020,Male,White,Not Hispanic or Latino,23223,VA,Central,11-03-2023
PAT003922,24-12-1981,Female,Black or African American,Hispanic or Latino,23805,VA,Southern,06-06-2025
PAT003923,23-10-1979,Female,Multiple,Not Hispanic or Latino,23831,VA,Southern,05-11-2025
PAT003924,05-11-2016,Male,Asian,Not Hispanic or Latino,22554,VA,Northern,22-11-2024
PAT003925,17-10-1937,Female,White,Not Hispanic or Latino,23220,VA,Central,22-06-2023
PAT003926,15-06-1971,Female,Other,Not Hispanic or Latino,23225,VA,Central,15-03-2023
PAT003927,12-02-2011,Female,Multiple,Not Hispanic or Latino,23601,VA,Eastern,26-04-2024
PAT003928,13-08-1995,Male,Multiple,Hispanic or Latino,23834,VA,Southern,06-02-2024
PAT003929,06-11-2008,Female,Asian,Not Hispanic or Latino,23220,VA,Central,14-07-2025
PAT003930,25-07-2017,Female,White,Not Hispanic or Latino,22401,VA,Northern,11-05-2023
PAT003931,20-08-2011,Female,Asian,Not Hispanic or Latino,22551,VA,Northern,26-02-2025
PAT003932,19-10-2003,Male,White,Not Hispanic or Latino,22911,VA,Western,01-11-2025
PAT003933,28-12-2010,Male,White,Not Hispanic or Latino,23221,VA,Central,23-09-2023
PAT003934,19-09-1985,Male,White,Not Hispanic or Latino,23805,VA,Southern,08-10-2025
PAT003935,26-01-1979,Male,Multiple,Not Hispanic or Latino,23831,VA,Southern,09-12-2025
PAT003936,21-07-1960,Male,Asian,Not Hispanic or Latino,23221,VA,Central,01-05-2024
PAT003937,23-01-1949,Male,White,Not Hispanic or Latino,22903,VA,Western,03-03-2023
PAT003938,25-06-1965,Male,Black or African American,Not Hispanic or Latino,23225,VA,Central,19-02-2025
PAT003939,11-10-1937,Male,White,Hispanic or Latino,22551,VA,Northern,20-03-2023
PAT003940,04-11-1975,Male,Asian,Not Hispanic or Latino,22405,VA,Northern,26-07-2024
PAT003941,06-09-1961,Male,Black or African American,Not Hispanic or Latino,23831,VA,Southern,06-02-2025
PAT003942,06-05-1986,Female,Unknown,Not Hispanic or Latino,23834,VA,Southern,01-08-2025
PAT003943,05-04-2013,Male,White,Unknown,23831,VA,Southern,25-08-2024
PAT003944,08-11-2002,Male,Multiple,Not Hispanic or Latino,23221,VA,Central,26-12-2025
PAT003945,28-10-1937,Female,White,Not Hispanic or Latino,22903,VA,Western,12-03-2025
PAT003946,18-04-1953,Male,White,Not Hispanic or Latino,22401,VA,Northern,27-11-2024
PAT003947,09-03-1969,Male,Asian,Not Hispanic or Latino,23803,VA,Southern,02-11-2024
PAT003948,25-09-1955,Male,White,Not Hispanic or Latino,23602,VA,Eastern,16-09-2025
PAT003949,13-06-2002,Female,White,Hispanic or Latino,23221,VA,Central,18-12-2023
PAT003950,08-10-1948,Female,White,Unknown,23601,VA,Eastern,04-12-2024
PAT003951,26-10-1944,Male,White,Not Hispanic or Latino,23602,VA,Eastern,29-07-2023
PAT003952,04-09-1972,Female,Asian,Not Hispanic or Latino,23834,VA,Southern,26-01-2025
PAT003953,21-01-1985,Male,White,Not Hispanic or Latino,22911,VA,Western,28-11-2025
PAT003954,28-07-1999,Male,White,Not Hispanic or Latino,23831,VA,Southern,02-02-2023
PAT003955,25-06-1941,Female,White,Hispanic or Latino,22551,VA,Northern,11-08-2024
PAT003956,01-04-2017,Male,White,Not Hispanic or Latino,22405,VA,Northern,19-09-2024
PAT003957,17-11-2004,Female,White,Not Hispanic or Latino,23803,VA,Southern,20-08-2023
PAT003958,16-10-1992,Female,Black or African American,Hispanic or Latino,23221,VA,Central,07-04-2023
PAT003959,27-09-1954,Male,Black or African American,Not Hispanic or Latino,23223,VA,Central,28-04-2024
PAT003960,03-01-1999,Female,White,Not Hispanic or Latino,23602,VA,Eastern,06-03-2024
PAT003961,03-05-1969,Unknown,Asian,Not Hispanic or Latino,22903,VA,Western,24-08-2024
PAT003962,11-02-1946,Female,Asian,Not Hispanic or Latino,23831,VA,Southern,19-02-2024
PAT003963,24-04-2022,Male,White,Not Hispanic or Latino,23221,VA,Central,19-01-2025
PAT003964,27-04-1966,Female,White,Not Hispanic or Latino,23834,VA,Southern,01-09-2025
PAT003965,04-09-1937,Male,White,Not Hispanic or Latino,23221,VA,Central,22-05-2025
PAT003966,02-06-1993,Male,Black or African American,Not Hispanic or Latino,23803,VA,Southern,28-06-2024
PAT003967,28-12-1956,Female,White,Not Hispanic or Latino,23220,VA,Central,03-08-2024
PAT003968,25-01-2023,Male,White,Not Hispanic or Latino,22903,VA,Western,23-01-2024
PAT003969,20-07-1946,Male,Black or African American,Hispanic or Latino,23803,VA,Southern,08-12-2025
PAT003970,02-09-2010,Female,American Indian or Alaska Native,Hispanic or Latino,23601,VA,Eastern,05-09-2025
PAT003971,12-05-1975,Female,Black or African American,Not Hispanic or Latino,22902,VA,Western,26-04-2024
PAT003972,17-09-1962,Female,Asian,Unknown,23223,VA,Central,03-04-2025
PAT003973,11-03-2020,Female,Unknown,Hispanic or Latino,22551,VA,Northern,02-05-2025
PAT003974,28-06-2024,Female,Other,Not Hispanic or Latino,22551,VA,Northern,01-10-2025
PAT003975,09-08-1943,Male,Multiple,Not Hispanic or Latino,23831,VA,Southern,10-12-2023
PAT003976,23-08-1988,Female,Other,Not Hispanic or Latino,23602,VA,Eastern,10-11-2025
PAT003977,22-12-1997,Male,White,Not Hispanic or Latino,22554,VA,Northern,26-11-2024
PAT003978,14-10-1937,Other,Black or African American,Not Hispanic or Latino,22903,VA,Western,11-10-2024
PAT003979,27-12-1935,Female,Asian,Hispanic or Latino,23831,VA,Southern,31-12-2023
PAT003980,10-03-1991,Male,Multiple,Not Hispanic or Latino,23220,VA,Central,19-06-2023
PAT003981,14-12-1978,Female,American Indian or Alaska Native,Hispanic or Latino,22903,VA,Western,22-02-2023
PAT003982,02-01-2003,Female,Black or African American,Not Hispanic or Latino,22901,VA,Western,16-11-2023
PAT003983,21-06-1998,Female,White,Not Hispanic or Latino,23805,VA,Southern,20-04-2024
PAT003984,05-04-1989,Male,White,Not Hispanic or Latino,23185,VA,Eastern,29-10-2024
PAT003985,03-06-1977,Female,White,Not Hispanic or Latino,23805,VA,Southern,12-01-2023
PAT003986,16-06-2015,Male,Multiple,Not Hispanic or Latino,22401,VA,Northern,04-12-2025
PAT003987,21-11-1987,Female,White,Not Hispanic or Latino,23225,VA,Central,09-01-2024
PAT003988,10-01-2027,Male,Asian,Not Hispanic or Latino,22554,VA,Northern,05-08-2024
PAT003989,20-09-2009,Male,White,Not Hispanic or Latino,22911,VA,Western,01-03-2025
PAT003990,23-10-1966,Male,Unknown,Not Hispanic or Latino,22551,VA,Northern,23-10-2023
PAT003991,08-12-1983,Female,Black or African American,Not Hispanic or Latino,23606,VA,Eastern,08-07-2025
PAT003992,10-12-1993,Female,Black or African American,Not Hispanic or Latino,23225,VA,Central,03-11-2023
PAT003993,12-03-2007,Male,White,Not Hispanic or Latino,23221,VA,Central,25-01-2025
PAT003994,03-04-1998,Female,Black or African American,Not Hispanic or Latino,23221,VA,Central,21-12-2023
PAT003995,26-09-1938,Male,Multiple,Not Hispanic or Latino,23803,VA,Southern,01-10-2023
PAT003996,05-02-2001,Female,White,Not Hispanic or Latino,23221,VA,Central,21-10-2023
PAT003997,21-01-1940,Female,White,Not Hispanic or Latino,23602,VA,Eastern,09-07-2023
PAT003998,24-07-1959,Female,Multiple,Not Hispanic or Latino,23220,VA,Central,04-07-2023
PAT003999,14-04-2009,Female,White,Not Hispanic or Latino,23223,VA,Central,29-09-2025
PAT004000,23-04-1988,Male,White,Not Hispanic or Latino,23225,VA,Central,07-12-2024
PAT004001,06-09-2007,Female,American Indian or Alaska Native,Not Hispanic or Latino,23225,VA,Central,07-04-2025
PAT004002,03-12-1944,Female,White,Not Hispanic or Latino,23834,VA,Southern,29-12-2023
PAT004003,12-03-1963,Female,Black or African American,Not Hispanic or Latino,23834,VA,Southern,08-08-2025
PAT004004,24-05-1997,Female,White,Not Hispanic or Latino,23602,VA,Eastern,28-06-2024
PAT004005,13-03-1968,Male,White,Not Hispanic or Latino,22902,VA,Western,08-03-2023
PAT004006,20-03-2015,Female,Black or African American,Not Hispanic or Latino,23220,VA,Central,12-11-2025
PAT004007,24-11-1977,Female,Asian,Not Hispanic or Latino,23606,VA,Eastern,22-02-2025
PAT004008,24-04-2008,Male,American Indian or Alaska Native,Not Hispanic or Latino,23803,VA,Southern,14-03-2025
PAT004009,28-09-1975,Male,White,Not Hispanic or Latino,22902,VA,Western,19-06-2025
PAT004010,16-11-1989,Male,White,Hispanic or Latino,22405,VA,Northern,10-05-2023
PAT004011,07-11-1946,Female,Multiple,Not Hispanic or Latino,22405,VA,Northern,26-06-2025
PAT004012,24-12-1935,Male,Multiple,Not Hispanic or Latino,23221,VA,Central,17-01-2024
PAT004013,11-01-1977,Male,White,Not Hispanic or Latino,22902,VA,Western,20-12-2023
PAT004014,19-10-1973,Male,White,Not Hispanic or Latino,22405,VA,Northern,23-04-2025
PAT004015,04-03-1976,Female,White,Not Hispanic or Latino,22551,VA,Northern,31-10-2024
PAT004016,10-11-2005,Male,White,Not Hispanic or Latino,22902,VA,Western,22-10-2023
PAT004017,11-03-1972,Female,White,Hispanic or Latino,23223,VA,Central,15-05-2024
PAT004018,28-10-1935,Male,Black or African American,Not Hispanic or Latino,22902,VA,Western,17-10-2024
PAT004019,09-05-1943,Male,Black or African American,Hispanic or Latino,23834,VA,Southern,08-09-2023
PAT004020,21-12-2010,Male,White,Not Hispanic or Latino,23606,VA,Eastern,06-10-2025
PAT004021,26-03-2018,Female,White,Not Hispanic or Latino,22911,VA,Western,16-08-2024
PAT004022,19-01-2018,Female,White,Not Hispanic or Latino,22554,VA,Northern,18-06-2024
PAT004023,26-10-1952,Female,White,Not Hispanic or Latino,22911,VA,Western,27-08-2023
PAT004024,20-08-2002,Male,White,Not Hispanic or Latino,23834,VA,Southern,06-01-2023
PAT004025,06-10-2002,Male,White,Not Hispanic or Latino,23834,VA,Southern,24-05-2023
PAT004026,11-01-1973,Male,White,Not Hispanic or Latino,22902,VA,Western,17-08-2025
PAT004027,24-08-1991,Male,White,Not Hispanic or Latino,23220,VA,Central,14-03-2024
PAT004028,27-12-1968,Female,White,Not Hispanic or Latino,23602,VA,Eastern,11-10-2023
PAT004029,17-09-1981,Male,White,Not Hispanic or Latino,23601,VA,Eastern,25-09-2023
PAT004030,26-01-2021,Male,Asian,Not Hispanic or Latino,23185,VA,Eastern,03-10-2023
PAT004031,24-07-1996,Female,Asian,Not Hispanic or Latino,23803,VA,Southern,21-01-2024
PAT004032,02-01-2020,Male,Black or African American,Not Hispanic or Latino,23831,VA,Southern,28-09-2025
PAT004033,17-09-1993,Female,White,Not Hispanic or Latino,23225,VA,Central,16-12-2024
PAT004034,24-12-2001,Male,White,Not Hispanic or Latino,22554,VA,Northern,19-11-2025
PAT004035,08-03-1949,Male,Asian,Not Hispanic or Latino,22551,VA,Northern,05-05-2023
PAT004036,07-01-1963,Female,White,Not Hispanic or Latino,23220,VA,Central,23-07-2024
PAT004037,13-04-1971,Male,White,Not Hispanic or Latino,22401,VA,Northern,18-10-2024
PAT004038,03-08-1989,Male,Black or African American,Not Hispanic or Latino,23223,VA,Central,30-11-2023
PAT004039,19-12-2001,Female,Asian,Not Hispanic or Latino,23220,VA,Central,16-02-2023
PAT004040,19-11-2003,Female,Asian,Hispanic or Latino,23601,VA,Eastern,14-12-2024
PAT004041,10-02-2025,Male,Multiple,Not Hispanic or Latino,23601,VA,Eastern,12-10-2025
PAT004042,28-11-1986,Male,Multiple,Not Hispanic or Latino,23221,VA,Central,27-04-2023
PAT004043,01-04-1981,Female,Multiple,Not Hispanic or Latino,23606,VA,Eastern,20-08-2025
PAT004044,22-04-2023,Female,Black or African American,Hispanic or Latino,23606,VA,Eastern,26-07-2023
PAT004045,05-02-1941,Male,Asian,Not Hispanic or Latino,23834,VA,Southern,10-04-2023
PAT004046,24-03-1940,Male,Asian,Not Hispanic or Latino,23601,VA,Eastern,25-08-2023
PAT004047,04-03-1987,Male,White,Not Hispanic or Latino,23225,VA,Central,19-04-2025
PAT004048,05-11-2011,Female,Multiple,Not Hispanic or Latino,22901,VA,Western,24-08-2023
PAT004049,22-12-1941,Male,Asian,Not Hispanic or Latino,23220,VA,Central,26-08-2023
PAT004050,13-07-1974,Male,Multiple,Not Hispanic or Latino,22901,VA,Western,23-09-2023
PAT004051,04-01-2020,Male,Unknown,Hispanic or Latino,22401,VA,Northern,03-07-2025
PAT004052,11-12-1973,Female,White,Hispanic or Latino,22551,VA,Northern,24-05-2024
PAT004053,24-10-1987,Male,Native Hawaiian or Other Pacific Islander,Not Hispanic or Latino,22902,VA,Western,17-03-2023
PAT004054,07-10-2016,Female,Unknown,Not Hispanic or Latino,23225,VA,Central,17-02-2025
PAT004055,18-04-1950,Female,Asian,Not Hispanic or Latino,23803,VA,Southern,02-01-2024
PAT004056,22-11-1946,Female,White,Not Hispanic or Latino,23223,VA,Central,02-12-2025
PAT004057,25-03-2004,Female,White,Hispanic or Latino,22554,VA,Northern,27-12-2023
PAT004058,10-02-1989,Female,Black or African American,Not Hispanic or Latino,23220,VA,Central,19-03-2025
PAT004059,05-09-1980,Male,White,Not Hispanic or Latino,23602,VA,Eastern,18-01-2023
PAT004060,05-03-2015,Male,Black or African American,Not Hispanic or Latino,22554,VA,Northern,08-02-2025
PAT004061,27-01-1973,Female,White,Not Hispanic or Latino,23221,VA,Central,21-01-2025
PAT004062,13-12-1970,Male,Unknown,Not Hispanic or Latino,22401,VA,Northern,03-01-2023
PAT004063,22-12-2019,Female,White,Not Hispanic or Latino,22554,VA,Northern,20-09-2023
PAT004064,25-01-1992,Female,White,Not Hispanic or Latino,23220,VA,Central,13-04-2024
PAT004065,05-02-1968,Female,Black or African American,Not Hispanic or Latino,23223,VA,Central,26-01-2024
PAT004066,18-06-1984,Male,White,Unknown,23223,VA,Central,20-01-2025
PAT004067,25-05-1969,Male,Black or African American,Not Hispanic or Latino,23221,VA,Central,10-03-2024
PAT004068,09-01-1962,Male,White,Not Hispanic or Latino,23220,VA,Central,16-11-2023
PAT004069,16-03-1975,Male,Asian,Not Hispanic or Latino,23803,VA,Southern,15-05-2025
PAT004070,20-06-1957,Male,White,Not Hispanic or Latino,23221,VA,Central,08-09-2025
PAT004071,16-09-1972,Female,Black or African American,Not Hispanic or Latino,23223,VA,Central,04-05-2023
PAT004072,20-10-2002,Male,White,Not Hispanic or Latino,22401,VA,Northern,26-06-2025
PAT004073,03-12-1937,Female,Multiple,Not Hispanic or Latino,23834,VA,Southern,22-05-2025
PAT004074,08-07-2007,Male,Black or African American,Not Hispanic or Latino,23221,VA,Central,17-09-2023
PAT004075,21-09-1998,Male,Asian,Not Hispanic or Latino,23220,VA,Central,02-12-2024
PAT004076,28-05-1997,Female,White,Not Hispanic or Latino,23221,VA,Central,16-01-2023
PAT004077,23-12-1987,Female,Asian,Not Hispanic or Latino,23223,VA,Central,08-03-2023
PAT004078,04-01-2000,Female,Native Hawaiian or Other Pacific Islander,Not Hispanic or Latino,23220,VA,Central,13-01-2025
PAT004079,19-08-1948,Male,White,Not Hispanic or Latino,23225,VA,Central,24-01-2025
PAT004080,20-05-2012,Male,Black or African American,Not Hispanic or Latino,22401,VA,Northern,29-01-2025
PAT004081,22-10-1946,Female,Asian,Not Hispanic or Latino,23223,VA,Central,31-01-2025
PAT004082,27-07-2016,Female,Asian,Unknown,23221,VA,Central,19-05-2024
PAT004083,27-08-2017,Male,White,Not Hispanic or Latino,22901,VA,Western,08-10-2023
PAT004084,15-05-1962,Female,Black or African American,Hispanic or Latino,23606,VA,Eastern,06-01-2023
PAT004085,18-01-1974,Male,Black or African American,Not Hispanic or Latino,23220,VA,Central,31-08-2023
PAT004086,02-02-1991,Male,White,Not Hispanic or Latino,23805,VA,Southern,24-02-2023
PAT004087,26-12-1978,Female,Other,Not Hispanic or Latino,23834,VA,Southern,15-04-2024
PAT004088,24-09-2029,Female,White,Not Hispanic or Latino,23602,VA,Eastern,04-07-2023
PAT004089,14-03-1968,Other,Black or African American,Not Hispanic or Latino,23220,VA,Central,27-01-2023
PAT004090,26-02-1982,Female,White,Not Hispanic or Latino,22554,VA,Northern,06-07-2025
PAT004091,19-03-1974,Male,Black or African American,Not Hispanic or Latino,22401,VA,Northern,10-08-2023
PAT004092,02-12-1950,Male,White,Not Hispanic or Latino,23834,VA,Southern,22-06-2023
PAT004093,02-09-2001,Female,Other,Not Hispanic or Latino,23225,VA,Central,16-07-2025
PAT004094,02-04-1989,Female,White,Not Hispanic or Latino,22911,VA,Western,14-04-2024
PAT004095,02-02-1997,Female,White,Not Hispanic or Latino,22554,VA,,09-01-2025
PAT004096,16-05-1982,Female,White,Not Hispanic or Latino,23831,VA,Southern,13-02-2024
PAT004097,04-03-1995,Female,White,Not Hispanic or Latino,22405,VA,Northern,20-02-2023
PAT004098,14-10-1990,Male,White,Hispanic or Latino,23805,VA,Southern,15-12-2024
PAT004099,22-09-1967,Female,Native Hawaiian or Other Pacific Islander,Not Hispanic or Latino,23831,VA,Southern,04-07-2025
PAT004100,14-12-1969,Male,Asian,Not Hispanic or Latino,23223,VA,Central,13-10-2025
PAT004101,04-04-1990,Female,White,Not Hispanic or Latino,23220,VA,Central,14-11-2024
PAT004102,26-11-2001,Male,White,Not Hispanic or Latino,22902,VA,Western,04-04-2025
PAT004103,09-08-2002,Male,White,Not Hispanic or Latino,22911,VA,Western,17-03-2025
PAT004104,03-03-1947,Female,White,Not Hispanic or Latino,23223,VA,Central,12-05-2023
PAT004105,27-04-2009,Male,Unknown,Not Hispanic or Latino,22405,VA,Northern,30-08-2025
PAT004106,02-01-2025,Male,Black or African American,Not Hispanic or Latino,22903,VA,Western,27-07-2025
PAT004107,04-07-1984,Male,Black or African American,Not Hispanic or Latino,23223,VA,Central,07-11-2024
PAT004108,01-10-1980,Female,White,Not Hispanic or Latino,23220,VA,Central,27-08-2023
PAT004109,19-08-2024,Female,White,Not Hispanic or Latino,22551,VA,Northern,26-07-2025
PAT004110,09-02-2011,Female,Black or African American,Not Hispanic or Latino,22401,VA,Northern,10-02-2023
PAT004111,08-10-2017,Female,Asian,Not Hispanic or Latino,22401,VA,Northern,06-07-2024
PAT004112,11-01-1981,Male,Asian,Hispanic or Latino,23221,VA,Central,15-05-2023
PAT004113,02-03-2015,Male,White,Not Hispanic or Latino,23602,VA,Eastern,24-10-2025
PAT004114,10-10-2024,Female,Black or African American,Not Hispanic or Latino,23225,VA,Central,30-04-2025
PAT004115,21-08-2009,Male,Asian,Not Hispanic or Latino,22902,VA,Western,14-05-2023
PAT004116,19-08-1972,Male,Asian,Hispanic or Latino,23225,VA,Central,04-09-2023
PAT004117,13-07-1962,Male,White,Not Hispanic or Latino,22903,VA,Western,29-07-2023
PAT004118,04-07-1994,Male,Black or African American,Not Hispanic or Latino,23221,VA,Central,18-03-2024
PAT004119,02-05-1945,Female,Black or African American,Not Hispanic or Latino,22911,VA,Western,09-09-2025
PAT004120,08-04-2017,Male,Asian,Not Hispanic or Latino,23805,VA,Southern,22-10-2024
PAT004121,07-03-1984,Female,White,Unknown,22554,VA,Northern,22-08-2023
PAT004122,26-08-1941,Male,Multiple,Not Hispanic or Latino,23185,VA,Eastern,18-05-2023
PAT004123,06-05-1938,Female,Black or African American,Hispanic or Latino,22551,VA,Northern,13-10-2023
PAT004124,15-04-1960,Male,Asian,Not Hispanic or Latino,23220,VA,Central,21-11-2025
PAT004125,28-09-1993,Male,White,Not Hispanic or Latino,23601,VA,Eastern,05-08-2023
PAT004126,02-07-2005,Male,Black or African American,Not Hispanic or Latino,23221,VA,Central,26-02-2023
PAT004127,21-11-1980,Female,White,Not Hispanic or Latino,22903,VA,Western,14-07-2023
PAT004128,08-02-2008,Female,White,Not Hispanic or Latino,23223,VA,Central,16-11-2025
PAT004129,15-10-2009,Male,White,Not Hispanic or Latino,23221,VA,Central,18-08-2023
PAT004130,01-08-1974,Female,Multiple,Not Hispanic or Latino,22903,VA,Western,06-11-2025
PAT004131,18-02-2025,Male,White,Not Hispanic or Latino,22911,VA,Western,01-07-2025
PAT004132,05-09-1971,Male,Black or African American,Not Hispanic or Latino,22405,VA,Northern,04-09-2023
PAT004133,17-06-1983,Male,White,Not Hispanic or Latino,22405,VA,Northern,20-06-2025
PAT004134,15-06-1991,Male,Other,Not Hispanic or Latino,23220,VA,Central,20-12-2023
PAT004135,09-01-1990,Female,White,Not Hispanic or Latino,22401,VA,Northern,07-05-2025
PAT004136,16-06-1983,Male,Black or African American,Not Hispanic or Latino,22901,VA,Western,04-01-2024
PAT004137,13-04-1962,Female,Asian,Not Hispanic or Latino,23185,VA,Eastern,05-09-2024
PAT004138,25-02-2013,Male,Unknown,Not Hispanic or Latino,23803,VA,Southern,20-11-2023
PAT004139,22-08-1944,Female,Black or African American,Not Hispanic or Latino,23831,VA,Southern,05-12-2023
PAT004140,14-11-1981,Unknown,White,Not Hispanic or Latino,23601,VA,Eastern,06-08-2025
PAT004141,22-10-2013,Male,Black or African American,Not Hispanic or Latino,23834,VA,Southern,13-04-2023
PAT004142,19-01-2017,Male,White,Not Hispanic or Latino,23223,VA,Central,14-04-2024
PAT004143,09-02-1938,Male,Multiple,Unknown,22901,VA,Western,17-05-2025
PAT004144,14-06-1989,Female,White,Hispanic or Latino,22901,VA,Western,09-10-2025
PAT004145,08-11-2008,Female,Black or African American,Not Hispanic or Latino,23221,VA,Central,25-09-2025
PAT004146,26-11-1971,Female,Black or African American,Not Hispanic or Latino,23221,VA,Central,13-11-2024
PAT004147,04-06-1995,Male,White,Hispanic or Latino,23225,VA,Central,26-03-2025
PAT004148,21-05-1973,Female,White,Not Hispanic or Latino,23803,VA,Southern,13-05-2025
PAT004149,10-11-1979,Female,White,Not Hispanic or Latino,22551,VA,Northern,24-02-2025
PAT004150,09-12-2000,Female,American Indian or Alaska Native,Not Hispanic or Latino,23834,VA,Southern,22-02-2023
PAT004151,17-08-1952,Male,Multiple,Hispanic or Latino,22903,VA,Western,07-11-2023
PAT004152,01-08-2023,Male,Black or African American,Not Hispanic or Latino,23221,VA,Central,25-02-2025
PAT004153,13-02-1970,Female,White,Not Hispanic or Latino,22405,VA,Northern,24-11-2023
PAT004154,25-10-1996,Female,Multiple,Not Hispanic or Latino,22902,VA,Western,12-04-2025
PAT004155,18-09-2017,Male,Multiple,Not Hispanic or Latino,23221,VA,Central,01-01-2023
PAT004156,26-10-1991,Female,White,Not Hispanic or Latino,23805,VA,Southern,28-06-2024
PAT004157,18-07-1943,Female,Asian,Not Hispanic or Latino,23805,VA,Southern,26-03-2023
PAT004158,09-03-2012,Unknown,White,Not Hispanic or Latino,22911,VA,Western,09-09-2025
PAT004159,15-09-2021,Female,White,Not Hispanic or Latino,23220,VA,Central,20-05-2025
PAT004160,27-10-1960,Female,White,Hispanic or Latino,22901,VA,Western,02-07-2023
PAT004161,07-02-2016,Female,Black or African American,Not Hispanic or Latino,23803,VA,Southern,23-05-2024
PAT004162,25-11-1985,Female,White,Not Hispanic or Latino,23221,VA,Central,23-02-2024
PAT004163,04-07-1938,Female,White,Not Hispanic or Latino,22405,VA,Northern,12-03-2024
PAT004164,14-12-1945,Male,Black or African American,Not Hispanic or Latino,23220,VA,Central,30-11-2024
PAT004165,02-04-1955,Male,Black or African American,Not Hispanic or Latino,23831,VA,Southern,19-10-2024
PAT004166,04-09-2008,Female,White,Not Hispanic or Latino,23606,VA,Eastern,11-11-2024
PAT004167,01-12-1936,M,White,Not Hispanic or Latino,23221,VA,Central,07-01-2025
PAT004168,16-05-2017,Female,Black or African American,Hispanic or Latino,23805,VA,,20-06-2024
PAT004169,04-10-2022,Male,White,Not Hispanic or Latino,23606,VA,Eastern,13-10-2024
PAT004170,28-01-1965,Male,Black or African American,Not Hispanic or Latino,22405,VA,Northern,15-08-2024
PAT004171,26-01-1952,Male,Black or African American,Not Hispanic or Latino,22551,VA,Northern,03-04-2025
PAT004172,16-02-1977,Female,White,Not Hispanic or Latino,23834,VA,Southern,14-05-2023
PAT004173,23-03-1991,Male,Unknown,Not Hispanic or Latino,23223,VA,Central,27-03-2023
PAT004174,15-07-2007,Female,White,Hispanic or Latino,23601,VA,Eastern,18-07-2023
PAT004175,15-02-1971,Male,White,Not Hispanic or Latino,23223,VA,Central,27-04-2025
PAT004176,26-02-1982,Male,White,Not Hispanic or Latino,22902,VA,Western,30-10-2024
PAT004177,21-07-2002,Male,White,Not Hispanic or Latino,23606,VA,Eastern,26-06-2024
PAT004178,20-07-1982,Female,White,Not Hispanic or Latino,23221,VA,Central,21-03-2025
PAT004179,10-08-2008,Male,White,Not Hispanic or Latino,22551,VA,Northern,01-10-2024
PAT004180,11-02-1964,Male,White,Not Hispanic or Latino,23831,VA,Southern,18-06-2024
PAT004181,02-11-2015,Male,White,Not Hispanic or Latino,23803,VA,Southern,12-09-2023
PAT004182,20-12-2021,Male,White,Not Hispanic or Latino,23805,VA,Southern,30-04-2023
PAT004183,08-06-1992,Male,Black or African American,Not Hispanic or Latino,23225,VA,Central,02-04-2023
PAT002479,03-02-1985,Male,American Indian or Alaska Native,Not Hispanic or Latino,23225,VA,Central,10-06-2023
PAT004185,24-11-2012,Male,White,Not Hispanic or Latino,23220,VA,Central,10-04-2024
PAT004186,25-09-1941,Female,Multiple,Not Hispanic or Latino,23834,VA,Southern,29-02-2024
PAT004187,08-06-1984,Female,White,Not Hispanic or Latino,23834,VA,Southern,15-09-2023
PAT004188,19-09-1989,Other,American Indian or Alaska Native,Not Hispanic or Latino,23223,VA,Central,02-11-2024
PAT004189,02-10-1949,Female,Black or African American,Not Hispanic or Latino,23225,VA,Central,21-09-2025
PAT004190,01-01-2025,Female,White,Not Hispanic or Latino,23223,VA,Central,11-03-2025
PAT004191,19-09-2016,Male,White,Not Hispanic or Latino,23223,VA,Central,02-01-2024
PAT004192,13-05-1990,Female,Native Hawaiian or Other Pacific Islander,Hispanic or Latino,22551,VA,Northern,15-07-2024
PAT004193,16-07-1994,Male,Other,Not Hispanic or Latino,22551,VA,Northern,13-04-2023
PAT004194,09-07-1997,Female,White,Not Hispanic or Latino,22405,VA,Northern,30-01-2023
PAT004195,14-06-1998,Female,White,Not Hispanic or Latino,23831,VA,Southern,30-09-2025
PAT004196,18-06-2011,Male,Black or African American,Not Hispanic or Latino,23220,VA,Central,11-07-2025
PAT004197,08-06-2016,Female,Multiple,Not Hispanic or Latino,22405,VA,Northern,03-11-2025
PAT004198,01-10-1978,Male,White,Not Hispanic or Latino,23606,VA,Eastern,25-09-2023
PAT004199,09-06-1972,Male,American Indian or Alaska Native,Not Hispanic or Latino,23225,VA,Central,19-02-2025
PAT004200,06-11-2003,Male,White,Not Hispanic or Latino,23225,VA,Central,20-11-2024
PAT004201,02-05-1979,Female,Black or African American,Not Hispanic or Latino,22901,VA,Western,23-03-2025
PAT004202,20-10-2015,Female,Asian,Not Hispanic or Latino,22903,VA,Western,13-04-2024
PAT004203,01-01-1976,Female,Black or African American,Not Hispanic or Latino,23225,VA,Central,25-11-2023
PAT004204,04-03-1962,Female,White,Not Hispanic or Latino,23805,VA,Southern,08-11-2023
PAT004205,25-03-1986,Male,White,Hispanic or Latino,22551,VA,Northern,26-05-2025
PAT004206,22-12-1945,Male,White,Not Hispanic or Latino,23225,VA,Central,28-09-2024
PAT004207,25-03-2013,Female,Asian,Not Hispanic or Latino,23602,VA,Eastern,18-05-2023
PAT004208,04-01-1995,Female,White,Not Hispanic or Latino,23220,VA,Central,29-12-2023
PAT004209,04-12-2017,Male,Black or African American,Not Hispanic or Latino,23220,VA,Central,01-02-2025
PAT004210,27-09-1961,Female,White,Not Hispanic or Latino,23223,VA,Central,28-12-2025
PAT004211,13-11-2009,Female,White,Not Hispanic or Latino,23220,VA,Central,13-01-2023
PAT004212,01-09-1936,Male,Black or African American,Hispanic or Latino,23185,VA,Eastern,29-08-2025
PAT004213,13-09-1942,Female,Asian,Not Hispanic or Latino,23606,VA,Eastern,09-10-2025
PAT004214,07-03-1967,Male,White,Not Hispanic or Latino,23220,VA,Central,21-12-2023
PAT004215,12-10-1942,Female,White,Not Hispanic or Latino,23606,VA,Eastern,28-01-2023
PAT004216,15-05-1976,Male,Black or African American,Not Hispanic or Latino,23805,VA,Southern,16-04-2025
PAT004217,21-03-1999,Male,Multiple,Hispanic or Latino,22551,VA,Northern,05-06-2023
PAT004218,04-12-2021,Male,White,Not Hispanic or Latino,23601,VA,Eastern,20-04-2023
PAT004219,09-09-2001,Male,White,Not Hispanic or Latino,23805,VA,Southern,07-09-2025
PAT004220,14-04-2015,Male,Black or African American,Not Hispanic or Latino,23223,VA,Central,01-03-2025
PAT004221,18-08-2006,Female,Black or African American,Not Hispanic or Latino,23223,VA,Central,12-12-2023
PAT004222,17-05-2014,Male,White,Unknown,23221,VA,Central,26-09-2024
PAT004223,22-02-1973,Female,White,Not Hispanic or Latino,23805,VA,Southern,28-10-2025
PAT004224,12-05-1950,Male,White,Not Hispanic or Latino,23223,VA,Central,07-04-2023
PAT004225,14-11-1990,Female,White,Not Hispanic or Latino,22554,VA,Northern,17-09-2024
PAT004226,10-06-1965,Male,White,Not Hispanic or Latino,23225,VA,Central,24-11-2024
PAT004227,28-03-1964,Female,American Indian or Alaska Native,Not Hispanic or Latino,23221,VA,Central,07-06-2023
PAT004228,07-03-1989,Male,White,Hispanic or Latino,22405,VA,Northern,05-07-2025
PAT004229,20-09-2016,Female,Black or African American,Not Hispanic or Latino,23225,VA,Central,23-06-2023
PAT004230,25-08-1968,Male,White,Not Hispanic or Latino,22911,VA,Western,27-02-2024
PAT004231,10-11-2000,Female,Black or African American,Not Hispanic or Latino,23805,VA,,29-09-2025
PAT004232,07-01-1955,Female,White,Not Hispanic or Latino,23225,VA,Central,14-12-2023
PAT004233,16-02-1977,Female,Asian,Not Hispanic or Latino,22554,VA,Northern,26-01-2023
PAT004234,26-01-2008,Male,Black or African American,Not Hispanic or Latino,23220,VA,Central,03-03-2025
PAT004235,09-01-1987,Male,White,Not Hispanic or Latino,22903,VA,Western,03-02-2024
PAT004236,20-07-2006,Female,White,Not Hispanic or Latino,23805,VA,Southern,27-10-2024
PAT004237,17-09-1937,Female,Black or African American,Not Hispanic or Latino,23805,VA,Southern,30-06-2024
PAT004238,11-04-1966,Male,Multiple,Not Hispanic or Latino,23221,VA,Central,17-09-2024
PAT004239,28-01-1990,Female,Asian,Not Hispanic or Latino,23220,VA,Central,20-11-2025
PAT004240,28-12-2005,Female,White,Not Hispanic or Latino,22551,VA,Northern,21-06-2025
PAT004241,10-09-1992,Male,White,Not Hispanic or Latino,22401,VA,Northern,20-05-2025
PAT004242,09-03-1996,Female,White,Not Hispanic or Latino,23223,VA,Central,04-06-2024
PAT004243,09-06-1939,Female,American Indian or Alaska Native,Not Hispanic or Latino,23223,VA,Central,25-05-2025
PAT004244,07-09-1959,Male,Black or African American,Not Hispanic or Latino,23602,VA,Eastern,16-05-2023
PAT004245,20-10-1945,Other,White,Not Hispanic or Latino,22902,VA,Western,11-07-2025
PAT004246,04-09-1938,Male,Black or African American,Not Hispanic or Latino,22901,VA,Western,18-10-2024
PAT004247,20-11-2018,Female,Black or African American,Not Hispanic or Latino,23185,VA,Eastern,29-10-2023
PAT004248,17-09-1993,Female,Other,Not Hispanic or Latino,23831,VA,Southern,01-03-2025
PAT004249,19-10-1963,Male,Black or African American,Not Hispanic or Latino,22551,VA,Northern,16-12-2025
PAT004250,25-03-1944,Male,White,Not Hispanic or Latino,23220,VA,Central,18-09-2024
PAT004251,19-08-1950,Female,White,Not Hispanic or Latino,22405,VA,Northern,08-09-2025
PAT004252,27-05-2022,Female,White,Not Hispanic or Latino,23225,VA,,09-10-2023
PAT004253,08-07-1999,Male,White,Not Hispanic or Latino,23220,VA,Central,03-07-2023
PAT004254,13-12-2008,Female,Black or African American,Hispanic or Latino,22903,VA,Western,25-12-2023
PAT004255,07-03-2017,Female,White,Not Hispanic or Latino,22405,VA,Northern,09-07-2025
PAT004256,08-09-2002,Female,Black or African American,Not Hispanic or Latino,22902,VA,Western,31-07-2023
PAT004257,21-02-1988,Female,Black or African American,Not Hispanic or Latino,22551,VA,Northern,03-03-2023
PAT004258,19-03-1984,Female,Unknown,Not Hispanic or Latino,23221,VA,Central,20-12-2023
PAT004259,02-09-1967,Female,American Indian or Alaska Native,Not Hispanic or Latino,22902,VA,Western,10-12-2023
PAT004260,02-02-2003,Female,Asian,Not Hispanic or Latino,22401,VA,Northern,31-01-2023
PAT004261,06-04-1955,Female,Unknown,Unknown,23220,VA,Central,03-02-2023
PAT004262,17-12-1958,Male,Black or African American,Not Hispanic or Latino,23225,VA,Central,02-08-2025
PAT004263,04-07-1947,Male,Black or African American,Not Hispanic or Latino,23220,VA,Central,03-03-2023
PAT004264,20-11-1991,Female,White,Not Hispanic or Latino,23834,VA,Southern,02-03-2025
PAT004265,18-01-2022,Male,Other,Not Hispanic or Latino,22401,VA,Northern,28-08-2024
PAT004266,13-06-1972,Female,Asian,Unknown,23220,VA,Central,14-08-2024
PAT004267,08-12-1959,Female,American Indian or Alaska Native,Not Hispanic or Latino,22903,VA,Western,15-10-2024
PAT004268,03-11-2000,Female,White,Not Hispanic or Latino,23803,VA,Southern,15-09-2025
PAT004269,26-07-2017,Female,Black or African American,Not Hispanic or Latino,23221,VA,Central,04-02-2024
PAT004270,14-05-1950,Female,White,Not Hispanic or Latino,23831,VA,Southern,20-07-2023
PAT004271,07-01-1975,Male,White,Not Hispanic or Latino,22901,VA,Western,25-07-2025
PAT004272,06-07-1962,Male,White,Not Hispanic or Latino,22901,VA,Western,27-01-2025
PAT004273,24-06-2017,Female,White,Not Hispanic or Latino,23225,VA,Central,15-06-2025
PAT004274,01-06-1958,Female,White,Not Hispanic or Latino,23220,VA,Central,11-06-2025
PAT004275,13-11-1969,Female,White,Hispanic or Latino,23606,VA,Eastern,04-07-2024
PAT004276,01-02-1974,Male,Black or African American,Not Hispanic or Latino,23834,VA,Southern,29-01-2025
PAT004277,23-02-1986,Female,Black or African American,Not Hispanic or Latino,22901,VA,Western,05-04-2024
PAT004278,26-01-2016,Female,White,Not Hispanic or Latino,23834,VA,Southern,25-10-2024
PAT004279,20-07-1957,Male,Other,Not Hispanic or Latino,22554,VA,Northern,19-08-2025
PAT004280,20-09-2024,Female,Black or African American,Not Hispanic or Latino,22401,VA,Northern,27-03-2025
PAT004281,25-09-1963,Female,White,Not Hispanic or Latino,23805,VA,Southern,30-05-2025
PAT004282,07-09-1994,Male,Asian,Hispanic or Latino,23602,VA,Eastern,16-10-2023
PAT004283,24-09-1995,Female,White,Unknown,22911,VA,Western,23-11-2023
PAT004284,15-10-1948,Male,Asian,Not Hispanic or Latino,23803,VA,Southern,17-12-2025
PAT004285,14-09-2000,Female,Multiple,Not Hispanic or Latino,23220,VA,Central,25-08-2025
PAT004286,22-11-2009,Male,Black or African American,Not Hispanic or Latino,23225,VA,Central,29-05-2023
PAT004287,12-01-1970,Male,White,Not Hispanic or Latino,23225,VA,Central,05-01-2024
PAT004288,28-08-1970,Male,Black or African American,Not Hispanic or Latino,22901,VA,Western,19-07-2025
PAT004289,23-01-1948,Male,White,Not Hispanic or Latino,23601,VA,Eastern,17-09-2023
PAT004290,05-02-1990,Female,White,Not Hispanic or Latino,22551,VA,Northern,04-01-2025
PAT004291,17-11-2011,Female,White,Not Hispanic or Latino,23601,VA,Eastern,17-02-2025
PAT004292,03-05-2007,Male,White,Not Hispanic or Latino,22401,VA,Northern,24-01-2025
PAT004293,26-02-2021,Male,White,Unknown,22911,VA,Western,09-01-2025
PAT004294,11-09-1997,Female,Other,Hispanic or Latino,23803,VA,,01-08-2025
PAT004295,10-08-1983,Female,Black or African American,Unknown,23220,VA,Central,10-10-2023
PAT004296,13-05-1968,Male,White,Unknown,23601,VA,Eastern,02-06-2023
PAT004297,22-09-2004,Female,White,Not Hispanic or Latino,23805,VA,Southern,28-07-2024
PAT004298,23-10-1989,Male,Black or African American,Not Hispanic or Latino,23225,VA,Central,10-10-2023
PAT004299,06-05-1984,Female,American Indian or Alaska Native,Not Hispanic or Latino,23221,VA,Central,16-10-2023
PAT004300,11-08-1966,Female,White,Not Hispanic or Latino,22901,VA,Western,09-07-2025
PAT004301,09-12-1990,Male,Black or African American,Not Hispanic or Latino,23223,VA,Central,29-06-2024
PAT004302,27-02-1956,Male,White,Not Hispanic or Latino,22903,VA,Western,24-08-2024
PAT004303,27-08-1970,Male,Black or African American,Not Hispanic or Latino,22401,VA,Northern,15-10-2024
PAT004304,05-09-1969,Male,Unknown,Not Hispanic or Latino,22401,VA,Northern,17-10-2023
PAT004305,16-06-1973,Male,Black or African American,Hispanic or Latino,23220,VA,Central,06-02-2023
PAT004306,03-01-1964,Female,White,Not Hispanic or Latino,22551,VA,Northern,25-03-2024
PAT004307,11-12-1976,Male,Black or African American,Not Hispanic or Latino,22911,VA,Western,17-07-2024
PAT004308,06-08-1990,Female,White,Not Hispanic or Latino,23221,VA,Central,06-10-2023
PAT004309,06-08-1971,Male,White,Not Hispanic or Latino,23221,VA,Central,02-11-2024
PAT004310,26-12-1961,Female,Black or African American,Not Hispanic or Latino,23223,VA,Central,11-01-2023
PAT004311,16-02-1959,Female,White,Not Hispanic or Latino,23601,VA,Eastern,26-11-2023
PAT004312,23-05-1938,Male,Asian,Not Hispanic or Latino,23834,VA,Southern,07-05-2024
PAT004313,14-03-2005,Female,Black or African American,Not Hispanic or Latino,22401,VA,Northern,08-03-2025
PAT004314,26-09-1961,Male,White,Hispanic or Latino,23831,VA,Southern,13-01-2023
PAT004315,02-02-1945,Female,White,Not Hispanic or Latino,23223,VA,Central,01-05-2023
PAT004316,19-02-1958,Male,White,Not Hispanic or Latino,22903,VA,Western,03-01-2023
PAT004317,26-08-2020,Male,Black or African American,Not Hispanic or Latino,23220,VA,Central,26-06-2023
PAT004318,14-03-1970,Female,Asian,Not Hispanic or Latino,23220,VA,Central,31-03-2023
PAT004319,08-06-1964,Female,Asian,Not Hispanic or Latino,23225,VA,Central,20-04-2023
PAT004320,02-04-2003,Male,Other,Not Hispanic or Latino,23220,VA,Central,04-08-2025
PAT004321,19-07-2005,Female,Asian,Not Hispanic or Latino,22554,VA,Northern,31-01-2023
PAT004322,09-08-1975,Male,White,Hispanic or Latino,23220,VA,Central,29-10-2025
PAT004323,18-05-1966,Female,White,Not Hispanic or Latino,23223,VA,Central,23-08-2024
PAT004324,05-11-1987,Male,White,Not Hispanic or Latino,23834,VA,Southern,26-04-2025
PAT004325,19-09-1966,Female,White,Not Hispanic or Latino,23805,VA,Southern,24-04-2025
PAT004326,20-03-1949,Male,Unknown,Not Hispanic or Latino,23602,VA,Eastern,25-07-2024
PAT004327,14-02-2010,Female,Black or African American,Hispanic or Latino,23220,VA,Central,20-11-2025
PAT004328,07-08-1956,Male,White,Not Hispanic or Latino,23223,VA,Central,19-06-2023
PAT004329,25-12-1987,Female,White,Not Hispanic or Latino,23220,VA,Central,14-03-2023
PAT004330,02-06-1952,Female,White,Not Hispanic or Latino,22405,VA,Northern,21-12-2024
PAT004331,22-09-1978,Male,White,Not Hispanic or Latino,23225,VA,Central,30-03-2024
PAT004332,15-02-2020,Male,Black or African American,Not Hispanic or Latino,23831,VA,Southern,12-03-2024
PAT004333,09-08-1996,Male,White,Hispanic or Latino,22405,VA,Northern,21-11-2024
PAT004334,17-07-2021,Female,Black or African American,Not Hispanic or Latino,22901,VA,Western,10-04-2025
PAT004335,14-09-1952,Male,Other,Not Hispanic or Latino,23185,VA,Eastern,29-05-2025
PAT004336,19-04-2011,Male,Unknown,Not Hispanic or Latino,23221,VA,Central,29-05-2024
PAT004337,17-09-1998,Female,White,Not Hispanic or Latino,23221,VA,Central,13-09-2024
PAT004338,26-06-2002,Female,Black or African American,Not Hispanic or Latino,23221,VA,Central,22-02-2025
PAT004339,05-07-1998,Male,Black or African American,Not Hispanic or Latino,23220,VA,Central,08-11-2024
PAT004340,15-01-2015,Male,Multiple,Not Hispanic or Latino,23225,VA,Central,20-07-2024
PAT004341,13-01-1979,Female,Black or African American,Not Hispanic or Latino,23831,VA,Southern,08-07-2025
PAT004342,12-06-1966,Male,White,Not Hispanic or Latino,23803,VA,Southern,15-01-2025
PAT004343,07-03-1948,Male,Asian,Hispanic or Latino,22902,VA,Western,20-01-2023
PAT004344,18-01-1966,Female,White,Hispanic or Latino,23831,VA,Southern,26-10-2024
PAT004345,16-01-2022,Male,White,Hispanic or Latino,23831,VA,Southern,26-02-2023
PAT004346,04-10-1980,Male,White,Not Hispanic or Latino,22902,VA,Western,24-07-2023
PAT004347,15-02-1989,Female,White,Not Hispanic or Latino,23606,VA,Eastern,14-07-2023
PAT004348,01-11-1981,Male,Black or African American,Not Hispanic or Latino,22902,VA,Western,03-11-2024
PAT004349,23-05-1963,Male,White,Not Hispanic or Latino,23225,VA,Central,07-03-2025
PAT004350,23-11-1975,Male,White,Not Hispanic or Latino,22902,VA,Western,11-12-2023
PAT004351,23-07-2025,Female,Asian,Not Hispanic or Latino,22554,VA,Northern,20-09-2025
PAT004352,23-05-1985,Female,White,Not Hispanic or Latino,23220,VA,Central,29-12-2023
PAT004353,22-02-2025,Male,Black or African American,Not Hispanic or Latino,23221,VA,Central,26-05-2025
PAT004354,26-06-1946,Female,Black or African American,Not Hispanic or Latino,23223,VA,Central,02-05-2023
PAT004355,28-03-1975,Female,Black or African American,Not Hispanic or Latino,23225,VA,Central,14-04-2023
PAT004356,04-06-1989,Male,White,Not Hispanic or Latino,22554,VA,Northern,15-03-2024
PAT004357,12-03-1937,Male,Black or African American,Unknown,22903,VA,Western,20-06-2025
PAT004358,15-01-1997,Female,White,Hispanic or Latino,23831,VA,Southern,31-03-2023
PAT004359,25-02-1945,Female,White,Not Hispanic or Latino,23606,VA,Eastern,27-01-2024
PAT004360,20-08-2003,Female,White,Not Hispanic or Latino,23185,VA,Eastern,25-12-2024
PAT004361,01-11-1996,Male,White,Not Hispanic or Latino,22405,VA,Northern,15-05-2023
PAT004362,13-01-1990,Female,White,Not Hispanic or Latino,22554,VA,Northern,18-03-2024
PAT004363,01-12-1998,Male,White,Not Hispanic or Latino,22405,VA,Northern,31-08-2023
PAT004364,12-05-1975,Male,Black or African American,Not Hispanic or Latino,23221,VA,Central,06-03-2023
PAT004365,14-04-1976,Female,Black or African American,Hispanic or Latino,22401,VA,Northern,03-11-2025
PAT004366,03-02-2016,Female,Black or African American,Not Hispanic or Latino,23223,VA,Central,12-07-2023
PAT004367,11-11-1987,Male,White,Not Hispanic or Latino,23221,VA,Central,05-01-2025
PAT004368,12-04-1949,Male,White,Not Hispanic or Latino,22903,VA,Western,28-10-2023
PAT004369,13-06-2006,Female,White,Not Hispanic or Latino,22901,VA,Western,10-03-2023
PAT004370,16-07-1975,Female,Asian,Not Hispanic or Latino,23803,VA,Southern,09-02-2023
PAT004371,14-10-1984,Male,White,Not Hispanic or Latino,22901,VA,Western,31-05-2023
PAT004372,23-07-1943,Female,White,Not Hispanic or Latino,23834,VA,Southern,04-09-2025
PAT004373,25-01-1952,Male,White,Not Hispanic or Latino,22902,VA,Western,07-09-2025
PAT004374,23-05-1982,Male,Asian,Not Hispanic or Latino,23601,VA,Eastern,22-03-2024
PAT004375,19-04-1980,Male,White,Not Hispanic or Latino,23223,VA,Central,20-09-2024
PAT004376,01-04-1996,Male,White,Not Hispanic or Latino,23220,VA,Central,15-03-2025
PAT004377,13-08-1945,Male,White,Not Hispanic or Latino,22902,VA,Western,15-11-2024
PAT004378,07-01-1985,Male,White,Not Hispanic or Latino,23805,VA,Southern,13-12-2024
PAT004379,03-01-1977,Male,White,Not Hispanic or Latino,23834,VA,Southern,11-03-2024
PAT004380,09-06-2013,Female,White,Not Hispanic or Latino,23805,VA,Southern,12-03-2025
PAT004381,04-05-1955,Male,Black or African American,Not Hispanic or Latino,23225,VA,Central,05-06-2024
PAT004382,02-10-2020,Male,White,Not Hispanic or Latino,23805,VA,Southern,03-11-2023
PAT004383,10-04-2018,Male,White,Not Hispanic or Latino,23223,VA,Central,15-07-2023
PAT004384,24-01-1989,Female,Black or African American,Not Hispanic or Latino,23185,VA,Eastern,23-03-2023
PAT004385,02-11-2012,Male,White,Not Hispanic or Latino,22554,VA,Northern,15-05-2024
PAT004386,25-11-2025,Female,White,Not Hispanic or Latino,22911,VA,Western,27-12-2025
PAT004387,01-04-1999,Female,Black or African American,Not Hispanic or Latino,23221,VA,Central,27-08-2023
PAT004388,13-07-1958,Male,Asian,Not Hispanic or Latino,23225,VA,Central,26-03-2024
PAT004389,01-10-2021,Male,White,Not Hispanic or Latino,23223,VA,Central,16-11-2024
PAT004390,11-08-1976,Male,White,Not Hispanic or Latino,23834,VA,Southern,24-10-2024
PAT004391,06-02-2020,Female,Asian,Hispanic or Latino,22551,VA,Northern,30-09-2024
PAT004392,02-07-1988,Female,White,Not Hispanic or Latino,23221,VA,Central,07-05-2024
PAT004393,26-11-1969,Male,White,Not Hispanic or Latino,22902,VA,Western,18-01-2023
PAT004394,12-08-2021,Male,Black or African American,Not Hispanic or Latino,23223,VA,Central,02-12-2025
PAT004395,09-02-2002,Male,White,Not Hispanic or Latino,23225,VA,Central,06-08-2025
PAT004396,20-12-1960,Male,White,Not Hispanic or Latino,23805,VA,Southern,03-01-2023
PAT004397,03-02-2011,Female,Asian,Not Hispanic or Latino,23223,VA,Central,28-11-2023
PAT004398,25-12-2000,Female,White,Not Hispanic or Latino,22401,VA,Northern,06-01-2024
PAT004399,23-07-1972,Female,White,Not Hispanic or Latino,23805,VA,Southern,22-07-2023
PAT004400,24-10-1980,Female,Black or African American,Not Hispanic or Latino,22405,VA,Northern,19-05-2023
PAT004401,26-09-1996,Unknown,Black or African American,Hispanic or Latino,22401,VA,Northern,05-12-2025
PAT004402,01-12-2010,Male,White,Not Hispanic or Latino,22903,VA,Western,13-07-2023
PAT004403,25-02-1947,Male,Black or African American,Not Hispanic or Latino,23220,VA,Central,27-10-2025
PAT004404,18-04-1969,Female,Black or African American,Not Hispanic or Latino,22903,VA,Western,11-11-2024
PAT004405,03-09-1943,Female,White,Not Hispanic or Latino,23223,VA,Central,07-08-2025
PAT004406,23-03-1992,Female,Unknown,Not Hispanic or Latino,23803,VA,Southern,20-02-2025
PAT004407,02-09-1982,Male,American Indian or Alaska Native,Not Hispanic or Latino,23185,VA,Eastern,26-11-2024
PAT004408,16-04-1976,Female,American Indian or Alaska Native,Not Hispanic or Latino,23221,VA,Central,18-05-2023
PAT004409,05-10-1995,Female,Black or African American,Not Hispanic or Latino,23225,VA,Central,20-12-2023
PAT004410,09-09-1963,Female,White,Not Hispanic or Latino,22554,VA,Northern,28-09-2024
PAT004411,04-11-2006,Male,White,Not Hispanic or Latino,23221,VA,Central,11-12-2023
PAT004412,06-08-1937,Male,White,Not Hispanic or Latino,23185,VA,Eastern,21-04-2023
PAT004413,07-09-2002,Female,Black or African American,Hispanic or Latino,22554,VA,Northern,19-09-2023
PAT004414,05-04-1980,Female,White,Not Hispanic or Latino,23221,VA,Central,02-05-2023
PAT004415,09-02-1999,Female,Black or African American,Hispanic or Latino,23223,VA,Central,24-09-2025
PAT004416,07-11-1999,Female,Asian,Hispanic or Latino,23221,VA,Central,10-12-2025
PAT004417,03-02-1979,Female,Black or African American,Not Hispanic or Latino,22551,VA,Northern,07-01-2025
PAT004418,23-10-1981,Female,White,Not Hispanic or Latino,23805,VA,Southern,21-01-2023
PAT004419,21-12-2003,Female,White,Not Hispanic or Latino,23220,VA,Central,19-09-2023
PAT004420,07-11-1959,Male,White,Not Hispanic or Latino,22901,VA,Western,21-07-2024
PAT004421,28-04-2021,Female,White,Not Hispanic or Latino,23221,VA,Central,25-09-2023
PAT004422,16-08-1979,Male,Black or African American,Not Hispanic or Latino,22554,VA,Northern,18-09-2023
PAT004423,08-02-1938,Male,White,Not Hispanic or Latino,23223,VA,Central,02-02-2024
PAT004424,17-03-1990,Male,White,Not Hispanic or Latino,23220,VA,Central,05-05-2025
PAT004425,14-01-1997,Male,White,Not Hispanic or Latino,23831,VA,Southern,21-03-2025
PAT004426,22-01-1972,Female,White,Hispanic or Latino,22901,VA,Western,06-12-2024
PAT004427,15-08-2018,Female,Asian,Not Hispanic or Latino,22551,VA,Northern,29-12-2024
PAT004428,04-10-1995,Female,Black or African American,Not Hispanic or Latino,23601,VA,Eastern,28-09-2023
PAT004429,01-11-2005,Female,American Indian or Alaska Native,Not Hispanic or Latino,23221,VA,Central,03-07-2023
PAT004430,27-11-2012,Male,White,Not Hispanic or Latino,23220,VA,Central,19-08-2025
PAT004431,28-07-1951,Female,White,Not Hispanic or Latino,23220,VA,Central,22-11-2023
PAT004432,17-12-1966,Female,Other,Hispanic or Latino,23601,VA,Eastern,02-09-2023
PAT004433,09-01-1978,Female,Black or African American,Not Hispanic or Latino,23805,VA,Southern,19-07-2024
PAT004434,13-10-1958,Male,White,Not Hispanic or Latino,23225,VA,Central,29-11-2023
PAT004435,03-10-1988,Unknown,Black or African American,Not Hispanic or Latino,23805,VA,Southern,31-08-2023
PAT004436,01-08-1947,Female,Black or African American,Not Hispanic or Latino,23220,VA,Central,21-01-2025
PAT004437,12-09-1995,Male,White,Not Hispanic or Latino,23834,VA,Southern,16-03-2025
PAT004438,13-01-1993,Female,White,Not Hispanic or Latino,23805,VA,Southern,17-03-2025
PAT004439,03-03-1961,Male,Asian,Hispanic or Latino,23834,VA,Southern,11-01-2025
PAT004440,10-01-1996,Female,White,Not Hispanic or Latino,23223,VA,Central,05-06-2024
PAT004441,02-11-1951,Female,White,Not Hispanic or Latino,23834,VA,Southern,02-06-2025
PAT004442,22-04-2013,Male,White,Not Hispanic or Latino,23223,VA,Central,22-01-2024
PAT004443,14-10-2000,Female,White,Not Hispanic or Latino,22903,VA,Western,18-01-2023
PAT004444,20-11-1971,Male,White,Not Hispanic or Latino,23225,VA,Central,09-12-2023
PAT004445,05-04-1946,Female,Unknown,Not Hispanic or Latino,22405,VA,Northern,28-02-2025
PAT004446,27-07-1973,Female,Black or African American,Hispanic or Latino,22401,VA,Northern,01-07-2023
PAT004447,09-03-2016,Female,Black or African American,Unknown,23805,VA,Southern,21-04-2025
PAT004448,27-03-1939,Male,White,Not Hispanic or Latino,23602,VA,Eastern,18-10-2024
PAT004449,05-11-1971,M,Black or African American,Not Hispanic or Latino,23220,VA,Central,20-11-2025
PAT004450,21-09-1962,Male,White,Not Hispanic or Latino,23220,VA,Central,29-12-2025
PAT004451,22-10-1992,Female,Black or African American,Not Hispanic or Latino,22901,VA,Western,14-04-2025
PAT004452,08-11-2003,Unknown,Black or African American,Not Hispanic or Latino,23223,VA,Central,23-06-2023
PAT004453,08-05-1995,Male,Black or African American,Not Hispanic or Latino,23221,VA,Central,24-11-2024
PAT004454,05-04-1963,Male,Black or African American,Not Hispanic or Latino,23831,VA,Southern,01-08-2025
PAT004455,22-06-1973,Female,White,Not Hispanic or Latino,23220,VA,,16-01-2025
PAT004456,08-04-2000,Male,Black or African American,Not Hispanic or Latino,23602,VA,Eastern,19-02-2024
PAT004457,26-01-1977,Female,Unknown,Not Hispanic or Latino,23805,VA,Southern,08-06-2023
PAT004458,27-12-1958,Unknown,White,Not Hispanic or Latino,22554,VA,Northern,19-12-2025
PAT004459,01-07-1968,Female,White,Not Hispanic or Latino,23831,VA,Southern,30-06-2024
PAT004460,25-08-1996,Female,White,Not Hispanic or Latino,22911,VA,Western,04-07-2024
PAT004461,26-06-1983,Female,Asian,Not Hispanic or Latino,22911,VA,Western,02-04-2025
PAT004462,24-12-1981,Female,White,Not Hispanic or Latino,22903,VA,Western,18-11-2024
PAT004463,08-06-1972,Male,White,Not Hispanic or Latino,23606,VA,Eastern,29-01-2025
PAT004464,28-08-1981,Female,White,Not Hispanic or Latino,23831,VA,Southern,15-03-2025
PAT004465,20-12-1969,Male,White,Not Hispanic or Latino,22911,VA,Western,11-05-2023
PAT004466,09-04-1947,Female,Other,Not Hispanic or Latino,23221,VA,Central,11-06-2023
PAT004467,10-06-1973,Male,White,Not Hispanic or Latino,22554,VA,Northern,15-02-2023
PAT004468,01-12-1967,Male,White,Not Hispanic or Latino,23602,VA,Eastern,19-09-2024
PAT004469,27-02-1982,Male,White,Not Hispanic or Latino,23831,VA,Southern,15-01-2024
PAT004470,05-10-2013,Female,White,Not Hispanic or Latino,22554,VA,Northern,30-01-2025
PAT004471,10-07-1995,Other,White,Not Hispanic or Latino,22551,VA,Northern,08-01-2024
PAT004472,01-04-1989,Male,White,Not Hispanic or Latino,23834,VA,Southern,19-07-2024
PAT004473,12-04-1973,Female,Black or African American,Not Hispanic or Latino,22901,VA,Western,28-06-2024
PAT004474,04-07-1988,Male,Black or African American,Not Hispanic or Latino,22554,VA,Northern,18-04-2023
PAT004475,18-11-2017,Male,Asian,Hispanic or Latino,23805,VA,Southern,22-05-2024
PAT004476,27-07-2002,Male,White,Hispanic or Latino,23220,VA,Central,08-09-2024
PAT004477,10-06-1963,Female,Asian,Hispanic or Latino,22902,VA,Western,25-04-2023
PAT004478,14-10-1946,Male,Other,Not Hispanic or Latino,23805,VA,Southern,26-07-2025
PAT004479,22-02-2000,Female,Black or African American,Not Hispanic or Latino,23803,VA,Southern,03-03-2023
PAT004480,22-11-1967,Female,Unknown,Not Hispanic or Latino,22901,VA,Western,12-10-2025
PAT004481,06-06-1944,Male,White,Not Hispanic or Latino,22902,VA,Western,04-09-2023
PAT004482,24-06-2023,Male,White,Not Hispanic or Latino,23225,VA,Central,26-09-2023
PAT004483,09-09-1961,Male,Black or African American,Not Hispanic or Latino,23602,VA,Eastern,17-11-2023
PAT004484,27-06-2019,Female,Asian,Hispanic or Latino,23602,VA,Eastern,27-12-2023
PAT004485,26-09-1969,Female,White,Not Hispanic or Latino,23606,VA,Eastern,15-06-2024
PAT004486,21-11-1999,Female,White,Not Hispanic or Latino,22551,VA,Northern,10-04-2023
PAT004487,07-08-2004,Female,Asian,Not Hispanic or Latino,22405,VA,Northern,21-02-2023
PAT004488,14-09-1964,Female,Black or African American,Not Hispanic or Latino,22903,VA,Western,30-10-2023
PAT004489,15-08-1972,Male,Black or African American,Not Hispanic or Latino,23606,VA,Eastern,28-09-2023
PAT004490,22-07-2012,Male,White,Not Hispanic or Latino,22554,VA,Northern,12-04-2025
PAT004491,15-04-1972,Male,Black or African American,Not Hispanic or Latino,23803,VA,Southern,17-08-2023
PAT004492,21-01-1986,Male,White,Not Hispanic or Latino,22401,VA,Northern,01-01-2025
PAT004493,27-03-1962,Female,White,Not Hispanic or Latino,23225,VA,Central,09-05-2023
PAT004494,11-06-1960,Male,Black or African American,Hispanic or Latino,22901,VA,Western,16-03-2023
PAT004495,16-03-1960,Male,White,Hispanic or Latino,23601,VA,Eastern,20-09-2023
PAT004496,06-05-2005,Female,White,Not Hispanic or Latino,22554,VA,Northern,06-08-2025
PAT004497,04-04-1965,Female,White,Not Hispanic or Latino,23834,VA,Southern,24-02-2023
PAT004498,08-05-1981,Male,Asian,Unknown,22901,VA,Western,21-03-2024
PAT004499,17-07-1963,Male,White,Hispanic or Latino,22401,VA,Northern,09-10-2025
PAT004500,07-01-2020,Male,Multiple,Not Hispanic or Latino,22901,VA,Western,10-02-2024
PAT004501,12-10-1995,Female,White,Not Hispanic or Latino,23831,VA,Southern,12-11-2023
PAT004502,06-07-1982,Female,White,Not Hispanic or Latino,23220,VA,Central,17-01-2024
PAT004503,21-12-1942,Male,Black or African American,Not Hispanic or Latino,23834,VA,Southern,19-05-2024
PAT004504,24-03-1985,Male,Black or African American,Not Hispanic or Latino,23602,VA,Eastern,22-12-2024
PAT004505,05-04-2019,Male,White,Not Hispanic or Latino,23221,VA,Central,05-11-2023
PAT004506,25-12-1965,Female,White,Not Hispanic or Latino,22911,VA,Western,09-04-2024
PAT004507,07-10-1979,Male,White,Not Hispanic or Latino,23805,VA,Southern,03-01-2023
PAT004508,28-06-1986,Male,Black or African American,Not Hispanic or Latino,23225,VA,Central,30-03-2024
PAT004509,08-06-1963,Female,White,Not Hispanic or Latino,23805,VA,Southern,09-04-2024
PAT004510,03-07-1969,Male,White,Hispanic or Latino,23602,VA,Eastern,13-03-2023
PAT004511,03-07-1983,Female,Black or African American,Not Hispanic or Latino,22901,VA,Western,29-07-2025
PAT004512,06-09-2024,Female,White,Not Hispanic or Latino,23225,VA,Central,13-07-2025
PAT004513,25-02-1992,Female,Black or African American,Not Hispanic or Latino,22405,VA,Northern,14-02-2024
PAT004514,04-01-1969,Male,White,Not Hispanic or Latino,23220,VA,Central,03-10-2025
PAT004515,13-03-1974,Male,White,Not Hispanic or Latino,22901,VA,Western,26-12-2024
PAT004516,18-04-2008,Female,Black or African American,Hispanic or Latino,23805,VA,Southern,03-07-2023
PAT004517,26-11-1992,Male,White,Not Hispanic or Latino,23225,VA,Central,20-06-2024
PAT004518,25-05-1982,Male,White,Not Hispanic or Latino,22551,VA,Northern,06-09-2025
PAT004519,15-06-2001,Male,Asian,Not Hispanic or Latino,23223,VA,Central,26-09-2023
PAT004520,07-04-1988,Male,Black or African American,Not Hispanic or Latino,23221,VA,Central,18-10-2023
PAT004521,17-12-2002,Male,Asian,Not Hispanic or Latino,23220,VA,Central,06-08-2023
PAT004522,10-10-1978,Female,White,Not Hispanic or Latino,23223,VA,Central,12-11-2023
PAT004523,22-09-1996,Male,White,Not Hispanic or Latino,22902,VA,Western,13-01-2024
PAT004524,12-12-1973,Male,Black or African American,Not Hispanic or Latino,23606,VA,Eastern,28-04-2023
PAT004525,27-03-1969,Female,White,Not Hispanic or Latino,23223,VA,Central,08-03-2024
PAT004526,02-11-2014,Male,White,Not Hispanic or Latino,22911,VA,Western,11-05-2024
PAT004527,03-04-1992,Male,American Indian or Alaska Native,Not Hispanic or Latino,22401,VA,Northern,24-12-2025
PAT004528,13-05-2024,Female,White,Not Hispanic or Latino,23834,VA,Southern,19-02-2025
PAT004529,01-04-2004,Female,Black or African American,Not Hispanic or Latino,22911,VA,Western,07-10-2024
PAT004530,10-09-2018,Male,Black or African American,Not Hispanic or Latino,22901,VA,Western,25-10-2024
PAT004531,22-01-1988,Male,White,Not Hispanic or Latino,23803,VA,Southern,26-03-2024
PAT004532,06-07-1978,Male,Black or African American,Not Hispanic or Latino,23225,VA,Central,28-04-2023
PAT004533,22-05-1991,Female,Multiple,Not Hispanic or Latino,23225,VA,Central,14-04-2024
PAT004534,12-11-1992,Male,White,Not Hispanic or Latino,23225,VA,Central,10-05-2023
PAT004535,09-12-1970,Male,White,Not Hispanic or Latino,22551,VA,Northern,03-04-2023
PAT004536,09-06-1996,Female,White,Not Hispanic or Latino,23803,VA,Southern,23-12-2023
PAT004537,03-11-1940,Male,White,Not Hispanic or Latino,23223,VA,Central,27-06-2023
PAT004538,09-12-1969,Male,Asian,Not Hispanic or Latino,22901,VA,Western,08-06-2023
PAT004539,14-06-1997,Female,White,Not Hispanic or Latino,23223,VA,Central,04-02-2023
PAT004540,03-11-1942,Male,White,Not Hispanic or Latino,22911,VA,Western,09-03-2024
PAT004541,18-08-1997,Male,Other,Not Hispanic or Latino,23225,VA,Central,02-01-2025
PAT004542,02-03-1935,Male,White,Not Hispanic or Latino,23606,VA,Eastern,02-01-2023
PAT004543,09-01-2003,Male,White,Not Hispanic or Latino,22902,VA,Western,09-06-2025
PAT004544,01-11-2002,Female,White,Not Hispanic or Latino,23220,VA,Central,13-10-2025
PAT004545,24-03-1974,Male,Multiple,Not Hispanic or Latino,22401,VA,Northern,03-11-2023
PAT004546,07-02-1951,Male,White,Not Hispanic or Latino,23601,VA,Eastern,30-05-2025
PAT004547,13-10-1976,Male,White,Not Hispanic or Latino,23225,VA,Central,25-12-2025
PAT004548,15-11-1981,Female,White,Not Hispanic or Latino,22911,VA,Western,16-03-2023
PAT004549,07-08-2009,Female,Asian,Not Hispanic or Latino,23220,VA,Central,04-12-2023
PAT004550,16-08-1947,Female,White,Not Hispanic or Latino,23805,VA,Southern,13-06-2023
PAT004551,25-10-1978,Female,Other,Not Hispanic or Latino,22902,VA,Western,28-09-2023
PAT004552,13-11-1968,Male,Black or African American,Not Hispanic or Latino,23220,VA,Central,31-07-2025
PAT004553,19-12-1997,Female,Black or African American,Not Hispanic or Latino,22911,VA,Western,10-05-2025
PAT004554,27-04-1996,Female,White,Not Hispanic or Latino,23221,VA,Central,24-09-2024
PAT004555,20-02-1972,Male,White,Not Hispanic or Latino,23220,VA,Central,21-02-2025
PAT004556,07-05-1950,Unknown,Black or African American,Not Hispanic or Latino,23803,VA,Southern,15-11-2025
PAT004557,26-12-1965,Female,White,Not Hispanic or Latino,23223,VA,Central,08-01-2024
PAT004558,05-02-2000,Male,Asian,Not Hispanic or Latino,23220,VA,Central,21-11-2023
PAT004559,03-10-2004,Female,White,Hispanic or Latino,23602,VA,Eastern,18-02-2023
PAT004560,16-06-1978,Female,Asian,Not Hispanic or Latino,23225,VA,Central,11-07-2024
PAT004561,21-10-1998,Male,White,Not Hispanic or Latino,23606,VA,Eastern,04-08-2024
PAT004562,23-01-1945,Female,White,Not Hispanic or Latino,23220,VA,Central,03-01-2023
PAT004563,18-07-1988,Female,White,Not Hispanic or Latino,22911,VA,Western,21-03-2025
PAT004564,18-05-2016,Other,White,Not Hispanic or Latino,22551,VA,Northern,13-10-2025
PAT004565,19-05-2013,Male,Black or African American,Not Hispanic or Latino,23834,VA,Southern,10-07-2025
PAT004566,14-02-1951,Female,White,Not Hispanic or Latino,23221,VA,Central,28-02-2025
PAT004567,14-06-1976,Male,White,Not Hispanic or Latino,23220,VA,Central,10-06-2024
PAT004568,02-06-1962,Female,White,Not Hispanic or Latino,23803,VA,Southern,12-04-2025
PAT004569,11-06-2018,Female,White,Not Hispanic or Latino,23221,VA,Central,21-08-2025
PAT004570,19-01-1987,Female,White,Not Hispanic or Latino,23606,VA,Eastern,11-07-2024
PAT004571,20-07-1942,Female,White,Hispanic or Latino,22902,VA,Western,09-08-2025
PAT004572,04-02-2011,Male,White,Not Hispanic or Latino,22554,VA,Northern,09-10-2023
PAT004573,11-04-2013,Female,Black or African American,Not Hispanic or Latino,23221,VA,Central,12-04-2023
PAT004574,19-06-1964,Male,Black or African American,Not Hispanic or Latino,23225,VA,Central,17-01-2023
PAT004575,12-06-2002,Male,White,Not Hispanic or Latino,23185,VA,Eastern,27-11-2023
PAT004576,15-03-2009,Female,White,Not Hispanic or Latino,23225,VA,Central,27-02-2024
PAT004577,08-05-1969,Female,Multiple,Not Hispanic or Latino,23220,VA,Central,05-10-2024
PAT004578,17-05-1966,Female,Other,Not Hispanic or Latino,23831,VA,Southern,16-03-2025
PAT004579,14-05-2014,Male,White,Not Hispanic or Latino,23834,VA,Southern,22-05-2024
PAT004580,25-06-2016,Male,White,Not Hispanic or Latino,23223,VA,Central,21-08-2024
PAT004581,23-05-2000,Female,White,Not Hispanic or Latino,22903,VA,Western,30-05-2023
PAT004582,04-10-2016,Female,White,Not Hispanic or Latino,22551,VA,Northern,15-05-2024
PAT004583,08-10-1963,Male,Multiple,Not Hispanic or Latino,22554,VA,Northern,18-07-2024
PAT004584,08-05-2011,Female,Black or African American,Hispanic or Latino,23223,VA,Central,19-04-2025
PAT004585,17-01-1986,Male,White,Unknown,23805,VA,Southern,27-10-2023
PAT004586,19-01-1953,Male,Black or African American,Not Hispanic or Latino,23223,VA,Central,22-10-2025
PAT004587,20-03-1984,Male,Unknown,Not Hispanic or Latino,23606,VA,Eastern,23-03-2024
PAT004588,27-11-1966,Male,White,Not Hispanic or Latino,23223,VA,Central,24-07-2023
PAT004589,04-03-1972,Female,White,Not Hispanic or Latino,23220,VA,Central,01-07-2025
PAT004590,23-01-1988,Male,White,Hispanic or Latino,22405,VA,Northern,24-08-2023
PAT004591,16-01-2010,Male,White,Hispanic or Latino,23223,VA,Central,09-09-2024
PAT004592,12-09-1976,Female,White,Hispanic or Latino,23805,VA,Southern,10-08-2024
PAT004593,11-06-2012,Female,White,Not Hispanic or Latino,23225,VA,Central,28-09-2023
PAT004594,08-01-2003,Female,White,Unknown,23220,VA,Central,29-03-2023
PAT004595,19-05-1951,Male,White,Not Hispanic or Latino,23225,VA,Central,15-09-2024
PAT004596,05-02-1948,Male,Black or African American,Not Hispanic or Latino,23805,VA,Southern,22-04-2023
PAT004597,05-01-1962,Female,White,Not Hispanic or Latino,22903,VA,Western,07-08-2023
PAT004598,07-02-1956,Female,White,Hispanic or Latino,22911,VA,Western,13-11-2024
PAT004599,17-06-1948,Male,White,Not Hispanic or Latino,23225,VA,Central,25-01-2024
PAT004600,11-10-1997,Female,Asian,Not Hispanic or Latino,23225,VA,Central,05-01-2023
PAT004601,19-02-1994,Female,Black or African American,Not Hispanic or Latino,22902,VA,Western,21-05-2023
PAT004602,12-12-1952,Male,White,Not Hispanic or Latino,22554,VA,Northern,23-01-2024
PAT004603,11-12-2017,Male,White,Not Hispanic or Latino,23225,VA,,05-03-2025
PAT004604,03-02-1987,Female,Black or African American,Not Hispanic or Latino,23805,VA,Southern,29-01-2025
PAT004605,10-04-1959,Male,Black or African American,Not Hispanic or Latino,22902,VA,Western,26-01-2024
PAT004606,22-03-1994,Male,Black or African American,Not Hispanic or Latino,23805,VA,Southern,10-03-2023
PAT004607,10-04-1953,Female,White,Not Hispanic or Latino,23834,VA,Southern,22-08-2024
PAT004608,14-05-1973,Female,Black or African American,Not Hispanic or Latino,23221,VA,Central,09-08-2023
PAT004609,08-05-1975,Male,White,Not Hispanic or Latino,22551,VA,Northern,01-05-2025
PAT004610,23-12-1967,Male,White,Not Hispanic or Latino,23834,VA,Southern,27-02-2023
PAT004611,26-09-2006,Female,Asian,Not Hispanic or Latino,22903,VA,Western,16-10-2023
PAT004612,13-05-1942,Female,Black or African American,Not Hispanic or Latino,22401,VA,Northern,10-11-2023
PAT004613,03-11-1961,Male,Black or African American,Not Hispanic or Latino,23225,VA,Central,16-06-2025
PAT004614,03-05-1976,Male,White,Not Hispanic or Latino,22551,VA,Northern,23-06-2024
PAT004615,10-01-1987,Male,Black or African American,Not Hispanic or Latino,23601,VA,Eastern,14-10-2024
PAT004616,08-03-1959,Female,White,Not Hispanic or Latino,23602,VA,Eastern,07-04-2023
PAT004617,27-03-2020,Male,Asian,Not Hispanic or Latino,22554,VA,Northern,14-05-2025
PAT004618,06-06-2013,Female,White,Not Hispanic or Latino,22551,VA,Northern,20-11-2024
PAT004619,07-03-1979,Female,Asian,Not Hispanic or Latino,23221,VA,Central,01-10-2023
PAT004620,20-03-1982,Male,White,Unknown,23805,VA,Southern,20-01-2023
PAT004621,05-01-2021,Male,White,Not Hispanic or Latino,22554,VA,Northern,01-04-2025
PAT004622,07-04-2004,Male,White,Not Hispanic or Latino,23803,VA,Southern,15-04-2024
PAT004623,07-04-1960,Male,Asian,Not Hispanic or Latino,23223,VA,Central,16-04-2025
PAT004624,03-08-1993,Male,White,Hispanic or Latino,23185,VA,Eastern,26-05-2025
PAT004625,27-06-2011,Male,White,Not Hispanic or Latino,22901,VA,Western,15-06-2025
PAT004626,25-03-1947,Male,White,Not Hispanic or Latino,23225,VA,Central,12-12-2024
PAT004627,08-06-1963,Unknown,Black or African American,Hispanic or Latino,23185,VA,Eastern,22-12-2023
PAT004628,12-11-1952,Female,White,Not Hispanic or Latino,22902,VA,Western,25-04-2023
PAT004629,08-03-1958,Male,Asian,Not Hispanic or Latino,23223,VA,Central,25-09-2025
PAT004630,01-04-1988,Female,Multiple,Not Hispanic or Latino,23221,VA,Central,08-07-2024
PAT004631,02-03-1979,Male,Multiple,Hispanic or Latino,23601,VA,Eastern,29-08-2024
PAT004632,26-02-1968,Female,White,Not Hispanic or Latino,22901,VA,Western,06-07-2023
PAT004633,06-12-1968,Male,White,Not Hispanic or Latino,23221,VA,Central,29-09-2023
PAT004634,12-01-1971,Female,Unknown,Not Hispanic or Latino,23185,VA,Eastern,18-06-2025
PAT004635,22-05-2012,Male,White,Not Hispanic or Latino,23606,VA,Eastern,28-07-2023
PAT004636,21-11-1992,Male,Black or African American,Not Hispanic or Latino,23834,VA,Southern,19-10-2024
PAT004637,04-07-1952,Female,White,Not Hispanic or Latino,23805,VA,Southern,24-06-2024
PAT004638,12-07-1959,Male,Black or African American,Hispanic or Latino,22902,VA,Western,21-06-2025
PAT004639,16-11-1973,Male,White,Hispanic or Latino,23601,VA,Eastern,26-11-2024
PAT004640,06-02-1967,Female,White,Not Hispanic or Latino,22405,VA,Northern,10-10-2024
PAT004641,26-10-2006,Male,White,Not Hispanic or Latino,23831,VA,Southern,28-02-2025
PAT004642,10-09-1948,Male,Black or African American,Not Hispanic or Latino,22554,VA,Northern,04-11-2025
PAT004643,05-12-1937,Male,White,Not Hispanic or Latino,22405,VA,Northern,21-09-2025
PAT004644,07-11-1972,Male,White,Not Hispanic or Latino,22551,VA,Northern,06-06-2023
PAT004645,04-03-1978,Female,White,Not Hispanic or Latino,22902,VA,Western,23-06-2023
PAT004646,04-01-2005,Female,Black or African American,Not Hispanic or Latino,23225,VA,Central,17-11-2025
PAT004647,23-04-1975,Female,Asian,Not Hispanic or Latino,23831,VA,Southern,01-05-2025
PAT004648,20-12-1935,Male,Black or African American,Not Hispanic or Latino,22401,VA,Northern,01-06-2023
PAT004649,28-01-2011,Female,White,Not Hispanic or Latino,22551,VA,Northern,19-08-2024
PAT004650,26-01-1938,Male,Asian,Hispanic or Latino,22405,VA,Northern,06-11-2023
PAT004651,19-02-1985,Female,Asian,Not Hispanic or Latino,23602,VA,Eastern,27-12-2024
PAT004652,11-10-1988,Female,White,Hispanic or Latino,22901,VA,Western,08-10-2025
PAT004653,06-03-1957,Male,Multiple,Not Hispanic or Latino,22405,VA,Northern,05-10-2025
PAT004654,09-12-1995,Female,Black or African American,Not Hispanic or Latino,23805,VA,,27-03-2024
PAT004655,06-08-1982,Female,Black or African American,Not Hispanic or Latino,23805,VA,Southern,13-02-2023
PAT004656,05-05-1949,Unknown,Black or African American,Not Hispanic or Latino,22902,VA,Western,20-08-2023
PAT004657,13-03-1995,Female,White,Not Hispanic or Latino,23831,VA,Southern,17-06-2024
PAT004658,13-11-1981,Female,Asian,Not Hispanic or Latino,22902,VA,Western,04-02-2024
PAT004659,01-12-1979,Female,White,Not Hispanic or Latino,22405,VA,Northern,19-02-2024
PAT004660,10-05-1971,F,White,Hispanic or Latino,23834,VA,Southern,07-02-2023
PAT004661,27-09-1951,Male,Black or African American,Not Hispanic or Latino,23225,VA,Central,07-11-2025
PAT004662,09-01-1997,Male,White,Hispanic or Latino,22551,VA,Northern,12-02-2023
PAT004663,28-01-2002,Female,Asian,Not Hispanic or Latino,23831,VA,Southern,12-02-2025
PAT004664,12-11-1991,Male,White,Not Hispanic or Latino,22901,VA,Western,03-10-2024
PAT004665,15-11-2001,Male,Black or African American,Not Hispanic or Latino,23225,VA,Central,11-06-2024
PAT004666,14-07-2002,Female,White,Not Hispanic or Latino,22902,VA,Western,24-11-2023
PAT004667,11-12-1941,Male,White,Not Hispanic or Latino,23834,VA,Southern,22-04-2024
PAT004668,15-03-1971,Unknown,Black or African American,Not Hispanic or Latino,22551,VA,Northern,29-08-2025
PAT004669,06-03-2015,Male,White,Not Hispanic or Latino,22554,VA,Northern,11-11-2023
PAT004670,03-07-2007,Female,White,Not Hispanic or Latino,22911,VA,Western,16-12-2024
PAT004671,05-02-1943,Male,Asian,Not Hispanic or Latino,22405,VA,Northern,26-02-2023
PAT004672,19-06-1965,Male,White,Not Hispanic or Latino,23221,VA,Central,06-11-2023
PAT004673,03-02-2016,Male,White,Not Hispanic or Latino,23223,VA,Central,20-04-2025
PAT004674,05-01-2001,Male,Multiple,Not Hispanic or Latino,22903,VA,Western,08-10-2024
PAT004675,23-11-1978,Female,White,Not Hispanic or Latino,22551,VA,Northern,21-04-2024
PAT004676,15-04-1969,Female,White,Hispanic or Latino,23805,VA,Southern,16-04-2025
PAT004677,24-10-1955,Female,Black or African American,Hispanic or Latino,23223,VA,Central,04-01-2024
PAT004678,13-07-1959,Female,Other,Not Hispanic or Latino,22901,VA,Western,17-11-2024
PAT004679,20-05-1939,Female,Asian,Not Hispanic or Latino,23803,VA,Southern,26-11-2024
PAT004680,07-04-1957,Male,Black or African American,Not Hispanic or Latino,23185,VA,Eastern,01-04-2024
PAT004681,25-09-1965,Female,Black or African American,Not Hispanic or Latino,23220,VA,Central,31-03-2023
PAT004682,18-10-1971,Male,Black or African American,Hispanic or Latino,22902,VA,Western,18-11-2023
PAT004683,01-01-2029,Female,Black or African American,Not Hispanic or Latino,23805,VA,Southern,07-11-2023
PAT004684,26-03-1957,Female,White,Not Hispanic or Latino,23220,VA,Central,01-02-2025
PAT004685,22-09-1998,Female,White,Not Hispanic or Latino,23803,VA,Southern,01-02-2025
PAT004686,28-03-1967,Male,Black or African American,Not Hispanic or Latino,23834,VA,Southern,04-05-2025
PAT004687,13-08-1943,Male,Asian,Not Hispanic or Latino,23831,VA,Southern,18-01-2023
PAT004688,04-10-1989,Male,White,Not Hispanic or Latino,22554,VA,Northern,20-06-2024
PAT004689,10-07-2006,Female,Asian,Hispanic or Latino,22903,VA,Western,01-10-2023
PAT004690,26-01-2025,Female,Black or African American,Not Hispanic or Latino,22911,VA,Western,26-04-2025
PAT004691,16-09-1981,Male,Black or African American,Not Hispanic or Latino,22911,VA,Western,10-12-2025
PAT004692,27-04-1983,Male,White,Not Hispanic or Latino,23831,VA,Southern,02-12-2025
PAT004693,13-12-1950,Female,Other,Unknown,22551,VA,Northern,31-07-2024
PAT004694,10-12-2013,Male,White,Not Hispanic or Latino,23220,VA,Central,10-06-2025
PAT004695,10-04-2003,Male,White,Not Hispanic or Latino,23221,VA,Central,17-08-2023
PAT004696,23-03-1981,Male,Asian,Hispanic or Latino,22911,VA,Western,24-10-2023
PAT004697,07-02-1973,Male,Black or African American,Not Hispanic or Latino,23221,VA,Central,05-02-2023
PAT004698,03-12-1971,Female,Other,Not Hispanic or Latino,22401,VA,Northern,05-08-2024
PAT004699,09-10-1988,Female,Asian,Not Hispanic or Latino,22902,VA,Western,19-08-2023
PAT004700,16-12-1998,Female,Other,Not Hispanic or Latino,23803,VA,Southern,04-07-2023
PAT004701,15-10-1992,Male,White,Not Hispanic or Latino,22405,VA,Northern,12-04-2025
PAT004702,20-10-1981,Male,White,Not Hispanic or Latino,22903,VA,Western,14-12-2025
PAT004703,06-11-2022,Female,White,Not Hispanic or Latino,22902,VA,Western,16-08-2023
PAT004704,08-01-2007,Male,White,Not Hispanic or Latino,23606,VA,Eastern,14-05-2025
PAT004705,24-01-2012,Male,Black or African American,Not Hispanic or Latino,22405,VA,Northern,05-01-2023
PAT004706,12-01-1990,female,White,Not Hispanic or Latino,23601,VA,Eastern,27-11-2023
PAT004707,18-04-1997,Female,Asian,Not Hispanic or Latino,23834,VA,Southern,22-01-2024
PAT004708,01-02-1962,Female,Black or African American,Not Hispanic or Latino,23223,VA,Central,06-04-2023
PAT004709,09-03-1997,Male,White,Not Hispanic or Latino,22902,VA,Western,20-12-2025
PAT004710,23-09-1953,Female,Unknown,Unknown,22901,VA,Western,28-12-2024
PAT004711,06-12-2008,Male,Black or African American,Not Hispanic or Latino,23606,VA,Eastern,17-12-2023
PAT004712,15-01-2024,Male,White,Not Hispanic or Latino,23834,VA,Southern,14-07-2025
PAT004713,06-07-1964,Male,Black or African American,Not Hispanic or Latino,23606,VA,Eastern,12-06-2025
PAT004714,06-04-2000,Male,White,Not Hispanic or Latino,22405,VA,Northern,24-10-2025
PAT004715,26-11-2013,Male,Asian,Not Hispanic or Latino,22405,VA,Northern,15-03-2024
PAT004716,14-08-1962,Male,White,Not Hispanic or Latino,23220,VA,Central,01-11-2025
PAT004717,04-11-1950,Female,Black or African American,Not Hispanic or Latino,23225,VA,Central,29-12-2023
PAT004718,04-08-1995,Female,White,Not Hispanic or Latino,23805,VA,Southern,07-06-2025
PAT004719,25-05-1943,Male,White,Not Hispanic or Latino,23185,VA,Eastern,02-01-2023
PAT004720,05-04-2005,Female,Black or African American,Not Hispanic or Latino,23221,VA,Central,16-02-2024
PAT004721,23-04-1976,Male,White,Not Hispanic or Latino,23805,VA,Southern,23-07-2023
PAT004722,24-09-2008,Female,White,Not Hispanic or Latino,23601,VA,Eastern,16-12-2024
PAT004723,24-08-1955,Male,Black or African American,Not Hispanic or Latino,23220,VA,Central,18-12-2025
PAT004724,23-06-1968,Female,White,Not Hispanic or Latino,23803,VA,Southern,11-04-2025
PAT004725,13-08-2010,Male,White,Hispanic or Latino,23220,VA,Central,30-03-2023
PAT004726,24-11-1984,Male,Black or African American,Not Hispanic or Latino,23223,VA,Central,09-12-2023
PAT004727,18-11-2007,Male,White,Not Hispanic or Latino,23803,VA,Southern,29-06-2024
PAT004728,20-02-2000,Male,Black or African American,Not Hispanic or Latino,23805,VA,Southern,14-08-2025
PAT004729,14-08-1941,Male,Unknown,Not Hispanic or Latino,23220,VA,Central,01-08-2025
PAT004730,04-12-1944,Female,Other,Not Hispanic or Latino,23831,VA,Southern,08-05-2025
PAT004731,08-11-2008,Male,White,Not Hispanic or Latino,22903,VA,Western,17-12-2024
PAT004732,24-03-2010,Female,White,Hispanic or Latino,22401,VA,Northern,05-11-2023
PAT004733,12-07-2013,Female,White,Not Hispanic or Latino,23225,VA,Central,29-12-2025
PAT004734,20-03-1995,Male,White,Not Hispanic or Latino,23223,VA,Central,12-07-2023
PAT004735,15-06-2003,Female,White,Not Hispanic or Latino,23805,VA,Southern,22-09-2024
PAT004736,19-09-1966,Female,Asian,Not Hispanic or Latino,23221,VA,Central,04-12-2024
PAT004737,20-04-1985,Female,White,Not Hispanic or Latino,23831,VA,Southern,10-06-2025
PAT004738,01-11-1980,Male,White,Hispanic or Latino,23225,VA,Central,02-09-2024
PAT004739,28-10-2021,Female,Multiple,Not Hispanic or Latino,23803,VA,Southern,30-06-2025
PAT004740,16-11-1986,Male,White,Not Hispanic or Latino,23601,VA,,23-04-2025
PAT004741,10-10-1947,Male,White,Not Hispanic or Latino,22401,VA,Northern,15-06-2025
PAT004742,13-10-1966,Female,Asian,Not Hispanic or Latino,22551,VA,Northern,14-02-2023
PAT004743,18-01-1943,Female,White,Not Hispanic or Latino,23606,VA,Eastern,20-09-2024
PAT004744,16-11-1980,Female,White,Not Hispanic or Latino,22554,VA,Northern,21-12-2024
PAT004745,28-10-1980,Female,Multiple,Not Hispanic or Latino,23223,VA,,10-04-2025
PAT004746,17-02-1986,Male,White,Not Hispanic or Latino,22902,VA,Western,29-10-2025
PAT004747,04-05-1977,Male,White,Not Hispanic or Latino,23225,VA,Central,04-08-2025
PAT004748,27-05-1972,Female,Multiple,Not Hispanic or Latino,22551,VA,Northern,28-11-2025
PAT004749,07-06-1940,Male,White,Hispanic or Latino,23606,VA,Eastern,28-12-2025
PAT004750,10-07-1974,Female,White,Not Hispanic or Latino,23803,VA,Southern,27-06-2024
PAT004751,01-06-1998,Female,Black or African American,Not Hispanic or Latino,22902,VA,Western,20-11-2025
PAT004752,11-01-1995,Female,White,Not Hispanic or Latino,23805,VA,Southern,31-08-2023
PAT004753,06-01-1962,Male,Black or African American,Not Hispanic or Latino,23225,VA,Central,13-10-2023
PAT004754,13-01-1946,Male,White,Not Hispanic or Latino,22551,VA,Northern,16-08-2024
PAT004755,27-01-2006,Female,Black or African American,Not Hispanic or Latino,22405,VA,Northern,08-07-2024
PAT004756,17-06-1999,Female,White,Not Hispanic or Latino,23220,VA,Central,29-03-2024
PAT004757,18-09-2007,Female,White,Not Hispanic or Latino,23221,VA,Central,26-03-2023
PAT004758,10-08-1950,Female,White,Not Hispanic or Latino,22902,VA,Western,28-08-2025
PAT004759,04-12-1999,Unknown,White,Hispanic or Latino,23831,VA,Southern,01-05-2025
PAT004760,01-04-1962,Unknown,Asian,Not Hispanic or Latino,23805,VA,Southern,04-07-2025
PAT004761,01-06-1935,Female,White,Not Hispanic or Latino,23220,VA,Central,02-01-2023
PAT004762,22-01-1954,Male,White,Not Hispanic or Latino,23223,VA,Central,10-03-2025
PAT004763,13-11-1963,Female,White,Not Hispanic or Latino,22401,VA,Northern,29-12-2024
PAT004764,01-04-1965,Female,White,Hispanic or Latino,23831,VA,Southern,04-03-2025
PAT004765,18-02-1986,Female,Black or African American,Not Hispanic or Latino,22903,VA,Western,28-01-2024
PAT004766,22-09-2011,Male,Black or African American,Hispanic or Latino,23831,VA,Southern,03-06-2025
PAT004767,02-10-1946,Female,Black or African American,Not Hispanic or Latino,23225,VA,Central,09-02-2023
PAT004768,17-02-1980,Male,White,Hispanic or Latino,22911,VA,Western,28-11-2023
PAT004769,26-11-1969,Female,White,Not Hispanic or Latino,22901,VA,Western,05-03-2023
PAT004770,25-11-1974,Female,Multiple,Not Hispanic or Latino,23805,VA,Southern,25-05-2025
PAT004771,04-12-1996,Male,Black or African American,Not Hispanic or Latino,23803,VA,Southern,17-04-2024
PAT004772,10-05-1999,Male,White,Not Hispanic or Latino,22903,VA,Western,27-09-2023
PAT004773,16-07-2006,Female,White,Not Hispanic or Latino,22554,VA,Northern,03-12-2024
PAT004774,13-09-1947,Male,Asian,Not Hispanic or Latino,23223,VA,Central,04-12-2023
PAT004775,13-01-1971,Female,Black or African American,Not Hispanic or Latino,23221,VA,Central,16-09-2023
PAT004776,12-06-1989,Female,White,Not Hispanic or Latino,23225,VA,Central,05-09-2025
PAT004777,14-06-1988,Male,White,Not Hispanic or Latino,23221,VA,Central,13-01-2024
PAT004778,20-02-1955,Female,Black or African American,Hispanic or Latino,22901,VA,Western,10-11-2024
PAT004779,21-04-1987,Female,White,Not Hispanic or Latino,22903,VA,Western,19-06-2025
PAT004780,09-01-1978,Female,White,Not Hispanic or Latino,22911,VA,Western,21-09-2024
PAT004781,10-07-1968,Female,White,Not Hispanic or Latino,23223,VA,Central,28-10-2024
PAT004782,08-10-1985,Female,White,Not Hispanic or Latino,23606,VA,Eastern,30-10-2024
PAT004783,28-02-2002,Female,Other,Hispanic or Latino,23221,VA,Central,30-12-2025
PAT004784,01-06-2018,Female,White,Not Hispanic or Latino,22551,VA,Northern,17-06-2023
PAT004785,11-05-1956,Female,Other,Not Hispanic or Latino,23223,VA,Central,22-03-2024
PAT004786,23-03-2022,Male,White,Not Hispanic or Latino,23185,VA,Eastern,07-01-2023
PAT004787,05-07-2018,Female,White,Hispanic or Latino,23601,VA,Eastern,07-07-2023
PAT004788,25-12-1958,Male,Asian,Not Hispanic or Latino,23225,VA,Central,30-04-2024
PAT004789,15-11-2003,Female,Asian,Not Hispanic or Latino,23225,VA,Central,18-11-2023
PAT004790,18-05-1969,Female,Black or African American,Not Hispanic or Latino,23601,VA,Eastern,10-12-2024
PAT004791,23-06-1967,Female,Other,Not Hispanic or Latino,22903,VA,Western,27-10-2024
PAT004792,19-03-1955,Female,Black or African American,Not Hispanic or Latino,23831,VA,Southern,15-12-2023
PAT004793,23-03-2014,Male,White,Not Hispanic or Latino,23223,VA,Central,27-07-2023
PAT004794,17-02-1948,Male,White,Not Hispanic or Latino,23223,VA,Central,28-09-2025
PAT004795,03-10-1949,Male,White,Not Hispanic or Latino,23834,VA,Southern,17-05-2023
PAT004796,02-06-1959,Male,White,Not Hispanic or Latino,23220,VA,Central,13-01-2025
PAT004797,03-10-2016,Male,Asian,Not Hispanic or Latino,23223,VA,Central,06-07-2025
PAT004798,09-05-1993,Female,White,Not Hispanic or Latino,22551,VA,Northern,16-04-2024
PAT004799,21-06-1963,Male,Other,Not Hispanic or Latino,23221,VA,Central,31-12-2024
PAT004800,15-05-2003,Male,White,Not Hispanic or Latino,23223,VA,Central,18-08-2023
PAT004801,04-08-1935,Male,White,Not Hispanic or Latino,22554,VA,Northern,06-09-2024
PAT004802,15-10-1964,Female,Black or African American,Not Hispanic or Latino,23221,VA,Central,16-06-2024
PAT004803,07-10-1951,Female,White,Hispanic or Latino,23185,VA,Eastern,13-11-2024
PAT004804,17-08-1972,Female,White,Not Hispanic or Latino,23220,VA,Central,31-03-2024
PAT004805,17-02-1987,Male,White,Not Hispanic or Latino,23805,VA,Southern,12-05-2025
PAT004806,23-02-1958,Female,Asian,Not Hispanic or Latino,23221,VA,Central,05-05-2024
PAT004807,20-09-1940,Male,White,Not Hispanic or Latino,23221,VA,Central,24-05-2025
PAT004808,16-09-2024,Female,White,Not Hispanic or Latino,23805,VA,Southern,05-11-2025
PAT004809,26-06-2005,Female,Multiple,Hispanic or Latino,23805,VA,Southern,09-09-2025
PAT004810,01-04-1992,Female,White,Not Hispanic or Latino,23223,VA,Central,09-06-2025
PAT004811,22-06-1988,Male,White,Unknown,23220,VA,Central,03-10-2024
PAT004812,15-02-1973,Male,American Indian or Alaska Native,Not Hispanic or Latino,22554,VA,Northern,16-04-2025
PAT004813,07-11-1970,Female,Asian,Not Hispanic or Latino,23602,VA,Eastern,08-04-2024
PAT004814,02-09-1968,F,Other,Not Hispanic or Latino,23185,VA,Eastern,14-11-2025
PAT004815,12-02-1981,Female,White,Hispanic or Latino,23225,VA,Central,06-09-2025
PAT004816,09-05-1954,Male,White,Not Hispanic or Latino,23834,VA,Southern,13-10-2025
PAT004817,16-12-1958,Female,White,Not Hispanic or Latino,23225,VA,Central,14-02-2025
PAT004818,26-10-1955,Male,Asian,Hispanic or Latino,22911,VA,Western,14-05-2023
PAT004819,07-04-2016,Male,Multiple,Hispanic or Latino,23606,VA,Eastern,07-10-2023
PAT004820,19-10-1966,Female,White,Not Hispanic or Latino,22903,VA,Western,09-02-2025
PAT004821,09-07-1980,Male,White,Not Hispanic or Latino,22554,VA,Northern,18-04-2023
PAT004822,19-10-1941,Female,Asian,Not Hispanic or Latino,23220,VA,Central,17-03-2023
PAT004823,18-01-1974,Female,Black or African American,Hispanic or Latino,23831,VA,Southern,09-09-2025
PAT004824,01-10-2000,Male,Black or African American,Not Hispanic or Latino,22902,VA,Western,28-11-2024
PAT004825,23-02-2002,Female,Asian,Not Hispanic or Latino,23185,VA,Eastern,18-04-2025
PAT004826,10-09-1965,Female,White,Hispanic or Latino,22554,VA,Northern,15-12-2023
PAT004827,13-05-1965,Male,White,Hispanic or Latino,23223,VA,Central,19-11-2025
PAT004828,10-09-1963,Male,White,Hispanic or Latino,23834,VA,Southern,29-01-2025
PAT004829,18-03-1946,Female,White,Not Hispanic or Latino,22554,VA,Northern,01-10-2025
PAT004830,23-11-1970,Female,Multiple,Not Hispanic or Latino,23223,VA,Central,30-11-2025
PAT004831,24-09-2021,Male,White,Not Hispanic or Latino,23185,VA,Eastern,16-04-2023
PAT004832,03-03-2020,Female,Black or African American,Unknown,23834,VA,Southern,05-08-2025
PAT004833,20-09-1964,Male,Asian,Hispanic or Latino,23803,VA,Southern,09-10-2023
PAT004834,18-09-2016,Male,White,Hispanic or Latino,23221,VA,Central,14-07-2025
PAT004835,01-08-1958,Male,Asian,Not Hispanic or Latino,22554,VA,Northern,19-12-2025
PAT004836,11-05-1998,Male,White,Not Hispanic or Latino,23220,VA,Central,28-06-2024
PAT004837,14-04-1935,Male,Asian,Unknown,23834,VA,Southern,24-11-2023
PAT004838,17-07-1944,Male,Asian,Not Hispanic or Latino,22401,VA,Northern,19-06-2023
PAT004839,07-12-1973,Female,Multiple,Hispanic or Latino,22401,VA,Northern,05-03-2024
PAT004840,11-09-1967,Female,White,Not Hispanic or Latino,23606,VA,Eastern,22-08-2023
PAT004841,19-02-1963,Male,Black or African American,Not Hispanic or Latino,22902,VA,Western,03-10-2025
PAT004842,03-09-1962,Male,American Indian or Alaska Native,Hispanic or Latino,22903,VA,Western,20-11-2024
PAT004843,27-01-1966,Female,White,Not Hispanic or Latino,23185,VA,Eastern,08-12-2023
PAT004844,15-02-1962,Male,White,Not Hispanic or Latino,22551,VA,Northern,07-04-2023
PAT004845,05-06-1970,Male,American Indian or Alaska Native,Not Hispanic or Latino,23225,VA,Central,16-05-2025
PAT004846,27-04-2019,Female,Black or African American,Not Hispanic or Latino,23602,VA,Eastern,03-07-2023
PAT004847,17-12-1997,Unknown,Other,Hispanic or Latino,22901,VA,Western,09-08-2025
PAT004848,25-01-1964,Female,Black or African American,Not Hispanic or Latino,22903,VA,Western,04-02-2024
PAT004849,13-11-1988,Male,Black or African American,Hispanic or Latino,23803,VA,Southern,06-09-2023
PAT004850,08-10-1957,Male,White,Not Hispanic or Latino,23220,VA,Central,22-01-2023
PAT004851,05-09-2000,Female,Other,Not Hispanic or Latino,22551,VA,Northern,21-09-2024
PAT004852,28-11-1973,Male,Asian,Not Hispanic or Latino,22903,VA,Western,16-12-2024
PAT004853,24-04-1957,Male,Unknown,Not Hispanic or Latino,23834,VA,Southern,28-03-2023
PAT004854,17-12-2006,Female,White,Not Hispanic or Latino,23223,VA,Central,31-12-2025
PAT004855,28-02-1963,Female,White,Not Hispanic or Latino,23220,VA,Central,29-03-2023
PAT004856,02-06-1971,Female,White,Not Hispanic or Latino,22902,VA,Western,05-09-2024
PAT004857,15-12-1987,Female,Black or African American,Not Hispanic or Latino,22902,VA,Western,31-03-2025
PAT004858,23-06-1989,Male,White,Not Hispanic or Latino,23606,VA,Eastern,26-02-2024
PAT004859,05-07-1969,Female,Asian,Not Hispanic or Latino,22551,VA,Northern,11-06-2023
PAT004860,12-12-1954,Female,White,Not Hispanic or Latino,23225,VA,Central,17-05-2024
PAT004861,08-06-2019,Female,White,Not Hispanic or Latino,23185,VA,Eastern,15-01-2023
PAT004862,18-06-1940,Female,Black or African American,Not Hispanic or Latino,23223,VA,Central,31-05-2025
PAT004863,21-06-1974,Female,Multiple,Not Hispanic or Latino,23223,VA,Central,11-07-2025
PAT004864,03-04-1980,Male,Multiple,Hispanic or Latino,22554,VA,Northern,01-03-2025
PAT004865,19-04-2013,Female,Asian,Not Hispanic or Latino,23606,VA,Eastern,16-01-2024
PAT004866,26-06-1970,Male,White,Not Hispanic or Latino,23220,VA,Central,27-07-2023
PAT004867,08-05-2013,Male,White,Not Hispanic or Latino,23834,VA,Southern,29-03-2023
PAT004868,27-03-1939,Female,White,Not Hispanic or Latino,23601,VA,Eastern,23-08-2025
PAT004869,15-03-1945,Male,White,Not Hispanic or Latino,23185,VA,Eastern,21-11-2023
PAT004870,14-10-1982,Male,Black or African American,Hispanic or Latino,23225,VA,Central,19-04-2025
PAT004871,08-06-2007,Male,White,Not Hispanic or Latino,23223,VA,,29-12-2023
PAT004872,13-02-2009,Male,White,Not Hispanic or Latino,23223,VA,Central,09-06-2024
PAT004873,22-12-1989,Male,White,Not Hispanic or Latino,22551,VA,Northern,06-06-2023
PAT004874,20-02-1959,Female,Multiple,Not Hispanic or Latino,23834,VA,Southern,24-10-2024
PAT004875,11-04-1980,Female,White,Not Hispanic or Latino,23831,VA,Southern,18-04-2025
PAT004876,02-05-1962,Female,Unknown,Not Hispanic or Latino,23223,VA,Central,12-09-2023
PAT004877,22-04-2006,Male,White,Hispanic or Latino,23803,VA,Southern,05-10-2023
PAT004878,01-04-1945,Male,Black or African American,Not Hispanic or Latino,22903,VA,Western,20-10-2023
PAT004879,07-07-2010,Female,Unknown,Not Hispanic or Latino,23606,VA,Eastern,03-10-2023
PAT004880,09-02-1944,Male,Unknown,Not Hispanic or Latino,23223,VA,Central,08-07-2024
PAT004881,17-02-1993,Female,Multiple,Not Hispanic or Latino,23601,VA,Eastern,11-10-2024
PAT004882,19-01-2001,male,Black or African American,Not Hispanic or Latino,23834,VA,Southern,02-04-2023
PAT004883,13-08-1947,Male,Asian,Not Hispanic or Latino,23831,VA,Southern,08-01-2023
PAT004884,06-03-1966,Male,Asian,Not Hispanic or Latino,22903,VA,Western,08-11-2025
PAT004885,28-05-2011,Male,Asian,Not Hispanic or Latino,22554,VA,Northern,19-12-2024
PAT004886,08-12-1957,Female,Unknown,Not Hispanic or Latino,23223,VA,Central,18-07-2025
PAT004887,04-08-1988,Other,White,Not Hispanic or Latino,23606,VA,Eastern,28-06-2024
PAT004888,01-04-1976,Female,Black or African American,Not Hispanic or Latino,23225,VA,Central,03-09-2023
PAT004889,25-02-1935,Female,Other,Not Hispanic or Latino,22551,VA,Northern,08-07-2024
PAT004890,25-12-1978,Female,White,Not Hispanic or Latino,22401,VA,Northern,20-02-2024
PAT004891,19-04-1951,Female,Asian,Not Hispanic or Latino,23803,VA,Southern,04-11-2025
PAT004892,18-04-1945,Female,Black or African American,Not Hispanic or Latino,22551,VA,Northern,26-06-2025
PAT004893,12-12-1980,Male,White,Not Hispanic or Latino,23601,VA,Eastern,24-04-2024
PAT004894,10-07-2019,Female,White,Not Hispanic or Latino,23225,VA,Central,09-07-2025
PAT004895,04-05-1960,Female,Black or African American,Not Hispanic or Latino,22405,VA,Northern,18-01-2023
PAT004896,20-01-1966,Male,White,Not Hispanic or Latino,22401,VA,Northern,15-12-2024
PAT004897,27-09-2019,Female,Black or African American,Unknown,23225,VA,Central,17-02-2023
PAT004898,05-09-1988,Male,White,Not Hispanic or Latino,23225,VA,Central,30-09-2023
PAT004899,26-05-1996,Female,White,Unknown,22405,VA,Northern,22-03-2023
PAT004900,03-05-1976,Male,White,Not Hispanic or Latino,23601,VA,Eastern,21-04-2024
PAT004901,02-10-2005,Female,Other,Hispanic or Latino,23223,VA,Central,11-07-2025
PAT004902,01-03-1993,Female,White,Not Hispanic or Latino,22554,VA,Northern,26-07-2024
PAT004903,02-01-1974,Female,White,Not Hispanic or Latino,22911,VA,Western,11-07-2024
PAT004904,07-10-2004,Male,Black or African American,Not Hispanic or Latino,22405,VA,Northern,08-07-2024
PAT004905,27-04-1996,Female,Black or African American,Not Hispanic or Latino,23185,VA,Eastern,02-05-2023
PAT004906,20-12-1992,Female,White,Not Hispanic or Latino,23602,VA,Eastern,22-07-2023
PAT004907,05-03-1980,M,White,Hispanic or Latino,23223,VA,Central,11-08-2025
PAT004908,24-10-1960,Male,White,Not Hispanic or Latino,23225,VA,Central,06-11-2023
PAT004909,09-07-1937,Male,White,Not Hispanic or Latino,22911,VA,Western,24-02-2024
PAT004910,12-03-2020,Male,Black or African American,Not Hispanic or Latino,23220,VA,Central,12-10-2025
PAT004911,26-05-1962,Female,Black or African American,Not Hispanic or Latino,23221,VA,Central,15-01-2024
PAT004912,09-01-1998,Female,White,Not Hispanic or Latino,23221,VA,Central,20-12-2023
PAT004913,04-02-1984,Female,Multiple,Not Hispanic or Latino,23220,VA,Central,14-03-2023
PAT004914,13-05-2019,Female,Black or African American,Not Hispanic or Latino,22551,VA,Northern,23-07-2023
PAT004915,07-07-1938,Female,White,Not Hispanic or Latino,23220,VA,Central,30-08-2025
PAT004916,18-03-1990,Male,Black or African American,Not Hispanic or Latino,23606,VA,Eastern,07-07-2025
PAT004917,05-01-2002,Male,White,Not Hispanic or Latino,23220,VA,Central,07-03-2023
PAT004918,13-04-1997,Male,White,Hispanic or Latino,23225,VA,Central,05-10-2023
PAT004919,12-10-1989,Female,White,Not Hispanic or Latino,23221,VA,Central,18-04-2025
PAT004920,11-01-2007,Female,Black or African American,Not Hispanic or Latino,22551,VA,Northern,01-09-2025
PAT004921,01-06-1941,Female,Multiple,Not Hispanic or Latino,23220,VA,Central,16-07-2023
PAT004922,05-04-2010,Female,White,Not Hispanic or Latino,23223,VA,Central,26-01-2023
PAT004923,07-08-1960,Male,White,Not Hispanic or Latino,23225,VA,Central,03-07-2023
PAT004924,21-01-2001,Male,American Indian or Alaska Native,Not Hispanic or Latino,23606,VA,Eastern,18-12-2023
PAT004925,04-02-1988,Male,White,Not Hispanic or Latino,22405,VA,Northern,18-02-2025
PAT004926,24-01-1966,Male,White,Not Hispanic or Latino,22551,VA,Northern,04-06-2023
PAT004927,05-08-2013,Male,White,Not Hispanic or Latino,23221,VA,Central,03-09-2023
PAT004928,11-05-1960,Male,Black or African American,Hispanic or Latino,23831,VA,Southern,14-04-2025
PAT004929,04-08-2004,Male,Multiple,Not Hispanic or Latino,23221,VA,Central,21-05-2023
PAT004930,15-01-1983,Male,Black or African American,Not Hispanic or Latino,23223,VA,Central,19-09-2024
PAT004931,02-07-2000,Male,White,Not Hispanic or Latino,23805,VA,Southern,06-04-2024
PAT004932,10-05-1963,Male,Native Hawaiian or Other Pacific Islander,Hispanic or Latino,23805,VA,Southern,12-01-2024
PAT004933,03-03-1949,Female,White,Not Hispanic or Latino,23606,VA,Eastern,01-02-2023
PAT004934,06-06-2003,Female,White,Hispanic or Latino,23221,VA,Central,06-07-2024
PAT004935,24-03-2005,Female,American Indian or Alaska Native,Not Hispanic or Latino,23220,VA,Central,10-07-2024
PAT004936,27-12-1998,Female,White,Not Hispanic or Latino,23225,VA,Central,29-08-2025
PAT004937,13-03-1961,Female,White,Not Hispanic or Latino,23185,VA,Eastern,02-03-2024
PAT004938,14-03-1965,Male,White,Not Hispanic or Latino,23831,VA,Southern,08-10-2024
PAT004939,05-04-1974,Female,White,Unknown,23225,VA,Central,17-04-2025
PAT004940,15-11-1958,Male,White,Not Hispanic or Latino,22903,VA,Western,19-02-2023
PAT004941,09-03-1939,Female,White,Hispanic or Latino,23831,VA,Southern,05-01-2025
PAT004942,12-09-1981,Female,Asian,Not Hispanic or Latino,23185,VA,Eastern,21-02-2025
PAT004943,04-03-1959,Female,Black or African American,Not Hispanic or Latino,22401,VA,Northern,15-08-2023
PAT004944,19-09-2015,Male,White,Not Hispanic or Latino,23220,VA,Central,16-12-2023
PAT004945,18-07-1935,Female,White,Not Hispanic or Latino,22551,VA,Northern,07-08-2024
PAT004946,09-07-2008,Male,American Indian or Alaska Native,Not Hispanic or Latino,23834,VA,Southern,26-05-2025
PAT004947,22-09-1978,Male,White,Not Hispanic or Latino,23834,VA,Southern,17-09-2023
PAT004948,13-08-2019,Female,White,Not Hispanic or Latino,23803,VA,Southern,20-01-2023
PAT004949,09-09-1982,Female,White,Not Hispanic or Latino,23223,VA,Central,23-07-2025
PAT004950,17-01-2017,Male,Black or African American,Not Hispanic or Latino,23221,VA,Central,16-06-2025
PAT004951,18-11-1977,Female,Asian,Not Hispanic or Latino,23803,VA,Southern,13-08-2023
PAT004952,16-01-1981,Female,White,Hispanic or Latino,23223,VA,Central,25-09-2023
PAT004953,10-07-2005,Female,Black or African American,Not Hispanic or Latino,22901,VA,Western,14-04-2023
PAT004954,24-10-1969,Male,Other,Hispanic or Latino,23601,VA,Eastern,15-03-2025
PAT004955,26-04-2003,Female,Other,Not Hispanic or Latino,23223,VA,Central,16-04-2024
PAT004956,09-09-2017,Male,Asian,Not Hispanic or Latino,23225,VA,Central,07-07-2024
PAT004957,17-01-1968,Male,Asian,Not Hispanic or Latino,23221,VA,Central,29-08-2023
PAT004958,17-10-2018,Female,White,Not Hispanic or Latino,22551,VA,Northern,14-10-2024
PAT004959,06-07-1971,Male,Black or African American,Not Hispanic or Latino,23221,VA,Central,20-01-2023
PAT004960,06-02-1988,Male,Other,Hispanic or Latino,23601,VA,Eastern,03-10-2025
PAT004961,12-01-2003,Female,White,Not Hispanic or Latino,23223,VA,Central,04-01-2023
PAT004962,25-04-1961,Female,White,Not Hispanic or Latino,23601,VA,Eastern,05-01-2023
PAT004963,01-01-2006,Female,White,Unknown,23834,VA,Southern,24-05-2024
PAT004964,23-12-2016,Male,White,Not Hispanic or Latino,23225,VA,Central,17-07-2025
PAT004965,04-10-1953,Female,White,Not Hispanic or Latino,23220,VA,Central,07-01-2023
PAT004966,19-09-1991,Male,Black or African American,Not Hispanic or Latino,23220,VA,Central,06-09-2023
PAT004967,13-02-1999,Male,Other,Hispanic or Latino,23803,VA,Southern,17-02-2023
PAT004968,13-02-1942,Male,Black or African American,Hispanic or Latino,23601,VA,Eastern,26-04-2024
PAT004969,16-11-2003,Other,Multiple,Not Hispanic or Latino,22405,VA,Northern,24-07-2025
PAT004970,22-10-1964,Male,White,Hispanic or Latino,23834,VA,Southern,02-04-2023
PAT004971,18-01-1948,Female,Black or African American,Not Hispanic or Latino,22903,VA,Western,06-09-2024
PAT004972,28-02-1943,Female,White,Not Hispanic or Latino,23834,VA,Southern,10-09-2025
PAT004973,08-07-1971,Other,Multiple,Not Hispanic or Latino,23220,VA,Central,14-04-2023
PAT004974,27-10-2007,Male,White,Not Hispanic or Latino,22554,VA,Northern,24-03-2024
PAT004975,04-07-1987,Male,White,Not Hispanic or Latino,23185,VA,Eastern,15-05-2024
PAT004976,04-02-2011,Female,White,Not Hispanic or Latino,23220,VA,Central,13-10-2024
PAT004977,20-11-1974,Male,Black or African American,Not Hispanic or Latino,23223,VA,Central,14-06-2024
PAT004978,05-09-1950,Male,Multiple,Not Hispanic or Latino,23831,VA,,04-11-2023
PAT004979,21-04-1975,Male,White,Not Hispanic or Latino,23602,VA,Eastern,25-01-2023
PAT004980,07-06-1958,Male,White,Not Hispanic or Latino,22554,VA,Northern,04-05-2024
PAT004981,14-07-1952,Male,White,Not Hispanic or Latino,23220,VA,Central,03-07-2025
PAT004982,19-07-1970,Male,White,Not Hispanic or Latino,23223,VA,Central,03-08-2024
PAT004983,14-07-2017,Female,Multiple,Not Hispanic or Latino,22911,VA,Western,31-10-2023
PAT004984,02-02-2006,Male,White,Not Hispanic or Latino,23601,VA,Eastern,30-06-2024
PAT004985,24-11-1961,Female,Black or African American,Not Hispanic or Latino,23220,VA,Central,13-10-2023
PAT004986,23-02-2008,Male,White,Not Hispanic or Latino,23221,VA,Central,10-10-2023
PAT004987,17-04-1965,Female,Unknown,Not Hispanic or Latino,22911,VA,Western,14-08-2024
PAT004988,13-03-2007,Male,Black or African American,Not Hispanic or Latino,22405,VA,Northern,10-03-2023
PAT004989,17-06-1991,Female,Other,Not Hispanic or Latino,22901,VA,Western,14-10-2025
PAT004990,11-12-1999,Male,Black or African American,Not Hispanic or Latino,23601,VA,Eastern,15-08-2025
PAT004991,21-06-1972,Male,White,Not Hispanic or Latino,23221,VA,Central,22-04-2025
PAT004992,08-03-1951,Female,White,Not Hispanic or Latino,23831,VA,Southern,19-07-2025
PAT004993,10-01-2025,Male,White,Not Hispanic or Latino,23220,VA,Central,01-04-2025
PAT004994,25-02-1941,Male,White,Not Hispanic or Latino,23601,VA,Eastern,10-11-2024
PAT004995,04-09-1974,Female,White,Not Hispanic or Latino,22551,VA,Northern,23-05-2023
PAT004996,11-11-2002,Female,White,Not Hispanic or Latino,23223,VA,Central,06-02-2023
PAT004997,28-11-1986,Female,Asian,Not Hispanic or Latino,23834,VA,Southern,23-08-2023
PAT004998,15-01-2006,Female,White,Not Hispanic or Latino,23601,VA,Eastern,24-03-2024
PAT004999,14-05-1975,Male,Unknown,Not Hispanic or Latino,23606,VA,Eastern,18-02-2023
PAT005000,05-02-2024,Male,White,Not Hispanic or Latino,23805,VA,Southern,23-07-2025
PAT005001,03-08-1956,Male,Black or African American,Not Hispanic or Latino,22401,VA,Northern,03-07-2023
PAT005002,06-12-1937,Female,Black or African American,Not Hispanic or Latino,22405,VA,Northern,18-09-2023
PAT005003,12-02-2012,Male,White,Not Hispanic or Latino,23220,VA,Central,14-09-2023
PAT005004,09-11-2007,Female,Multiple,Not Hispanic or Latino,23602,VA,Eastern,24-01-2023
PAT005005,14-12-1992,Male,Native Hawaiian or Other Pacific Islander,Not Hispanic or Latino,23834,VA,Southern,27-10-2024
PAT005006,25-12-2000,Male,American Indian or Alaska Native,Not Hispanic or Latino,23831,VA,Southern,01-10-2024
PAT005007,02-12-1948,Female,White,Not Hispanic or Latino,23223,VA,Central,30-12-2023
PAT005008,15-03-1961,Female,White,Not Hispanic or Latino,23225,VA,Central,24-03-2024
PAT005009,13-05-1940,Female,White,Not Hispanic or Latino,23803,VA,Southern,08-08-2023
PAT005010,11-02-1966,Female,Asian,Not Hispanic or Latino,23805,VA,Southern,15-01-2023
PAT005011,24-08-1949,Male,White,Not Hispanic or Latino,23221,VA,Central,25-09-2024
PAT005012,09-03-1992,Female,White,Not Hispanic or Latino,22902,VA,Western,17-12-2024
PAT005013,03-07-1967,Male,White,Not Hispanic or Latino,23606,VA,Eastern,19-04-2025
PAT005014,06-03-2008,Female,Asian,Not Hispanic or Latino,23223,VA,Central,27-07-2023
PAT005015,22-08-2021,Male,White,Hispanic or Latino,23221,VA,Central,18-03-2025
PAT005016,17-01-1968,Male,White,Not Hispanic or Latino,23225,VA,Central,06-05-2025
PAT005017,12-07-1979,Female,Other,Not Hispanic or Latino,22551,VA,Northern,09-11-2023
PAT005018,03-05-1956,Male,Black or African American,Not Hispanic or Latino,23834,VA,Southern,17-04-2025
PAT005019,15-09-1977,Female,Black or African American,Not Hispanic or Latino,23223,VA,Central,23-08-2024
PAT005020,27-08-1968,Male,White,Not Hispanic or Latino,22901,VA,Western,23-11-2023
PAT005021,07-11-2024,Female,White,Not Hispanic or Latino,23223,VA,Central,14-11-2024
PAT005022,04-07-1975,Female,White,Not Hispanic or Latino,22554,VA,Northern,22-10-2025
PAT005023,05-05-1992,Female,White,Not Hispanic or Latino,23601,VA,Eastern,26-04-2024
PAT005024,26-05-1970,Female,White,Not Hispanic or Latino,23601,VA,Eastern,21-09-2024
PAT005025,24-05-2006,Female,Asian,Not Hispanic or Latino,22551,VA,Northern,13-02-2025
PAT005026,04-03-1943,Female,Black or African American,Not Hispanic or Latino,23221,VA,Central,27-06-2023
PAT005027,14-11-1985,Female,White,Not Hispanic or Latino,22554,VA,Northern,30-12-2024
PAT005028,09-06-2002,Female,Unknown,Not Hispanic or Latino,23805,VA,Southern,05-02-2023
PAT005029,23-11-1969,Female,White,Not Hispanic or Latino,22903,VA,Western,02-08-2024
PAT005030,04-02-2005,Female,Other,Not Hispanic or Latino,23834,VA,Southern,05-02-2024
PAT005031,03-09-1943,Male,Asian,Not Hispanic or Latino,22405,VA,Northern,07-08-2025
PAT005032,28-01-1987,Male,White,Not Hispanic or Latino,23225,VA,Central,23-04-2024
PAT005033,11-04-1998,Female,White,Not Hispanic or Latino,23602,VA,Eastern,21-10-2025
PAT005034,24-03-1991,Female,American Indian or Alaska Native,Not Hispanic or Latino,22901,VA,Western,17-12-2025
PAT005035,19-05-1967,Male,Black or African American,Not Hispanic or Latino,23834,VA,Southern,17-02-2023
PAT005036,09-07-1969,Male,Unknown,Not Hispanic or Latino,23185,VA,Eastern,12-12-2024
PAT005037,02-02-2022,Female,Black or African American,Not Hispanic or Latino,22902,VA,Western,06-07-2023
PAT005038,10-06-1955,Male,Multiple,Hispanic or Latino,22405,VA,Northern,25-07-2024
PAT005039,06-12-2023,Female,Multiple,Not Hispanic or Latino,22405,VA,Northern,05-01-2024
PAT005040,13-12-1957,Female,White,Not Hispanic or Latino,23803,VA,Southern,28-09-2024
PAT005041,17-12-1941,Male,White,Not Hispanic or Latino,23225,VA,Central,09-01-2023
PAT005042,16-04-1977,Female,Black or African American,Unknown,22902,VA,Western,25-07-2023
PAT005043,21-12-1979,Female,Black or African American,Hispanic or Latino,23834,VA,Southern,19-04-2023
PAT005044,06-04-1990,Female,Black or African American,Not Hispanic or Latino,23803,VA,Southern,17-02-2024
PAT005045,15-10-2004,Male,Black or African American,Not Hispanic or Latino,22901,VA,Western,14-06-2023
PAT005046,02-05-2005,Female,Black or African American,Not Hispanic or Latino,22401,VA,Northern,05-03-2024
PAT005047,27-08-1971,Male,White,Not Hispanic or Latino,23220,VA,Central,07-05-2024
PAT005048,16-12-1974,Female,White,Not Hispanic or Latino,22401,VA,Northern,13-08-2025
PAT005049,18-11-1963,Male,White,Hispanic or Latino,23225,VA,Central,04-04-2023
PAT005050,04-12-1978,Male,White,Not Hispanic or Latino,23225,VA,Central,15-11-2023
PAT005051,23-11-2014,Male,White,Not Hispanic or Latino,23220,VA,Central,05-11-2025
PAT005052,19-02-1971,Male,Black or African American,Hispanic or Latino,22903,VA,Western,13-08-2025
PAT005053,11-09-1962,Male,White,Not Hispanic or Latino,22903,VA,Western,20-01-2023
PAT005054,03-02-1980,Female,White,Not Hispanic or Latino,23221,VA,Central,15-06-2025
PAT005055,11-04-1997,Male,White,Not Hispanic or Latino,23805,VA,Southern,02-09-2023
PAT005056,06-08-2007,Female,White,Not Hispanic or Latino,23606,VA,Eastern,06-12-2025
PAT005057,16-01-1964,Female,White,Not Hispanic or Latino,23805,VA,Southern,16-08-2025
PAT005058,08-12-2006,Male,Black or African American,Not Hispanic or Latino,22551,VA,Northern,18-08-2023
PAT005059,14-02-1994,Male,White,Not Hispanic or Latino,23220,VA,Central,14-11-2025
PAT005060,16-10-1957,Male,Native Hawaiian or Other Pacific Islander,Not Hispanic or Latino,23221,VA,Central,23-09-2023
PAT005061,20-11-2001,Male,Black or African American,Not Hispanic or Latino,23834,VA,Southern,29-05-2024
PAT005062,25-08-1983,Female,Black or African American,Not Hispanic or Latino,23185,VA,Eastern,10-02-2024
PAT005063,27-06-1968,Other,White,Not Hispanic or Latino,22902,VA,Western,24-03-2023
PAT005064,18-07-1968,Female,Other,Unknown,23803,VA,Southern,15-01-2023
PAT005065,18-05-2002,Female,White,Not Hispanic or Latino,22901,VA,Western,20-01-2025
PAT005066,15-06-1935,Female,Black or African American,Not Hispanic or Latino,22901,VA,Western,31-01-2023
PAT005067,09-11-2002,Female,Black or African American,Not Hispanic or Latino,23223,VA,Central,02-02-2024
PAT005068,07-03-1978,Female,White,Not Hispanic or Latino,23834,VA,Southern,17-01-2024
PAT005069,13-02-1973,Male,Black or African American,Hispanic or Latino,23220,VA,Central,26-02-2025
PAT005070,12-09-2013,Female,White,Hispanic or Latino,23225,VA,Central,15-06-2024
PAT005071,16-11-1948,Female,White,Not Hispanic or Latino,22901,VA,Western,07-03-2025
PAT005072,22-11-2011,Male,White,Unknown,23602,VA,Eastern,16-05-2023
PAT005073,23-10-1994,Male,Other,Not Hispanic or Latino,23803,VA,Southern,18-05-2024
PAT005074,24-12-1996,Female,White,Not Hispanic or Latino,23221,VA,Central,03-07-2023
PAT005075,24-01-2015,Male,Asian,Not Hispanic or Latino,23220,VA,Central,12-04-2025
PAT005076,27-05-1976,Female,Black or African American,Not Hispanic or Latino,23221,VA,Central,06-03-2025
PAT005077,16-01-1974,Male,Other,Not Hispanic or Latino,22401,VA,Northern,21-03-2024
PAT005078,02-06-2001,Male,Black or African American,Not Hispanic or Latino,22903,VA,Western,17-11-2023
PAT005079,23-04-1986,Male,White,Not Hispanic or Latino,23220,VA,Central,30-03-2024
PAT005080,10-03-1981,Female,White,Not Hispanic or Latino,23831,VA,Southern,27-10-2025
PAT005081,01-04-1958,Female,Black or African American,Not Hispanic or Latino,22401,VA,Northern,09-09-2024
PAT005082,14-12-2022,Female,White,Not Hispanic or Latino,23220,VA,Central,01-02-2023
PAT007035,02-04-1970,Male,White,Not Hispanic or Latino,23805,VA,Southern,26-07-2023
PAT005084,13-02-1996,Female,White,Not Hispanic or Latino,23606,VA,Eastern,16-01-2025
PAT005085,10-12-1995,Female,White,Not Hispanic or Latino,23225,VA,Central,16-05-2024
PAT005086,28-11-2000,Female,White,Unknown,23223,VA,Central,21-04-2024
PAT005087,03-09-1986,Female,White,Not Hispanic or Latino,23220,VA,Central,07-01-2023
PAT005088,27-01-1950,Female,White,Not Hispanic or Latino,23220,VA,Central,19-07-2024
PAT005089,14-08-1976,Female,Black or African American,Not Hispanic or Latino,22554,VA,Northern,15-11-2023
PAT005090,27-09-1945,Female,Other,Hispanic or Latino,23834,VA,Southern,08-09-2023
PAT005091,08-08-1970,Female,Black or African American,Hispanic or Latino,23223,VA,Central,19-10-2024
PAT005092,05-02-1937,Male,Unknown,Not Hispanic or Latino,22401,VA,Northern,08-07-2025
PAT005093,26-06-1945,Female,White,Hispanic or Latino,22901,VA,Western,02-10-2023
PAT005094,12-10-1972,Female,Black or African American,Not Hispanic or Latino,22911,VA,Western,03-11-2025
PAT005095,12-06-2022,Male,White,Hispanic or Latino,22554,VA,Northern,13-11-2023
PAT005096,02-11-2013,Male,White,Not Hispanic or Latino,22551,VA,Northern,26-11-2023
PAT005097,13-12-1987,Female,White,Not Hispanic or Latino,22901,VA,Western,11-11-2023
PAT005098,14-05-2016,Male,Black or African American,Not Hispanic or Latino,23602,VA,Eastern,27-07-2024
PAT005099,15-08-2012,Female,Black or African American,Not Hispanic or Latino,23221,VA,Central,17-03-2023
PAT005100,15-02-1970,Male,White,Not Hispanic or Latino,23220,VA,Central,25-02-2023
PAT005101,02-04-1993,Male,White,Not Hispanic or Latino,23225,VA,Central,08-09-2023
PAT005102,26-07-1985,Female,Native Hawaiian or Other Pacific Islander,Not Hispanic or Latino,23223,VA,Central,11-09-2025
PAT005103,25-11-1967,Female,White,Not Hispanic or Latino,23601,VA,Eastern,12-09-2025
PAT005104,02-12-1980,Female,Black or African American,Not Hispanic or Latino,22405,VA,Northern,20-07-2023
PAT005105,10-06-1983,Female,Asian,Not Hispanic or Latino,23221,VA,Central,21-12-2025
PAT005106,15-03-1975,Female,Black or African American,Not Hispanic or Latino,23831,VA,Southern,30-05-2023
PAT005107,17-05-1962,Female,American Indian or Alaska Native,Hispanic or Latino,23223,VA,Central,29-07-2025
PAT005108,13-03-1980,Female,White,Not Hispanic or Latino,22901,VA,,28-11-2023
PAT005109,11-03-1942,Female,White,Not Hispanic or Latino,22554,VA,Northern,18-03-2025
PAT005110,13-09-1965,Male,Black or African American,Not Hispanic or Latino,23221,VA,Central,12-07-2025
PAT005111,17-09-1973,Male,White,Not Hispanic or Latino,23602,VA,Eastern,04-04-2023
PAT005112,14-07-1993,Female,Black or African American,Not Hispanic or Latino,22554,VA,Northern,06-10-2023
PAT005113,21-08-1975,Male,White,Not Hispanic or Latino,22911,VA,Western,28-02-2024
PAT005114,03-08-2021,Female,Multiple,Not Hispanic or Latino,23221,VA,Central,23-11-2024
PAT005115,18-12-1987,Male,Asian,Not Hispanic or Latino,23606,VA,Eastern,01-09-2025
PAT005116,05-12-1947,Female,Multiple,Not Hispanic or Latino,23223,VA,Central,14-09-2023
PAT005117,14-09-1972,Female,White,Not Hispanic or Latino,22911,VA,Western,17-04-2023
PAT005118,23-11-1947,Male,White,Not Hispanic or Latino,22901,VA,Western,23-06-2024
PAT005119,13-09-1982,Female,Asian,Not Hispanic or Latino,23601,VA,Eastern,28-12-2023
PAT005120,11-12-1959,Female,White,Not Hispanic or Latino,22903,VA,Western,26-04-2024
PAT005121,12-01-2017,Male,Asian,Not Hispanic or Latino,23220,VA,Central,10-12-2025
PAT005122,25-10-1977,Male,White,Not Hispanic or Latino,23805,VA,Southern,29-08-2025
PAT005123,14-10-1954,Male,White,Not Hispanic or Latino,22401,VA,Northern,01-11-2024
PAT005124,09-07-1993,Unknown,Native Hawaiian or Other Pacific Islander,Not Hispanic or Latino,23803,VA,Southern,05-10-2024
PAT005125,21-11-2019,Other,Asian,Hispanic or Latino,23223,VA,Central,22-04-2025
PAT005126,24-01-1946,Male,Other,Unknown,22911,VA,Western,21-10-2025
PAT005127,16-08-1966,Female,White,Not Hispanic or Latino,22554,VA,Northern,06-12-2024
PAT005128,14-03-1986,Male,White,Not Hispanic or Latino,23185,VA,Eastern,26-02-2023
PAT005129,09-09-1987,Male,White,Hispanic or Latino,22902,VA,Western,06-01-2024
PAT005130,28-04-1983,Male,White,Unknown,23834,VA,Southern,24-09-2023
PAT005131,07-12-1993,Male,White,Hispanic or Latino,23601,VA,Eastern,03-05-2023
PAT005132,21-03-2002,Female,White,Not Hispanic or Latino,23601,VA,Eastern,14-09-2025
PAT005133,25-02-2004,Female,Asian,Not Hispanic or Latino,23220,VA,Central,09-08-2025
PAT005134,16-11-2014,Female,White,Not Hispanic or Latino,23225,VA,Central,05-09-2023
PAT005135,14-02-1983,Male,Asian,Not Hispanic or Latino,23221,VA,Central,28-04-2023
PAT005136,06-05-1936,Male,White,Not Hispanic or Latino,23602,VA,Eastern,22-08-2023
PAT005137,27-05-1986,Male,Other,Not Hispanic or Latino,22911,VA,Western,21-04-2024
PAT005138,06-06-2006,Female,Black or African American,Not Hispanic or Latino,22901,VA,Western,20-05-2025
PAT005139,07-01-1942,Male,Asian,Not Hispanic or Latino,23221,VA,Central,19-01-2024
PAT005140,24-03-1960,Male,White,Not Hispanic or Latino,23834,VA,Southern,29-01-2023
PAT005141,06-05-1989,Female,White,Not Hispanic or Latino,22911,VA,Western,04-07-2024
PAT005142,02-02-1983,Female,White,Hispanic or Latino,23834,VA,Southern,21-02-2023
PAT005143,15-08-2023,Female,Black or African American,Not Hispanic or Latino,22401,VA,Northern,23-03-2024
PAT005144,13-02-1935,Male,Black or African American,Not Hispanic or Latino,22902,VA,Western,01-07-2025
PAT005145,11-01-1961,M,White,Not Hispanic or Latino,23803,VA,Southern,09-03-2023
PAT005146,07-10-2016,Female,Black or African American,Hispanic or Latino,23221,VA,Central,14-01-2024
PAT005147,06-08-1969,Male,Asian,Not Hispanic or Latino,22903,VA,Western,26-07-2024
PAT000928,08-10-1969,Female,Black or African American,Not Hispanic or Latino,23803,VA,Southern,21-06-2025
PAT005149,09-10-2002,Male,Asian,Not Hispanic or Latino,23834,VA,Southern,06-06-2025
PAT005150,01-09-1987,Female,White,Not Hispanic or Latino,22902,VA,Western,08-03-2023
PAT005151,25-07-1979,Male,Asian,Not Hispanic or Latino,23831,VA,Southern,16-06-2024
PAT005152,12-03-1990,Female,White,Hispanic or Latino,22554,VA,Northern,11-08-2023
PAT005153,08-10-1964,Male,White,Unknown,23221,VA,Central,18-09-2023
PAT005154,06-12-1946,Female,Multiple,Not Hispanic or Latino,22551,VA,Northern,05-01-2024
PAT005155,06-02-1967,Female,White,Not Hispanic or Latino,23220,VA,Central,04-03-2025
PAT005156,21-06-2000,Female,Other,Not Hispanic or Latino,23220,VA,Central,03-09-2024
PAT005157,05-01-2012,Female,White,Not Hispanic or Latino,23606,VA,Eastern,09-05-2025
PAT005158,21-07-1968,Male,White,Not Hispanic or Latino,22554,VA,Northern,18-12-2023
PAT005159,18-03-1946,Male,White,Not Hispanic or Latino,23223,VA,Central,29-12-2024
PAT005160,16-10-1954,Male,Other,Not Hispanic or Latino,22903,VA,Western,04-02-2025
PAT005161,24-08-2025,Male,Asian,Not Hispanic or Latino,23803,VA,Southern,31-12-2025
PAT005162,14-09-1977,Male,Other,Not Hispanic or Latino,23223,VA,Central,06-01-2023
PAT005163,16-12-2012,Female,White,Not Hispanic or Latino,22554,VA,Northern,25-04-2025
PAT005164,02-03-2025,Female,White,Not Hispanic or Latino,23803,VA,Southern,23-04-2025
PAT005165,20-03-1981,Male,Multiple,Not Hispanic or Latino,22401,VA,Northern,06-12-2023
PAT005166,12-02-1988,Male,American Indian or Alaska Native,Not Hispanic or Latino,23223,VA,Central,02-05-2024
PAT005167,09-01-1941,Female,White,Not Hispanic or Latino,23223,VA,Central,12-03-2023
PAT005168,06-04-1942,Female,White,Not Hispanic or Latino,23805,VA,Southern,14-12-2024
PAT005169,07-04-2019,Male,Black or African American,Not Hispanic or Latino,23221,VA,Central,14-01-2023
PAT005170,12-04-2020,Male,Black or African American,Hispanic or Latino,23803,VA,Southern,25-03-2023
PAT005171,21-06-1988,Female,White,Not Hispanic or Latino,23831,VA,Southern,05-12-2024
PAT005172,04-01-1962,Female,White,Not Hispanic or Latino,23601,VA,Eastern,22-11-2024
PAT005173,26-06-1986,Female,White,Hispanic or Latino,23803,VA,Southern,07-04-2024
PAT005174,17-10-1948,Male,Black or African American,Not Hispanic or Latino,22903,VA,Western,02-03-2024
PAT005175,07-04-2001,Male,White,Not Hispanic or Latino,22902,VA,Western,26-08-2024
PAT005176,13-04-1962,Female,Asian,Not Hispanic or Latino,23221,VA,Central,23-05-2025
PAT005177,26-01-2003,Male,White,Hispanic or Latino,23220,VA,Central,11-12-2024
PAT005178,24-12-1981,Female,White,Not Hispanic or Latino,23805,VA,Southern,08-09-2023
PAT005179,25-05-1973,Female,Black or African American,Not Hispanic or Latino,23223,VA,Central,05-07-2023
PAT005180,02-10-2002,Male,Black or African American,Not Hispanic or Latino,22551,VA,Northern,13-11-2024
PAT005181,28-06-2013,Female,Black or African American,Not Hispanic or Latino,22405,VA,Northern,26-04-2023
PAT005182,08-03-1957,Female,White,Not Hispanic or Latino,23225,VA,Central,02-04-2025
PAT005183,16-02-1987,Male,Multiple,Hispanic or Latino,23225,VA,Central,24-09-2024
PAT005184,09-06-1942,Female,Asian,Hispanic or Latino,22405,VA,Northern,15-05-2023
PAT005185,06-07-1960,Female,Asian,Not Hispanic or Latino,23831,VA,Southern,10-07-2023
PAT005186,11-08-2001,Male,White,Not Hispanic or Latino,22901,VA,Western,29-09-2023
PAT005187,15-07-1988,Female,Asian,Unknown,22901,VA,Western,14-04-2024
PAT005188,12-08-1974,Female,Black or African American,Not Hispanic or Latino,23805,VA,Southern,31-03-2025
PAT005189,28-07-1973,Male,White,Not Hispanic or Latino,23223,VA,Central,27-08-2025
PAT005190,22-03-1985,Female,Black or African American,Hispanic or Latino,23606,VA,Eastern,30-05-2024
PAT005191,05-02-1948,Female,Black or African American,Not Hispanic or Latino,23220,VA,Central,21-05-2025
PAT005192,26-08-1989,Male,White,Not Hispanic or Latino,23805,VA,Southern,24-02-2023
PAT005193,19-10-2007,Male,White,Hispanic or Latino,23601,VA,,27-12-2025
PAT005194,28-06-2017,Female,Asian,Not Hispanic or Latino,23601,VA,Eastern,07-07-2024
PAT005195,06-04-2024,Female,Black or African American,Not Hispanic or Latino,23220,VA,Central,09-06-2024
PAT005196,11-11-2028,Male,Black or African American,Not Hispanic or Latino,23831,VA,Southern,27-12-2024
PAT005197,04-06-1975,Male,Native Hawaiian or Other Pacific Islander,Not Hispanic or Latino,23223,VA,Central,05-03-2024
PAT005198,04-03-1964,Female,White,Not Hispanic or Latino,22901,VA,Western,05-09-2024
PAT005199,27-11-2000,Female,White,Not Hispanic or Latino,23220,VA,Central,25-11-2025
PAT005200,19-08-1993,Male,White,Not Hispanic or Latino,23225,VA,Central,14-10-2023
PAT005201,20-08-2017,Male,Native Hawaiian or Other Pacific Islander,Not Hispanic or Latino,22405,VA,Northern,05-02-2025
PAT005202,09-12-1964,Female,White,Not Hispanic or Latino,23805,VA,Southern,11-11-2023
PAT005203,18-09-2005,Female,Black or African American,Not Hispanic or Latino,23601,VA,Eastern,04-06-2024
PAT005204,11-11-1965,Female,Asian,Not Hispanic or Latino,23185,VA,Eastern,05-01-2024
PAT005205,10-01-1964,Female,White,Hispanic or Latino,22911,VA,Western,05-10-2025
PAT005206,16-07-1959,F,White,Not Hispanic or Latino,22551,VA,,11-02-2024
PAT005207,25-04-1987,Female,Asian,Hispanic or Latino,23601,VA,Eastern,30-05-2025
PAT005208,12-02-1970,Female,White,Not Hispanic or Latino,23220,VA,Central,06-12-2023
PAT005209,23-08-2015,Male,White,Not Hispanic or Latino,23223,VA,Central,06-06-2025
PAT005210,17-01-1986,Male,Black or African American,Not Hispanic or Latino,23223,VA,Central,28-10-2025
PAT005211,17-12-1996,Female,White,Not Hispanic or Latino,23805,VA,Southern,18-12-2023
PAT005212,14-12-1997,Female,Black or African American,Not Hispanic or Latino,23225,VA,Central,04-10-2023
PAT005213,01-03-1984,Female,White,Not Hispanic or Latino,23223,VA,Central,25-03-2025
PAT005214,22-03-1968,Female,White,Not Hispanic or Latino,23221,VA,Central,12-01-2025
PAT005215,28-04-1971,Male,Asian,Not Hispanic or Latino,23602,VA,Eastern,03-02-2025
PAT005216,13-10-2005,Female,Black or African American,Unknown,22405,VA,Northern,22-11-2023
PAT005217,28-03-1973,Male,White,Hispanic or Latino,23223,VA,Central,18-01-2023
PAT005218,06-09-2022,Male,White,Not Hispanic or Latino,22554,VA,Northern,10-04-2025
PAT005219,15-05-1955,Female,Asian,Not Hispanic or Latino,23221,VA,Central,22-04-2025
PAT005220,25-10-1972,Female,Black or African American,Not Hispanic or Latino,23602,VA,Eastern,05-01-2024
PAT005221,03-01-1980,Female,Black or African American,Not Hispanic or Latino,22405,VA,Northern,29-11-2023
PAT005222,03-05-1972,Female,Other,Hispanic or Latino,23831,VA,Southern,25-12-2023
PAT005223,26-01-1941,Female,White,Not Hispanic or Latino,23803,VA,Southern,05-05-2025
PAT005224,27-03-1984,Female,White,Not Hispanic or Latino,23225,VA,Central,23-03-2023
PAT005225,13-07-1988,Female,White,Not Hispanic or Latino,23220,VA,Central,21-06-2024
PAT005226,27-06-1961,Female,White,Hispanic or Latino,23185,VA,Eastern,09-01-2025
PAT005227,06-04-1984,Male,Asian,Not Hispanic or Latino,23185,VA,Eastern,04-09-2025
PAT005228,21-05-1977,Male,White,Not Hispanic or Latino,23220,VA,Central,08-02-2023
PAT005229,03-10-2018,Female,Black or African American,Not Hispanic or Latino,22401,VA,Northern,22-06-2023
PAT005230,08-04-1966,Female,Black or African American,Not Hispanic or Latino,22554,VA,Northern,16-02-2024
PAT005231,06-03-2002,Male,White,Hispanic or Latino,23223,VA,Central,07-08-2025
PAT005232,19-02-1974,Male,Black or African American,Not Hispanic or Latino,22902,VA,Western,21-02-2025
PAT005233,23-01-1977,Female,American Indian or Alaska Native,Not Hispanic or Latino,22401,VA,Northern,09-05-2025
PAT005234,05-09-1990,Female,White,Not Hispanic or Latino,23225,VA,Central,22-09-2025
PAT005235,13-06-2006,Male,White,Not Hispanic or Latino,23223,VA,Central,30-03-2025
PAT005236,24-11-1989,Female,White,Not Hispanic or Latino,23225,VA,Central,23-04-2023
PAT005237,28-07-1945,Male,Other,Not Hispanic or Latino,23601,VA,Eastern,11-03-2025
PAT005238,23-04-2016,Female,White,Not Hispanic or Latino,23831,VA,Southern,22-01-2023
PAT005239,11-10-1960,Female,White,Not Hispanic or Latino,23805,VA,Southern,06-08-2025
PAT005240,09-04-2020,Female,White,Not Hispanic or Latino,23834,VA,Southern,04-07-2023
PAT005241,22-07-1993,Female,White,Hispanic or Latino,22902,VA,Western,01-04-2024
PAT005242,28-04-2004,Female,Black or African American,Not Hispanic or Latino,23221,VA,Central,20-04-2025
PAT005243,21-01-1989,Male,White,Not Hispanic or Latino,23223,VA,Central,02-08-2024
PAT005244,14-02-1964,Male,White,Not Hispanic or Latino,23223,VA,Central,09-10-2023
PAT005245,04-12-2001,Male,Black or African American,Hispanic or Latino,23225,VA,Central,15-12-2024
PAT005246,04-05-1999,Female,White,Not Hispanic or Latino,23221,VA,Central,30-07-2025
PAT005247,16-08-2002,Male,White,Not Hispanic or Latino,22551,VA,Northern,07-12-2025
PAT005248,14-08-2014,Male,White,Not Hispanic or Latino,23185,VA,Eastern,14-05-2025
PAT005249,07-12-1977,Male,Multiple,Not Hispanic or Latino,22903,VA,Western,21-08-2024
PAT005250,02-10-1988,Male,Black or African American,Not Hispanic or Latino,23831,VA,Southern,27-05-2025
PAT005251,11-08-2023,Female,White,Not Hispanic or Latino,23831,VA,Southern,21-11-2023
PAT005252,15-09-1967,Female,Other,Not Hispanic or Latino,23803,VA,Southern,27-06-2023
PAT005253,20-08-1962,Male,Asian,Not Hispanic or Latino,23805,VA,Southern,20-12-2023
PAT005254,06-12-1998,Male,White,Not Hispanic or Latino,23220,VA,Central,12-12-2023
PAT005255,08-09-1998,Female,White,Not Hispanic or Latino,23225,VA,Central,22-09-2024
PAT005256,03-05-1971,Female,American Indian or Alaska Native,Not Hispanic or Latino,23225,VA,Central,11-12-2023
PAT005257,12-05-2018,Female,Black or African American,Not Hispanic or Latino,22911,VA,Western,17-11-2024
PAT005258,27-09-2001,Male,Black or African American,Not Hispanic or Latino,23834,VA,Southern,07-06-2024
PAT005259,25-10-1968,Female,American Indian or Alaska Native,Not Hispanic or Latino,23220,VA,Central,05-12-2023
PAT005260,25-05-1985,Female,Black or African American,Not Hispanic or Latino,23223,VA,Central,06-04-2024
PAT005261,14-03-1995,Other,White,Not Hispanic or Latino,23803,VA,Southern,29-07-2024
PAT005262,06-08-1938,Female,Multiple,Not Hispanic or Latino,22902,VA,Western,22-11-2025
PAT005263,23-12-1994,Male,Asian,Not Hispanic or Latino,22903,VA,Western,10-05-2023
PAT005264,20-01-2007,Male,White,Not Hispanic or Latino,23223,VA,Central,10-04-2024
PAT005265,21-06-2009,Female,Multiple,Hispanic or Latino,22554,VA,Northern,13-09-2025
PAT005266,06-05-1979,Male,Black or African American,Not Hispanic or Latino,22401,VA,Northern,11-03-2025
PAT005267,08-05-1964,Female,White,Not Hispanic or Latino,23831,VA,Southern,02-02-2023
PAT005268,19-01-1962,Female,Black or African American,Not Hispanic or Latino,22405,VA,Northern,03-09-2025
PAT005269,09-02-1967,Female,White,Not Hispanic or Latino,23834,VA,Southern,13-04-2023
PAT005270,28-08-1998,Male,White,Not Hispanic or Latino,22551,VA,Northern,12-07-2023
PAT005271,15-04-1998,Female,White,Not Hispanic or Latino,23831,VA,Southern,18-07-2024
PAT005272,02-08-1987,Male,Black or African American,Hispanic or Latino,23225,VA,Central,07-02-2025
PAT005273,25-09-2005,Male,Asian,Not Hispanic or Latino,22551,VA,Northern,20-12-2024
PAT005274,14-05-1947,Male,Black or African American,Not Hispanic or Latino,23606,VA,Eastern,27-09-2023
PAT005275,13-04-2013,Female,White,Not Hispanic or Latino,22401,VA,Northern,23-01-2025
PAT005276,23-05-1965,Male,White,Not Hispanic or Latino,23220,VA,Central,29-11-2025
PAT005277,24-09-2014,Female,White,Not Hispanic or Latino,23803,VA,Southern,03-05-2023
PAT005278,16-08-1973,Female,Black or African American,Hispanic or Latino,23601,VA,Eastern,14-08-2023
PAT005279,10-09-1990,Female,Other,Not Hispanic or Latino,23602,VA,Eastern,25-03-2023
PAT005280,27-11-1993,Male,Other,Not Hispanic or Latino,23225,VA,Central,11-02-2023
PAT005281,12-04-1971,Male,Black or African American,Not Hispanic or Latino,22551,VA,Northern,27-05-2025
PAT005282,02-06-1990,Male,Native Hawaiian or Other Pacific Islander,Not Hispanic or Latino,23805,VA,Southern,22-05-2024
PAT005283,14-05-1968,Male,White,Not Hispanic or Latino,22902,VA,Western,08-03-2024
PAT005284,16-07-2025,Male,White,Not Hispanic or Latino,22551,VA,Northern,08-09-2025
PAT005285,16-07-1960,Male,White,Not Hispanic or Latino,22901,VA,Western,05-10-2023
PAT005286,06-12-2020,Male,White,Not Hispanic or Latino,23225,VA,Central,20-04-2025
PAT005287,19-08-1961,Male,Multiple,Not Hispanic or Latino,22554,VA,Northern,16-06-2023
PAT005288,25-01-1941,Male,Asian,Not Hispanic or Latino,22551,VA,Northern,06-11-2025
PAT005289,11-07-2009,Female,White,Not Hispanic or Latino,23221,VA,Central,25-10-2025
PAT005290,22-06-1963,Female,Black or African American,Not Hispanic or Latino,23220,VA,Central,04-03-2025
PAT005291,19-04-2010,Male,Multiple,Not Hispanic or Latino,23834,VA,Southern,23-02-2024
PAT005292,27-11-1951,Female,Black or African American,Not Hispanic or Latino,22902,VA,,20-11-2025
PAT005293,28-10-1938,Female,Black or African American,Not Hispanic or Latino,22551,VA,Northern,29-03-2025
PAT005294,28-12-1960,Female,White,Not Hispanic or Latino,22903,VA,Western,22-10-2024
PAT005295,28-01-1962,Male,White,Not Hispanic or Latino,23223,VA,Central,10-10-2023
PAT005296,23-02-1988,Female,Black or African American,Not Hispanic or Latino,23225,VA,Central,01-05-2023
PAT005297,28-11-1999,Male,White,Not Hispanic or Latino,23606,VA,Eastern,09-06-2023
PAT005298,24-11-1995,Female,White,Not Hispanic or Latino,22911,VA,Western,02-03-2023
PAT005299,07-07-2012,Male,Black or African American,Not Hispanic or Latino,23805,VA,Southern,06-05-2023
PAT005300,25-07-2005,Female,Black or African American,Not Hispanic or Latino,22902,VA,Western,31-01-2023
PAT005301,26-04-1983,Female,Asian,Not Hispanic or Latino,23221,VA,Central,08-11-2025
PAT005302,03-10-1977,Female,Black or African American,Unknown,23221,VA,Central,01-10-2025
PAT005303,05-09-2004,Female,Black or African American,Not Hispanic or Latino,23606,VA,Eastern,23-10-2024
PAT005304,15-04-2019,Male,Other,Not Hispanic or Latino,22901,VA,Western,26-07-2025
PAT005305,14-09-2007,Male,Asian,Not Hispanic or Latino,22554,VA,Northern,21-06-2024
PAT005306,19-07-2020,Female,White,Not Hispanic or Latino,23223,VA,Central,20-11-2023
PAT005307,23-04-1960,Male,Black or African American,Not Hispanic or Latino,23221,VA,Central,28-06-2023
PAT005308,11-04-1939,Male,White,Not Hispanic or Latino,22903,VA,Western,09-02-2023
PAT005309,12-05-2022,Female,Black or African American,Not Hispanic or Latino,23225,VA,Central,09-07-2025
PAT005310,20-07-1990,Male,White,Not Hispanic or Latino,23601,VA,Eastern,11-05-2023
PAT004375,27-06-1981,Female,White,Not Hispanic or Latino,22911,VA,Western,24-01-2024
PAT005312,09-06-2007,Female,Asian,Not Hispanic or Latino,22405,VA,Northern,10-07-2024
PAT005313,17-09-2018,Male,White,Not Hispanic or Latino,22554,VA,Northern,17-05-2024
PAT005314,23-01-1935,Male,White,Not Hispanic or Latino,23221,VA,Central,04-06-2023
PAT005315,18-12-1968,Male,White,Not Hispanic or Latino,23220,VA,Central,28-04-2025
PAT005316,28-09-1945,Male,American Indian or Alaska Native,Not Hispanic or Latino,23803,VA,Southern,02-03-2025
PAT005317,21-07-1980,Female,Asian,Unknown,23602,VA,Eastern,30-03-2024
PAT005318,21-06-2004,Female,Unknown,Not Hispanic or Latino,22901,VA,Western,30-07-2023
PAT005319,28-11-1969,Female,Multiple,Not Hispanic or Latino,22903,VA,Western,18-10-2023
PAT005320,11-02-2009,Male,White,Hispanic or Latino,22401,VA,Northern,14-02-2024
PAT005321,04-01-1968,Male,Black or African American,Not Hispanic or Latino,23834,VA,Southern,22-04-2023
PAT005322,05-10-1976,Male,White,Not Hispanic or Latino,23834,VA,Southern,03-09-2024
PAT005323,02-08-1990,Female,White,Hispanic or Latino,23601,VA,Eastern,05-03-2023
PAT005324,18-11-1991,Female,Asian,Not Hispanic or Latino,23803,VA,,26-11-2025
PAT005325,15-02-1965,Female,White,Not Hispanic or Latino,23221,VA,Central,03-04-2025
PAT005326,06-09-1988,Male,White,Not Hispanic or Latino,23225,VA,Central,23-12-2023
PAT005327,27-05-1980,Male,Multiple,Not Hispanic or Latino,22903,VA,Western,14-12-2025
PAT005328,22-01-1950,Male,White,Not Hispanic or Latino,22901,VA,Western,26-07-2025
PAT005329,17-09-1973,Female,White,Not Hispanic or Latino,22554,VA,Northern,12-01-2024
PAT005330,15-11-1940,Male,Black or African American,Not Hispanic or Latino,23831,VA,Southern,01-07-2023
PAT005331,18-07-1989,Female,White,Not Hispanic or Latino,23803,VA,Southern,16-05-2025
PAT005332,20-12-2004,Female,White,Not Hispanic or Latino,22551,VA,Northern,14-08-2023
PAT005333,13-08-1955,Female,Asian,Not Hispanic or Latino,23606,VA,Eastern,29-09-2023
PAT005334,02-09-2007,Female,White,Not Hispanic or Latino,23221,VA,Central,04-02-2023
PAT005335,04-10-1953,Female,American Indian or Alaska Native,Not Hispanic or Latino,23225,VA,Central,27-04-2023
PAT005336,07-07-2002,Female,Asian,Not Hispanic or Latino,23223,VA,Central,28-07-2024
PAT005337,11-04-1999,Female,White,Unknown,23225,VA,Central,12-01-2024
PAT005338,11-05-1965,Female,White,Not Hispanic or Latino,22551,VA,Northern,13-01-2023
PAT005339,01-03-1974,Female,White,Not Hispanic or Latino,23831,VA,Southern,20-10-2023
PAT005340,22-03-1971,Male,White,Not Hispanic or Latino,22903,VA,Western,16-03-2024
PAT005341,01-10-1947,Male,White,Not Hispanic or Latino,23185,VA,Eastern,16-11-2023
PAT005342,12-08-1953,Male,White,Not Hispanic or Latino,23221,VA,Central,19-01-2023
PAT005343,09-09-1955,Female,Asian,Not Hispanic or Latino,23834,VA,Southern,09-04-2025
PAT005344,02-12-1962,Male,Black or African American,Not Hispanic or Latino,22902,VA,Western,10-02-2025
PAT005345,05-01-2011,Female,Unknown,Not Hispanic or Latino,23602,VA,Eastern,11-05-2024
PAT005346,05-06-1995,Female,Black or African American,Not Hispanic or Latino,22554,VA,Northern,28-03-2023
PAT005347,08-06-1949,Female,Other,Not Hispanic or Latino,23606,VA,Eastern,07-06-2024
PAT005348,23-02-1967,Female,White,Hispanic or Latino,23834,VA,Southern,22-01-2025
PAT005349,22-05-1936,Female,White,Not Hispanic or Latino,23803,VA,Southern,12-05-2024
PAT005350,27-07-1962,Female,Black or African American,Not Hispanic or Latino,22554,VA,Northern,10-11-2025
PAT005351,04-03-1967,Female,White,Not Hispanic or Latino,23602,VA,Eastern,14-07-2025
PAT005352,17-04-2010,Male,White,Not Hispanic or Latino,23223,VA,Central,20-07-2024
PAT005353,14-07-1964,Female,Black or African American,Not Hispanic or Latino,22405,VA,Northern,09-02-2024
PAT005354,14-04-1988,Male,Black or African American,Not Hispanic or Latino,22901,VA,Western,19-02-2025
PAT005355,20-08-1969,Female,Other,Not Hispanic or Latino,22551,VA,Northern,04-08-2024
PAT005356,05-02-1981,Female,Black or African American,Not Hispanic or Latino,23223,VA,Central,27-09-2024
PAT005357,06-11-1992,Male,White,Not Hispanic or Latino,23221,VA,Central,14-04-2023
PAT005358,20-03-1986,Male,White,Not Hispanic or Latino,22911,VA,Western,13-01-2024
PAT005359,19-07-1973,Female,Multiple,Not Hispanic or Latino,22405,VA,Northern,23-01-2023
PAT005360,13-07-1995,Male,White,Not Hispanic or Latino,22401,VA,Northern,18-07-2025
PAT005361,07-03-2012,Female,Asian,Not Hispanic or Latino,23602,VA,Eastern,11-02-2025
PAT005362,20-10-1966,Male,Black or African American,Not Hispanic or Latino,23221,VA,Central,22-05-2024
PAT005363,25-06-1987,Male,White,Not Hispanic or Latino,22911,VA,Western,29-03-2025
PAT005364,15-09-1967,Female,Asian,Not Hispanic or Latino,23225,VA,Central,12-07-2025
PAT005365,12-03-1941,Female,White,Not Hispanic or Latino,23834,VA,Southern,26-01-2023
PAT005366,08-02-2016,Male,White,Not Hispanic or Latino,23223,VA,Central,11-12-2025
PAT005367,17-01-2002,Male,Asian,Not Hispanic or Latino,23831,VA,Southern,20-05-2024
PAT005368,07-06-2022,Female,Asian,Not Hispanic or Latino,23601,VA,Eastern,23-06-2023
PAT005369,13-03-2003,Male,White,Not Hispanic or Latino,23803,VA,Southern,02-03-2023
PAT005370,10-02-1975,Female,American Indian or Alaska Native,Not Hispanic or Latino,23223,VA,Central,12-04-2023
PAT005371,23-11-1940,Other,Black or African American,Not Hispanic or Latino,23225,VA,Central,27-03-2025
PAT005372,24-10-2021,Female,Asian,Not Hispanic or Latino,23803,VA,Southern,16-09-2024
PAT005373,28-01-2018,Male,Other,Not Hispanic or Latino,23831,VA,Southern,25-05-2023
PAT005374,04-05-1972,Female,Unknown,Not Hispanic or Latino,23803,VA,Southern,23-02-2024
PAT005375,16-10-1991,Male,White,Not Hispanic or Latino,22903,VA,Western,08-11-2023
PAT005376,27-11-1961,Male,White,Not Hispanic or Latino,23834,VA,Southern,29-09-2023
PAT005377,20-10-1959,Female,White,Not Hispanic or Latino,23225,VA,Central,01-11-2024
PAT005378,13-11-1962,Male,White,Not Hispanic or Latino,23831,VA,Southern,24-11-2023
PAT005379,23-11-1979,Female,Black or African American,Not Hispanic or Latino,23221,VA,Central,30-08-2024
PAT005380,20-06-2025,Female,White,Not Hispanic or Latino,23221,VA,Central,04-07-2025
PAT005381,08-03-2009,Male,Asian,Not Hispanic or Latino,23223,VA,Central,20-04-2024
PAT005382,16-10-2007,Female,Black or African American,Hispanic or Latino,23606,VA,Eastern,26-05-2025
PAT005383,09-10-2004,Female,Black or African American,Not Hispanic or Latino,23834,VA,Southern,14-09-2023
PAT005384,21-01-2008,Female,White,Not Hispanic or Latino,23223,VA,Central,03-04-2025
PAT005385,01-03-1982,Male,White,Not Hispanic or Latino,22401,VA,Northern,28-08-2025
PAT005386,21-04-1996,Male,Black or African American,Hispanic or Latino,22401,VA,Northern,07-07-2025
PAT005387,14-07-1966,Male,White,Not Hispanic or Latino,23220,VA,Central,13-12-2025
PAT005388,11-10-2012,Female,White,Not Hispanic or Latino,23606,VA,Eastern,10-11-2023
PAT005389,24-11-1936,Female,White,Not Hispanic or Latino,23831,VA,Southern,14-01-2023
PAT005390,26-04-1986,Male,Asian,Not Hispanic or Latino,23223,VA,Central,02-10-2025
PAT005391,23-02-2017,Female,White,Not Hispanic or Latino,23221,VA,Central,13-10-2024
PAT005392,22-02-1953,Female,White,Not Hispanic or Latino,23221,VA,Central,14-09-2025
PAT005393,11-10-1980,Female,Black or African American,Hispanic or Latino,23606,VA,Eastern,18-07-2023
PAT005394,16-01-1990,Other,Black or African American,Unknown,22551,VA,Northern,12-10-2025
PAT005395,06-11-2019,Female,Asian,Not Hispanic or Latino,23220,VA,Central,13-10-2025
PAT005396,08-01-1985,Female,American Indian or Alaska Native,Hispanic or Latino,23834,VA,Southern,26-06-2023
PAT005397,25-10-1963,Male,Other,Not Hispanic or Latino,23805,VA,Southern,03-04-2023
PAT005398,11-12-1956,Male,American Indian or Alaska Native,Not Hispanic or Latino,23185,VA,Eastern,11-02-2024
PAT005399,07-08-1982,Male,Black or African American,Not Hispanic or Latino,22405,VA,Northern,30-07-2025
PAT005400,10-04-1990,Female,Black or African American,Not Hispanic or Latino,23601,VA,Eastern,24-08-2024
PAT005401,09-05-1962,Female,White,Not Hispanic or Latino,22551,VA,Northern,09-08-2024
PAT005402,01-10-1982,Male,White,Not Hispanic or Latino,23223,VA,Central,07-10-2025
PAT005403,15-01-2012,Male,White,Not Hispanic or Latino,23225,VA,Central,21-09-2023
PAT005404,03-06-2018,Female,Black or African American,Not Hispanic or Latino,23803,VA,Southern,21-08-2025
PAT005405,03-06-1947,Female,White,Not Hispanic or Latino,23220,VA,Central,23-08-2025
PAT005406,23-01-1965,Female,Asian,Not Hispanic or Latino,22903,VA,Western,03-07-2023
PAT005407,08-12-1945,Female,American Indian or Alaska Native,Hispanic or Latino,23221,VA,Central,11-12-2024
PAT005408,12-05-2023,Female,White,Hispanic or Latino,23225,VA,Central,25-11-2023
PAT005409,20-01-1999,Male,White,Not Hispanic or Latino,23220,VA,Central,26-12-2024
PAT005410,12-01-1991,Female,Unknown,Not Hispanic or Latino,23223,VA,Central,11-06-2023
PAT005411,26-12-1937,Female,Black or African American,Not Hispanic or Latino,23220,VA,Central,19-10-2024
PAT005412,09-08-1961,Female,White,Not Hispanic or Latino,23602,VA,Eastern,14-03-2025
PAT005413,20-04-1996,Female,White,Not Hispanic or Latino,23220,VA,Central,26-03-2025
PAT005414,16-11-1975,Male,White,Not Hispanic or Latino,22911,VA,Western,06-01-2023
PAT005415,01-05-1959,Female,Unknown,Hispanic or Latino,22902,VA,Western,26-01-2023
PAT005416,10-06-2016,Male,White,Not Hispanic or Latino,23803,VA,Southern,19-07-2024
PAT005417,20-04-1975,Unknown,Black or African American,Not Hispanic or Latino,23221,VA,Central,31-12-2023
PAT005418,01-09-1958,Female,Other,Not Hispanic or Latino,23221,VA,Central,22-02-2025
PAT005419,25-03-1995,Male,White,Not Hispanic or Latino,23185,VA,Eastern,03-05-2024
PAT005420,27-06-1944,Male,White,Not Hispanic or Latino,22551,VA,Northern,24-07-2024
PAT005421,24-12-1980,Male,Other,Not Hispanic or Latino,23803,VA,Southern,29-06-2025
PAT005422,01-09-1967,Female,Black or African American,Not Hispanic or Latino,23805,VA,Southern,13-03-2025
PAT005423,20-03-1950,Male,White,Not Hispanic or Latino,22554,VA,Northern,05-07-2023
PAT005424,10-07-1961,Female,White,Not Hispanic or Latino,22911,VA,Western,28-02-2024
PAT005425,08-12-1954,Female,Asian,Not Hispanic or Latino,23602,VA,Eastern,05-05-2025
PAT005426,02-04-2003,Male,White,Hispanic or Latino,23221,VA,Central,17-08-2025
PAT005427,28-05-1951,Female,American Indian or Alaska Native,Not Hispanic or Latino,22401,VA,Northern,27-10-2025
PAT005428,25-01-2009,Female,White,Not Hispanic or Latino,23225,VA,Central,25-09-2025
PAT005429,24-09-2006,Male,Black or African American,Not Hispanic or Latino,23834,VA,Southern,29-03-2023
PAT005430,02-03-1966,Female,Black or African American,Not Hispanic or Latino,22401,VA,Northern,09-07-2023
PAT005431,27-12-1943,Female,White,Hispanic or Latino,23223,VA,,31-03-2024
PAT005432,07-02-2005,Female,Black or African American,Not Hispanic or Latino,23805,VA,Southern,09-03-2025
PAT005433,04-02-1969,Male,Black or African American,Not Hispanic or Latino,23602,VA,,18-07-2024
PAT005434,18-06-1982,Female,White,Not Hispanic or Latino,23185,VA,Eastern,03-12-2024
PAT005435,08-07-1973,Male,White,Not Hispanic or Latino,23805,VA,Southern,02-09-2023
PAT005436,21-10-2004,Female,White,Hispanic or Latino,23606,VA,Eastern,08-03-2023
PAT005437,26-08-1971,Female,White,Hispanic or Latino,23221,VA,Central,28-10-2023
PAT005438,08-06-2025,Female,White,Unknown,23606,VA,Eastern,28-11-2025
PAT005439,16-08-1975,Other,White,Not Hispanic or Latino,23602,VA,Eastern,14-01-2025
PAT005440,16-05-1999,Female,Unknown,Not Hispanic or Latino,22901,VA,Western,25-12-2025
PAT005441,25-11-1965,Female,White,Not Hispanic or Latino,23221,VA,Central,07-02-2024
PAT005442,25-08-1958,Female,White,Hispanic or Latino,22401,VA,Northern,15-08-2024
PAT005443,03-12-1969,Female,Black or African American,Not Hispanic or Latino,23223,VA,Central,14-05-2024
PAT005444,14-05-1966,Female,White,Not Hispanic or Latino,22911,VA,Western,04-03-2025
PAT005445,28-03-1947,Female,Multiple,Not Hispanic or Latino,22911,VA,Western,04-01-2024
PAT005446,23-06-2018,Female,White,Not Hispanic or Latino,23225,VA,Central,06-01-2023
PAT005447,01-04-2014,Male,White,Not Hispanic or Latino,23805,VA,Southern,26-02-2025
PAT005448,18-12-2005,Male,White,Not Hispanic or Latino,22554,VA,Northern,03-02-2023
PAT005449,16-06-1973,Male,White,Not Hispanic or Latino,23834,VA,Southern,13-01-2023
PAT005450,17-07-1987,Male,White,Not Hispanic or Latino,23225,VA,Central,10-04-2023
PAT005451,13-01-2015,Male,Black or African American,Not Hispanic or Latino,23805,VA,Southern,27-03-2023
PAT005452,08-07-1969,Male,White,Not Hispanic or Latino,23834,VA,Southern,18-01-2023
PAT005453,05-01-1970,Female,White,Not Hispanic or Latino,23803,VA,Southern,28-05-2025
PAT005454,20-01-1986,Male,Black or African American,Not Hispanic or Latino,23803,VA,Southern,23-01-2023
PAT005455,02-10-2001,Female,Asian,Unknown,22901,VA,Western,04-12-2023
PAT005456,08-12-1990,Female,White,Hispanic or Latino,23220,VA,Central,21-10-2023
PAT005457,01-03-2014,Female,White,Hispanic or Latino,23831,VA,Southern,25-11-2024
PAT005458,07-12-1973,Female,Black or African American,Not Hispanic or Latino,23225,VA,Central,29-01-2025
PAT005459,23-08-1942,Male,Black or African American,Not Hispanic or Latino,22903,VA,Western,18-04-2024
PAT005460,19-02-1977,Female,White,Not Hispanic or Latino,23805,VA,Southern,14-03-2025
PAT005461,20-01-2024,Female,White,Hispanic or Latino,22551,VA,Northern,04-03-2024
PAT005462,12-08-1973,Female,Black or African American,Not Hispanic or Latino,23834,VA,Southern,27-08-2024
PAT005463,09-06-1980,Male,White,Not Hispanic or Latino,22903,VA,Western,08-10-2023
PAT005464,10-06-1959,Male,White,Not Hispanic or Latino,23223,VA,Central,07-08-2024
PAT005465,08-06-1976,Male,Black or African American,Not Hispanic or Latino,22901,VA,Western,12-09-2023
PAT005466,21-01-1982,Female,Black or African American,Hispanic or Latino,23220,VA,Central,08-03-2025
PAT005467,12-11-1949,Male,White,Not Hispanic or Latino,22902,VA,Western,03-08-2024
PAT005468,25-05-1961,Female,Black or African American,Not Hispanic or Latino,23831,VA,Southern,26-03-2025
PAT005469,28-03-1948,Female,White,Not Hispanic or Latino,23601,VA,Eastern,29-01-2025
PAT005470,16-02-2021,Male,Other,Not Hispanic or Latino,22551,VA,Northern,18-04-2023
PAT005471,14-12-1997,Male,Black or African American,Not Hispanic or Latino,23225,VA,Central,25-01-2023
PAT005472,04-07-2018,Female,Native Hawaiian or Other Pacific Islander,Not Hispanic or Latino,23834,VA,Southern,13-10-2023
PAT005473,14-09-1986,Female,Asian,Not Hispanic or Latino,23220,VA,Central,05-07-2025
PAT005474,15-05-1990,Female,White,Not Hispanic or Latino,23805,VA,Southern,13-05-2025
PAT005475,01-07-1976,Female,White,Not Hispanic or Latino,23221,VA,Central,07-02-2024
PAT005476,12-02-1949,Male,Asian,Not Hispanic or Latino,23223,VA,Central,25-02-2023
PAT005477,07-06-1974,Female,White,Not Hispanic or Latino,22401,VA,Northern,19-05-2023
PAT005478,22-04-1993,Female,White,Not Hispanic or Latino,23220,VA,Central,16-05-2025
PAT005479,11-02-1992,Male,White,Not Hispanic or Latino,23225,VA,Central,21-04-2023
PAT005480,15-09-1949,Female,White,Hispanic or Latino,23220,VA,Central,03-02-2025
PAT005481,09-03-2003,Female,American Indian or Alaska Native,Not Hispanic or Latino,23602,VA,Eastern,03-06-2023
PAT005482,19-04-2001,Male,Unknown,Not Hispanic or Latino,23223,VA,Central,21-09-2024
PAT005483,09-10-1993,Male,Black or African American,Not Hispanic or Latino,23220,VA,Central,07-02-2025
PAT005484,24-12-2017,Male,White,Not Hispanic or Latino,23831,VA,Southern,13-03-2024
PAT005485,26-11-2004,Female,White,Not Hispanic or Latino,23831,VA,Southern,15-08-2025
PAT005486,24-06-2006,Female,White,Not Hispanic or Latino,23225,VA,,10-09-2023
PAT005487,17-11-2005,Female,White,Not Hispanic or Latino,22911,VA,Western,09-06-2025
PAT005488,13-12-1998,Male,White,Not Hispanic or Latino,23221,VA,Central,29-05-2025
PAT005489,04-07-1970,Male,Black or African American,Hispanic or Latino,23221,VA,Central,03-02-2024
PAT005490,20-12-1997,Male,White,Not Hispanic or Latino,23834,VA,Southern,24-06-2024
PAT005491,13-08-2008,Female,White,Not Hispanic or Latino,23185,VA,Eastern,05-02-2025
PAT005492,02-08-1939,Female,White,Unknown,23805,VA,Southern,12-05-2024
PAT005493,16-12-1979,Female,Asian,Not Hispanic or Latino,23606,VA,Eastern,01-07-2023
PAT005494,08-05-1982,Female,White,Unknown,23803,VA,Southern,25-07-2023
PAT005495,06-03-1942,Male,Asian,Not Hispanic or Latino,23803,VA,Southern,07-01-2025
PAT005496,08-08-1969,Male,White,Not Hispanic or Latino,23221,VA,Central,24-01-2024
PAT005497,23-12-2003,Male,White,Not Hispanic or Latino,22911,VA,Western,11-03-2024
PAT005498,05-11-1963,Male,Asian,Not Hispanic or Latino,23601,VA,Eastern,09-04-2025
PAT005499,02-05-1986,Male,Black or African American,Not Hispanic or Latino,22902,VA,Western,01-10-2023
PAT005500,25-04-1970,Male,Black or African American,Not Hispanic or Latino,23221,VA,Central,19-03-2025
PAT005501,13-08-1976,Male,White,Not Hispanic or Latino,23221,VA,Central,12-06-2024
PAT005502,16-08-2020,Female,White,Not Hispanic or Latino,22405,VA,Northern,23-11-2023
PAT005503,18-12-2000,Female,Black or African American,Not Hispanic or Latino,22554,VA,Northern,16-10-2023
PAT005504,08-03-1975,Female,White,Not Hispanic or Latino,22405,VA,Northern,14-02-2023
PAT005505,09-02-1942,Male,Black or African American,Not Hispanic or Latino,22901,VA,Western,14-05-2023
PAT005506,07-10-1969,Female,Multiple,Not Hispanic or Latino,23805,VA,Southern,25-12-2023
PAT005507,10-05-1967,Male,White,Not Hispanic or Latino,22405,VA,Northern,11-03-2024
PAT005508,22-08-1951,Male,Asian,Hispanic or Latino,22401,VA,Northern,11-12-2025
PAT005509,01-10-2021,Male,White,Not Hispanic or Latino,23834,VA,Southern,09-11-2024
PAT005510,28-06-1962,Female,Multiple,Not Hispanic or Latino,23220,VA,Central,03-11-2024
PAT005511,11-12-1999,Male,White,Not Hispanic or Latino,22902,VA,Western,07-03-2025
PAT005512,11-08-1990,Female,White,Not Hispanic or Latino,23606,VA,Eastern,23-05-2023
PAT005513,08-09-2001,Female,White,Not Hispanic or Latino,23185,VA,Eastern,02-03-2023
PAT005514,27-12-1975,Female,White,Not Hispanic or Latino,23225,VA,Central,05-08-2024
PAT005515,22-04-2000,Male,Native Hawaiian or Other Pacific Islander,Hispanic or Latino,22902,VA,Western,13-01-2024
PAT005516,21-07-1936,Female,Multiple,Not Hispanic or Latino,22405,VA,Northern,20-09-2023
PAT005517,15-08-1968,Female,White,Not Hispanic or Latino,22551,VA,Northern,23-03-2024
PAT005518,14-02-2019,Female,Black or African American,Not Hispanic or Latino,23220,VA,Central,26-03-2025
PAT005519,24-05-1984,Male,White,Not Hispanic or Latino,23225,VA,Central,27-02-2023
PAT005520,01-08-1961,Male,Multiple,Not Hispanic or Latino,23805,VA,Southern,10-01-2025
PAT005521,13-04-1975,Female,White,Not Hispanic or Latino,23220,VA,Central,17-11-2024
PAT005522,06-06-1981,Male,Asian,Not Hispanic or Latino,23223,VA,Central,05-10-2023
PAT005523,03-05-1940,Female,Unknown,Not Hispanic or Latino,23220,VA,Central,26-08-2025
PAT005524,10-12-1935,Male,White,Not Hispanic or Latino,23803,VA,Southern,28-09-2023
PAT005525,01-05-2010,Female,White,Hispanic or Latino,22551,VA,Northern,27-08-2025
PAT005526,06-09-1996,Other,Other,Not Hispanic or Latino,22911,VA,Western,17-07-2025
PAT005527,12-03-1969,Male,Black or African American,Not Hispanic or Latino,23220,VA,Central,30-05-2025
PAT005528,27-01-2002,Male,White,Not Hispanic or Latino,23803,VA,Southern,16-05-2024
PAT005529,07-07-1938,Male,White,Not Hispanic or Latino,22554,VA,Northern,06-04-2025
PAT005530,14-05-1935,Unknown,Unknown,Not Hispanic or Latino,22401,VA,Northern,02-08-2024
PAT005531,11-05-2011,Female,Unknown,Hispanic or Latino,23225,VA,Central,03-03-2024
PAT005532,07-09-1957,Male,White,Not Hispanic or Latino,23225,VA,Central,22-07-2024
PAT005533,20-05-2023,Female,Asian,Not Hispanic or Latino,22551,VA,Northern,24-06-2023
PAT005534,20-12-1966,Female,White,Hispanic or Latino,23831,VA,Southern,04-10-2024
PAT005535,20-05-1975,Female,Black or African American,Not Hispanic or Latino,23221,VA,Central,20-10-2023
PAT005536,10-07-1947,Female,Black or African American,Not Hispanic or Latino,23805,VA,Southern,19-09-2023
PAT005537,08-12-1988,Male,Black or African American,Not Hispanic or Latino,23602,VA,Eastern,19-02-2025
PAT005538,04-03-2022,Male,Black or African American,Not Hispanic or Latino,22405,VA,Northern,28-12-2025
PAT005539,03-11-1963,Male,Black or African American,Not Hispanic or Latino,23803,VA,Southern,05-11-2024
PAT005540,18-05-1941,Female,Asian,Not Hispanic or Latino,23223,VA,Central,11-04-2024
PAT005541,01-01-2017,Female,White,Not Hispanic or Latino,22901,VA,Western,09-01-2024
PAT005542,14-08-1965,Male,Other,Not Hispanic or Latino,23805,VA,Southern,09-10-2023
PAT005543,17-10-1954,Other,Black or African American,Not Hispanic or Latino,23831,VA,Southern,16-10-2025
PAT005544,27-03-1986,Female,White,Not Hispanic or Latino,23805,VA,Southern,29-11-2024
PAT005545,15-12-1995,Female,Black or African American,Not Hispanic or Latino,23225,VA,Central,12-05-2023
PAT005546,17-09-1944,Female,Black or African American,Not Hispanic or Latino,22405,VA,Northern,21-09-2023
PAT005547,17-08-1954,Female,White,Not Hispanic or Latino,23834,VA,Southern,29-04-2023
PAT005548,18-11-1997,Female,White,Not Hispanic or Latino,23831,VA,Southern,19-05-2023
PAT005549,02-09-1948,Female,Asian,Not Hispanic or Latino,23834,VA,Southern,07-06-2023
PAT005550,23-04-1937,Male,Asian,Not Hispanic or Latino,22903,VA,Western,27-01-2025
PAT005551,15-05-1995,Male,White,Not Hispanic or Latino,22554,VA,Northern,12-03-2025
PAT007822,11-11-1990,Female,White,Not Hispanic or Latino,23606,VA,Eastern,27-06-2025
PAT005553,25-10-2017,Female,White,Not Hispanic or Latino,23225,VA,Central,30-01-2024
PAT005554,01-04-2008,Female,White,Unknown,22551,VA,Northern,12-11-2023
PAT005555,26-07-1954,Female,White,Not Hispanic or Latino,23220,VA,Central,14-04-2023
PAT005556,02-09-1962,Female,White,Not Hispanic or Latino,23805,VA,Southern,04-05-2025
PAT005557,13-07-1958,Female,Black or African American,Not Hispanic or Latino,22902,VA,Western,16-01-2023
PAT005558,11-07-1957,Male,White,Not Hispanic or Latino,22903,VA,Western,14-10-2024
PAT005559,17-11-2011,Female,Black or African American,Unknown,22551,VA,Northern,22-07-2024
PAT005560,22-08-1985,Male,Multiple,Not Hispanic or Latino,23606,VA,Eastern,22-10-2024
PAT005561,16-06-2015,Female,White,Hispanic or Latino,23223,VA,Central,24-07-2023
PAT005562,16-05-2002,Female,White,Not Hispanic or Latino,23225,VA,Central,16-07-2024
PAT005563,02-01-1990,Male,White,Not Hispanic or Latino,22551,VA,Northern,08-12-2025
PAT005564,17-06-1968,Male,White,Not Hispanic or Latino,22911,VA,Western,23-12-2025
PAT005565,10-03-1977,Male,Black or African American,Not Hispanic or Latino,23803,VA,Southern,01-01-2025
PAT005566,13-07-1958,Male,Black or African American,Not Hispanic or Latino,23831,VA,Southern,06-06-2024
PAT005567,05-02-1985,Female,Asian,Not Hispanic or Latino,23221,VA,Central,09-06-2024
PAT005568,09-05-1977,Female,White,Not Hispanic or Latino,23220,VA,Central,15-11-2025
PAT005569,01-05-2010,Female,White,Not Hispanic or Latino,23221,VA,Central,18-02-2024
PAT005570,14-09-2019,Female,Black or African American,Hispanic or Latino,22911,VA,Western,04-02-2023
PAT005571,27-04-1982,Male,Black or African American,Hispanic or Latino,23831,VA,Southern,20-08-2025
PAT005572,24-01-1962,Male,Black or African American,Not Hispanic or Latino,23803,VA,Southern,15-07-2025
PAT005573,14-04-2025,Female,Native Hawaiian or Other Pacific Islander,Not Hispanic or Latino,22902,VA,Western,07-05-2025
PAT005574,10-10-1976,Female,Asian,Hispanic or Latino,23223,VA,Central,12-11-2023
PAT005575,21-09-2001,Male,White,Not Hispanic or Latino,23225,VA,Central,05-05-2023
PAT005576,26-01-1973,Male,White,Not Hispanic or Latino,23831,VA,Southern,10-04-2023
PAT005577,24-10-1943,Male,Asian,Not Hispanic or Latino,22902,VA,Western,04-03-2023
PAT005578,24-05-1981,Male,White,Not Hispanic or Latino,23803,VA,Southern,11-03-2024
PAT005579,19-11-1986,Female,White,Hispanic or Latino,22901,VA,Western,06-06-2025
PAT005580,27-02-1940,Female,White,Not Hispanic or Latino,23225,VA,Central,19-09-2025
PAT005581,16-10-1962,Male,Black or African American,Not Hispanic or Latino,22902,VA,Western,12-07-2024
PAT005582,18-03-1970,Female,Black or African American,Not Hispanic or Latino,22554,VA,Northern,13-08-2023
PAT005583,13-06-2019,Female,American Indian or Alaska Native,Not Hispanic or Latino,23223,VA,Central,14-12-2025
PAT005584,11-05-2025,Female,White,Not Hispanic or Latino,23220,VA,Central,06-09-2025
PAT005585,25-06-2001,Female,Other,Not Hispanic or Latino,23225,VA,Central,04-10-2025
PAT005586,01-09-1951,Female,White,Hispanic or Latino,22903,VA,Western,17-10-2025
PAT005587,08-11-1965,Female,White,Not Hispanic or Latino,23831,VA,Southern,08-02-2023
PAT005588,27-10-1950,Unknown,White,Not Hispanic or Latino,23220,VA,Central,15-10-2023
PAT005589,01-07-1939,Female,Multiple,Not Hispanic or Latino,23221,VA,Central,28-05-2024
PAT005590,21-03-2017,Male,White,Not Hispanic or Latino,22401,VA,Northern,22-04-2024
PAT005591,17-06-1989,Female,Multiple,Not Hispanic or Latino,23221,VA,Central,11-11-2024
PAT005592,20-05-1991,Male,Asian,Not Hispanic or Latino,23803,VA,Southern,17-08-2025
PAT005593,05-05-1954,Female,Unknown,Not Hispanic or Latino,23220,VA,Central,10-04-2024
PAT005594,24-10-2022,Male,Black or African American,Not Hispanic or Latino,23225,VA,Central,30-07-2025
PAT005595,18-05-1945,Male,Multiple,Not Hispanic or Latino,23225,VA,Central,31-07-2025
PAT005596,12-10-2014,Male,White,Not Hispanic or Latino,23220,VA,Central,24-09-2024
PAT005597,14-09-1958,Male,White,Not Hispanic or Latino,22554,VA,Northern,06-12-2025
PAT005598,07-03-1964,Male,White,Not Hispanic or Latino,22401,VA,Northern,22-10-2025
PAT005599,05-12-2009,Female,Multiple,Not Hispanic or Latino,22903,VA,Western,30-11-2025
PAT005600,17-12-2013,Female,Asian,Not Hispanic or Latino,22903,VA,Western,06-08-2023
PAT005601,06-07-1981,Male,Black or African American,Unknown,22902,VA,Western,26-03-2024
PAT005602,01-07-2002,Female,White,Not Hispanic or Latino,22554,VA,Northern,10-02-2025
PAT005603,15-03-1999,Male,Multiple,Not Hispanic or Latino,23606,VA,Eastern,11-09-2025
PAT005604,07-09-1998,Female,White,Not Hispanic or Latino,23185,VA,Eastern,27-06-2025
PAT005605,01-12-1954,Male,White,Not Hispanic or Latino,23225,VA,Central,05-04-2025
PAT005606,07-10-1973,Male,White,Hispanic or Latino,23220,VA,Central,30-01-2025
PAT005607,26-09-1958,Female,Black or African American,Not Hispanic or Latino,23220,VA,Central,17-08-2025
PAT005608,05-09-1982,Male,Asian,Unknown,22903,VA,Western,28-10-2023
PAT005609,27-07-1976,Female,Other,Not Hispanic or Latino,23831,VA,Southern,27-11-2024
PAT005610,14-05-1966,Female,Black or African American,Not Hispanic or Latino,23803,VA,Southern,10-05-2025
PAT005611,05-04-1956,Male,Black or African American,Hispanic or Latino,22911,VA,Western,23-10-2023
PAT005612,16-11-2000,Male,Asian,Not Hispanic or Latino,23220,VA,Central,11-07-2025
PAT005613,01-10-1991,Female,White,Hispanic or Latino,23805,VA,Southern,17-12-2023
PAT005614,22-08-1972,Female,Black or African American,Not Hispanic or Latino,22901,VA,Western,15-03-2023
PAT005615,11-07-1964,Male,White,Not Hispanic or Latino,22554,VA,Northern,06-07-2025
PAT005616,18-11-2024,Female,Multiple,Not Hispanic or Latino,23831,VA,Southern,14-07-2025
PAT005617,11-10-1968,Male,Black or African American,Not Hispanic or Latino,22554,VA,Northern,25-05-2023
PAT005618,14-08-1965,Female,White,Hispanic or Latino,23606,VA,Eastern,04-10-2024
PAT005619,19-04-1997,Male,White,Not Hispanic or Latino,23185,VA,Eastern,23-03-2023
PAT005620,07-12-1946,Male,White,Not Hispanic or Latino,23606,VA,Eastern,19-11-2025
PAT005621,19-06-2005,Male,White,Not Hispanic or Latino,23220,VA,Central,18-10-2024
PAT005622,02-10-1945,Female,White,Not Hispanic or Latino,23223,VA,Central,26-01-2025
PAT005623,25-10-1967,Female,White,Not Hispanic or Latino,23606,VA,Eastern,10-12-2023
PAT005624,07-09-1995,Male,White,Not Hispanic or Latino,22554,VA,Northern,14-11-2025
PAT005625,07-07-2011,Male,Other,Hispanic or Latino,23220,VA,,15-11-2023
PAT005626,16-11-1975,Male,White,Not Hispanic or Latino,22911,VA,Western,12-06-2023
PAT005627,19-04-2003,Female,Black or African American,Not Hispanic or Latino,23834,VA,Southern,11-08-2023
PAT005628,21-02-2020,Male,White,Hispanic or Latino,22901,VA,Western,14-11-2024
PAT005629,18-02-1964,Female,Asian,Unknown,22901,VA,Western,13-11-2023
PAT005630,21-10-1961,Male,White,Hispanic or Latino,23225,VA,Central,21-07-2023
PAT005631,27-03-2009,Female,Multiple,Not Hispanic or Latino,23803,VA,Southern,27-09-2025
PAT005632,13-07-1990,Male,Multiple,Not Hispanic or Latino,23185,VA,Eastern,31-08-2023
PAT005633,19-08-2006,Female,Black or African American,Not Hispanic or Latino,23221,VA,Central,25-03-2024
PAT005634,19-03-1983,Female,White,Not Hispanic or Latino,23601,VA,Eastern,04-03-2025
PAT005635,08-10-1982,Male,Asian,Not Hispanic or Latino,23221,VA,Central,16-07-2024
PAT005636,28-11-2009,Male,White,Not Hispanic or Latino,23834,VA,Southern,14-09-2024
PAT005637,02-08-1966,Female,White,Not Hispanic or Latino,23805,VA,Southern,09-10-2024
PAT005638,16-07-2006,Female,White,Not Hispanic or Latino,22903,VA,Western,31-07-2025
PAT005639,14-10-1991,Female,White,Not Hispanic or Latino,23221,VA,Central,27-01-2024
PAT005640,23-06-1997,Female,Black or African American,Not Hispanic or Latino,23834,VA,Southern,28-01-2023
PAT005641,08-08-1992,Male,Black or African American,Not Hispanic or Latino,23220,VA,Central,16-12-2023
PAT005642,07-11-1962,Female,Asian,Hispanic or Latino,22401,VA,Northern,23-10-2024
PAT005643,21-06-1985,Male,White,Not Hispanic or Latino,23220,VA,Central,13-10-2024
PAT005644,02-11-1993,Male,White,Not Hispanic or Latino,23223,VA,Central,18-09-2023
PAT005645,16-09-2005,Female,Asian,Not Hispanic or Latino,22902,VA,Western,23-11-2025
PAT005646,27-12-1999,Female,White,Not Hispanic or Latino,23223,VA,Central,23-06-2024
PAT005647,12-05-2024,Male,Multiple,Not Hispanic or Latino,23221,VA,Central,27-08-2024
PAT005648,03-05-2005,Female,White,Not Hispanic or Latino,22554,VA,,16-09-2025
PAT005649,23-11-1990,Male,White,Not Hispanic or Latino,23803,VA,Southern,09-11-2023
PAT005650,26-11-1953,Female,White,Not Hispanic or Latino,23602,VA,Eastern,11-04-2023
PAT005651,18-07-2001,Male,White,Not Hispanic or Latino,23225,VA,Central,22-08-2023
PAT005652,25-11-1950,Female,Black or African American,Not Hispanic or Latino,23225,VA,Central,29-12-2025
PAT005653,24-02-1981,Female,Asian,Not Hispanic or Latino,23220,VA,Central,15-06-2025
PAT005654,15-10-1993,Male,White,Hispanic or Latino,22901,VA,Western,19-10-2023
PAT005655,10-11-1953,Female,American Indian or Alaska Native,Unknown,22903,VA,Western,01-01-2025
PAT005656,10-09-1969,Male,White,Hispanic or Latino,22554,VA,Northern,23-04-2025
PAT005657,26-10-1945,Female,White,Hispanic or Latino,23223,VA,Central,20-02-2023
PAT005658,27-04-1976,Male,White,Not Hispanic or Latino,22551,VA,Northern,25-05-2025
PAT005659,03-01-1998,Female,White,Hispanic or Latino,23834,VA,Southern,22-03-2024
PAT005660,11-10-2003,Male,Other,Not Hispanic or Latino,22551,VA,Northern,23-03-2024
PAT005661,17-08-1936,female,White,Not Hispanic or Latino,23601,VA,Eastern,01-09-2023
PAT005662,16-10-2014,Female,White,Not Hispanic or Latino,23831,VA,Southern,16-07-2025
PAT005663,23-10-2002,Female,Asian,Not Hispanic or Latino,23221,VA,Central,18-06-2025
PAT005664,17-02-2018,Female,White,Not Hispanic or Latino,23606,VA,Eastern,02-03-2024
PAT005665,19-03-2006,Male,White,Not Hispanic or Latino,22401,VA,Northern,09-11-2024
PAT005666,23-06-2008,Male,Asian,Not Hispanic or Latino,23831,VA,Southern,02-12-2023
PAT005667,06-04-2000,Female,Unknown,Not Hispanic or Latino,23831,VA,Southern,05-07-2023
PAT005668,12-12-2013,Male,American Indian or Alaska Native,Not Hispanic or Latino,22401,VA,Northern,11-12-2024
PAT005669,09-12-1940,Male,Black or African American,Not Hispanic or Latino,23805,VA,Southern,05-06-2025
PAT005670,15-01-2013,Female,Asian,Not Hispanic or Latino,23805,VA,Southern,06-09-2024
PAT005671,28-07-1971,Male,White,Not Hispanic or Latino,23225,VA,Central,05-06-2024
PAT005672,24-03-1984,Male,White,Not Hispanic or Latino,22901,VA,Western,08-12-2024
PAT005673,19-11-1964,Female,White,Hispanic or Latino,23223,VA,Central,03-08-2024
PAT005674,21-02-1965,Male,White,Not Hispanic or Latino,22551,VA,Northern,02-07-2024
PAT005675,04-10-1937,Female,White,Not Hispanic or Latino,23225,VA,Central,11-05-2023
PAT005676,11-01-1946,Male,Asian,Not Hispanic or Latino,22401,VA,Northern,27-11-2023
PAT005677,03-03-1961,Female,Multiple,Not Hispanic or Latino,23803,VA,Southern,08-04-2025
PAT005678,27-11-2005,Female,Black or African American,Not Hispanic or Latino,23831,VA,Southern,22-07-2023
PAT005679,27-05-2000,Male,White,Not Hispanic or Latino,23223,VA,Central,09-09-2025
PAT005680,02-12-1969,Male,White,Not Hispanic or Latino,22554,VA,Northern,21-02-2024
PAT005681,10-08-2010,Female,White,Hispanic or Latino,22901,VA,Western,21-09-2023
PAT005682,13-09-2003,Female,Other,Not Hispanic or Latino,22554,VA,Northern,09-05-2024
PAT009434,26-01-2001,Male,White,Not Hispanic or Latino,22405,VA,Northern,19-05-2025
PAT005684,24-06-1940,Male,Black or African American,Not Hispanic or Latino,23220,VA,Central,26-02-2025
PAT005685,18-02-2020,Male,Black or African American,Not Hispanic or Latino,23805,VA,Southern,01-05-2025
PAT002408,15-08-1969,Female,White,Not Hispanic or Latino,23220,VA,Central,12-02-2025
PAT005687,14-07-2012,Male,Black or African American,Unknown,23220,VA,Central,04-01-2023
PAT005688,24-06-1988,Male,Black or African American,Not Hispanic or Latino,22551,VA,Northern,07-05-2024
PAT005689,26-03-1986,Female,White,Not Hispanic or Latino,22401,VA,Northern,03-10-2023
PAT005690,22-03-2021,Male,Multiple,Not Hispanic or Latino,23221,VA,Central,04-07-2024
PAT005691,18-10-1966,Female,Other,Not Hispanic or Latino,23803,VA,Southern,29-05-2023
PAT005692,15-12-2019,Male,Black or African American,Not Hispanic or Latino,22551,VA,Northern,28-03-2024
PAT005693,16-07-1961,Female,White,Not Hispanic or Latino,23223,VA,Central,03-02-2023
PAT005694,28-08-1974,Female,Unknown,Not Hispanic or Latino,23225,VA,Central,28-05-2023
PAT005695,21-03-2015,Female,Black or African American,Not Hispanic or Latino,23223,VA,Central,19-07-2024
PAT005696,09-02-1948,Male,White,Hispanic or Latino,22903,VA,Western,25-02-2023
PAT005697,07-03-1981,Female,Black or African American,Hispanic or Latino,23805,VA,Southern,18-12-2024
PAT005698,10-08-2023,Female,White,Not Hispanic or Latino,22551,VA,Northern,13-08-2024
PAT005699,05-05-1994,Male,White,Unknown,22551,VA,Northern,18-04-2023
PAT005700,13-09-1974,Male,White,Not Hispanic or Latino,23601,VA,Eastern,29-09-2025
PAT005701,13-03-1978,Female,Asian,Not Hispanic or Latino,23221,VA,Central,17-05-2023
PAT005702,21-12-1996,Male,Other,Not Hispanic or Latino,22551,VA,Northern,16-11-2024
PAT005703,25-10-1949,Female,White,Not Hispanic or Latino,23221,VA,Central,10-01-2024
PAT005704,15-11-1945,Male,Black or African American,Not Hispanic or Latino,22911,VA,Western,22-06-2024
PAT005705,20-05-2023,Male,Black or African American,Not Hispanic or Latino,23185,VA,Eastern,15-06-2023
PAT005706,11-09-1972,Female,White,Not Hispanic or Latino,22401,VA,Northern,02-01-2024
PAT005707,11-06-1937,Male,White,Not Hispanic or Latino,22401,VA,Northern,02-03-2024
PAT005708,22-05-1999,Female,White,Not Hispanic or Latino,22554,VA,Northern,28-03-2025
PAT005709,06-03-1992,Female,White,Not Hispanic or Latino,22902,VA,Western,02-01-2023
PAT005710,25-08-2016,Male,White,Not Hispanic or Latino,22405,VA,Northern,23-04-2024
PAT005711,12-05-1974,Male,White,Not Hispanic or Latino,23223,VA,Central,13-02-2025
PAT005712,23-12-1979,Female,Unknown,Hispanic or Latino,22401,VA,Northern,04-02-2025
PAT005713,10-08-1980,Female,Multiple,Not Hispanic or Latino,22405,VA,Northern,01-11-2023
PAT005714,04-02-1996,Male,White,Not Hispanic or Latino,23223,VA,Central,26-07-2025
PAT005715,15-09-1967,Female,White,Not Hispanic or Latino,23223,VA,Central,13-03-2024
PAT005716,28-03-2023,Male,White,Not Hispanic or Latino,23803,VA,Southern,18-01-2024
PAT005717,11-10-1975,Male,Native Hawaiian or Other Pacific Islander,Not Hispanic or Latino,23831,VA,Southern,14-05-2024
PAT005718,21-08-1983,Male,Black or African American,Not Hispanic or Latino,23225,VA,Central,20-05-2025
PAT005719,07-09-1974,Male,Black or African American,Hispanic or Latino,23803,VA,Southern,18-12-2025
PAT005720,17-06-1963,Male,White,Not Hispanic or Latino,22401,VA,Northern,03-05-2023
PAT005721,23-12-1989,Female,Multiple,Hispanic or Latino,22911,VA,Western,13-05-2024
PAT005722,07-05-2005,Male,Black or African American,Unknown,23220,VA,Central,26-10-2024
PAT005723,09-02-1989,Female,White,Unknown,23805,VA,Southern,06-06-2025
PAT005724,14-09-1945,Male,White,Not Hispanic or Latino,22405,VA,Northern,01-08-2023
PAT005725,16-01-1963,Male,White,Not Hispanic or Latino,23185,VA,Eastern,23-07-2025
PAT005726,20-01-2022,Female,Black or African American,Not Hispanic or Latino,23225,VA,Central,10-12-2025
PAT005727,10-07-1985,Female,White,Not Hispanic or Latino,22405,VA,Northern,08-11-2024
PAT005728,14-01-2011,Female,White,Not Hispanic or Latino,22901,VA,Western,20-10-2023
PAT005729,27-07-1977,Male,Black or African American,Not Hispanic or Latino,23221,VA,Central,15-05-2024
PAT005730,03-12-1961,Female,Native Hawaiian or Other Pacific Islander,Not Hispanic or Latino,22903,VA,Western,23-06-2024
PAT005731,24-12-1955,Female,American Indian or Alaska Native,Not Hispanic or Latino,23221,VA,Central,26-01-2023
PAT005732,02-01-1995,Male,Other,Not Hispanic or Latino,23601,VA,Eastern,04-02-2024
PAT005733,17-03-2006,Male,White,Not Hispanic or Latino,22911,VA,,17-11-2024
PAT005734,11-12-1965,Male,White,Not Hispanic or Latino,23220,VA,Central,30-10-2024
PAT005735,10-03-1956,Male,Black or African American,Not Hispanic or Latino,22401,VA,Northern,16-07-2023
PAT005736,01-03-1998,Female,White,Not Hispanic or Latino,23225,VA,Central,17-04-2025
PAT005737,04-01-1945,Male,Black or African American,Not Hispanic or Latino,23223,VA,Central,04-06-2023
PAT005738,24-06-2017,Female,White,Not Hispanic or Latino,23805,VA,,09-02-2023
PAT005739,14-07-2004,Male,White,Not Hispanic or Latino,22405,VA,Northern,26-02-2024
PAT005740,05-09-1937,Female,Asian,Hispanic or Latino,23805,VA,Southern,05-10-2023
PAT005741,02-05-2003,Male,Black or African American,Not Hispanic or Latino,22401,VA,Northern,16-10-2024
PAT005742,05-10-1972,Male,American Indian or Alaska Native,Hispanic or Latino,23221,VA,Central,27-12-2023
PAT005743,13-06-1975,Female,Black or African American,Not Hispanic or Latino,22902,VA,Western,26-02-2023
PAT005744,24-11-1974,Female,Asian,Not Hispanic or Latino,23220,VA,Central,04-06-2023
PAT005745,09-04-1974,Female,White,Not Hispanic or Latino,23223,VA,Central,04-03-2024
PAT005746,04-10-2000,Female,White,Not Hispanic or Latino,23221,VA,Central,11-04-2024
PAT005747,12-03-1980,Male,White,Not Hispanic or Latino,22405,VA,Northern,24-11-2025
PAT005748,26-02-1995,Male,White,Not Hispanic or Latino,23221,VA,Central,21-11-2023
PAT005749,20-12-1987,Female,Black or African American,Not Hispanic or Latino,23223,VA,Central,18-11-2024
PAT005750,10-11-1947,Male,Unknown,Not Hispanic or Latino,22903,VA,Western,16-09-2023
PAT005751,06-05-1972,Male,Unknown,Hispanic or Latino,23606,VA,Eastern,03-09-2024
PAT005752,20-05-1936,Male,White,Not Hispanic or Latino,23834,VA,Southern,26-05-2025
PAT005753,06-01-1935,Female,White,Not Hispanic or Latino,22903,VA,Western,14-11-2025
PAT005754,07-07-1994,Male,White,Not Hispanic or Latino,23223,VA,Central,23-12-2023
PAT005755,24-01-1937,Unknown,White,Not Hispanic or Latino,23223,VA,Central,21-05-2024
PAT005756,21-08-1984,Male,Black or African American,Not Hispanic or Latino,22911,VA,Western,11-05-2024
PAT005757,19-11-1999,Female,Asian,Not Hispanic or Latino,22554,VA,Northern,30-12-2023
PAT005758,27-08-1966,Female,White,Not Hispanic or Latino,22902,VA,Western,30-12-2024
PAT005759,11-02-2013,Male,Black or African American,Hispanic or Latino,23805,VA,Southern,24-02-2025
PAT005760,27-06-2013,Female,Asian,Hispanic or Latino,23223,VA,Central,16-05-2023
PAT005761,25-08-1971,Male,Black or African American,Not Hispanic or Latino,23225,VA,Central,19-11-2023
PAT005762,28-04-1996,Male,White,Not Hispanic or Latino,23803,VA,Southern,03-05-2025
PAT005763,04-05-1969,Male,White,Not Hispanic or Latino,22554,VA,Northern,26-08-2025
PAT005764,08-06-1963,Female,White,Not Hispanic or Latino,23221,VA,Central,08-04-2025
PAT005765,12-12-1942,M,White,Not Hispanic or Latino,23805,VA,Southern,13-08-2024
PAT005766,25-08-1976,Female,Black or African American,Not Hispanic or Latino,22554,VA,Northern,17-03-2025
PAT005767,11-12-2012,Male,White,Not Hispanic or Latino,22902,VA,Western,23-11-2024
PAT005768,19-09-1987,Female,Asian,Not Hispanic or Latino,23225,VA,Central,18-09-2023
PAT005769,25-11-1978,Male,Unknown,Not Hispanic or Latino,23223,VA,Central,26-05-2024
PAT005770,07-05-2003,Female,White,Not Hispanic or Latino,23606,VA,Eastern,08-10-2025
PAT005771,05-10-1961,Female,Black or African American,Not Hispanic or Latino,23602,VA,Eastern,31-07-2023
PAT005772,03-08-1950,Male,White,Hispanic or Latino,23601,VA,Eastern,26-07-2025
PAT005773,24-04-2012,Female,White,Not Hispanic or Latino,22405,VA,Northern,25-10-2024
PAT005774,22-04-1999,Male,White,Not Hispanic or Latino,23831,VA,Southern,21-04-2025
PAT005775,24-09-1997,Female,White,Not Hispanic or Latino,23225,VA,Central,19-05-2024
PAT005776,01-10-1939,Female,Black or African American,Not Hispanic or Latino,23225,VA,Central,27-07-2023
PAT005777,18-12-1984,Male,White,Not Hispanic or Latino,22405,VA,Northern,29-08-2024
PAT005778,21-10-1992,Female,Multiple,Not Hispanic or Latino,23601,VA,Eastern,08-06-2023
PAT005779,12-02-1969,Other,White,Not Hispanic or Latino,23221,VA,Central,21-10-2025
PAT005780,13-02-1989,Male,White,Not Hispanic or Latino,23805,VA,Southern,03-08-2025
PAT005781,08-01-2005,Male,White,Not Hispanic or Latino,22401,VA,Northern,15-10-2025
PAT005782,05-08-2001,Male,White,Not Hispanic or Latino,23225,VA,Central,01-05-2023
PAT005783,06-12-2010,Male,White,Not Hispanic or Latino,22901,VA,Western,15-07-2023
PAT005784,20-09-1971,Female,White,Not Hispanic or Latino,22551,VA,Northern,14-09-2025
PAT005785,01-12-1943,M,White,Not Hispanic or Latino,23221,VA,Central,02-03-2025
PAT005786,07-10-2017,Female,White,Not Hispanic or Latino,23185,VA,Eastern,27-09-2023
PAT005787,13-05-2022,Male,White,Not Hispanic or Latino,23221,VA,Central,01-09-2024
PAT005788,13-08-1978,Female,Black or African American,Not Hispanic or Latino,23601,VA,Eastern,24-10-2024
PAT005789,24-03-1999,Female,White,Not Hispanic or Latino,23221,VA,Central,06-03-2025
PAT005790,25-06-2016,Female,White,Not Hispanic or Latino,22551,VA,Northern,25-02-2024
PAT005791,04-10-2001,Female,Multiple,Not Hispanic or Latino,23225,VA,Central,12-10-2023
PAT005792,07-01-1998,Male,White,Not Hispanic or Latino,23606,VA,Eastern,21-06-2024
PAT005793,03-11-1982,Male,White,Not Hispanic or Latino,22401,VA,Northern,07-01-2024
PAT005794,13-12-1994,Male,White,Not Hispanic or Latino,22903,VA,Western,31-07-2025
PAT005795,14-10-1974,Female,American Indian or Alaska Native,Not Hispanic or Latino,23606,VA,Eastern,22-02-2023
PAT005796,18-11-1984,Female,White,Not Hispanic or Latino,22405,VA,Northern,23-03-2024
PAT005797,20-04-1970,Male,Black or African American,Not Hispanic or Latino,23220,VA,Central,09-03-2023
PAT005798,04-07-2004,Male,White,Not Hispanic or Latino,23601,VA,Eastern,17-12-2024
PAT005799,13-02-2007,Female,Multiple,Not Hispanic or Latino,23805,VA,Southern,11-07-2024
PAT005800,07-02-2024,Female,White,Not Hispanic or Latino,22405,VA,,01-10-2024
PAT005801,07-05-1952,Male,White,Not Hispanic or Latino,23606,VA,Eastern,08-05-2025
PAT005802,22-08-1962,Female,Asian,Not Hispanic or Latino,23221,VA,Central,14-07-2024
PAT005803,10-02-2008,Other,Other,Not Hispanic or Latino,23803,VA,Southern,27-06-2024
PAT005804,02-12-1974,Female,Asian,Hispanic or Latino,22901,VA,Western,08-06-2025
PAT005805,07-10-1983,Male,White,Not Hispanic or Latino,23803,VA,Southern,01-06-2023
PAT005806,03-09-1971,Female,Black or African American,Not Hispanic or Latino,22901,VA,Western,31-03-2025
PAT005807,19-05-2025,Female,White,Not Hispanic or Latino,23220,VA,Central,02-12-2025
PAT005808,28-01-1960,Male,White,Not Hispanic or Latino,23223,VA,Central,27-11-2023
PAT005809,17-03-1959,Female,Black or African American,Not Hispanic or Latino,23225,VA,Central,04-05-2025
PAT005810,18-07-2022,Male,White,Not Hispanic or Latino,22401,VA,Northern,29-05-2023
PAT005811,10-04-2006,Male,Black or African American,Not Hispanic or Latino,22902,VA,Western,07-09-2023
PAT005812,17-05-2001,Female,Black or African American,Not Hispanic or Latino,23223,VA,Central,11-09-2024
PAT005813,05-05-2008,Female,Multiple,Not Hispanic or Latino,23803,VA,Southern,05-03-2024
PAT005814,03-04-2015,Male,White,Not Hispanic or Latino,23225,VA,Central,06-05-2023
PAT005815,22-10-1992,Female,Other,Not Hispanic or Latino,23803,VA,Southern,21-09-2025
PAT005816,07-02-1942,Male,White,Not Hispanic or Latino,22551,VA,Northern,01-05-2023
PAT005817,26-06-1989,Male,Black or African American,Not Hispanic or Latino,23225,VA,Central,22-07-2023
PAT005818,03-12-1977,Male,Other,Unknown,23606,VA,Eastern,26-08-2023
PAT005819,26-03-1954,Male,Asian,Not Hispanic or Latino,23185,VA,Eastern,25-09-2024
PAT005820,10-03-2007,Female,White,Not Hispanic or Latino,23606,VA,Eastern,09-01-2023
PAT005821,18-09-1973,Female,Black or African American,Not Hispanic or Latino,23803,VA,Southern,15-08-2024
PAT005822,05-02-2023,Female,Black or African American,Not Hispanic or Latino,22551,VA,Northern,09-10-2024
PAT005823,16-03-1985,Male,White,Not Hispanic or Latino,23185,VA,Eastern,12-03-2024
PAT005824,28-08-1984,Female,White,Hispanic or Latino,23831,VA,Southern,02-10-2025
PAT005825,28-05-1948,Female,White,Hispanic or Latino,22911,VA,Western,20-01-2024
PAT005826,08-02-1966,Female,White,Not Hispanic or Latino,23185,VA,,18-03-2023
PAT005827,10-08-1940,Male,Black or African American,Not Hispanic or Latino,23803,VA,Southern,15-02-2025
PAT005828,10-10-1989,Female,Unknown,Not Hispanic or Latino,23805,VA,Southern,25-05-2024
PAT005829,04-03-1965,Female,White,Not Hispanic or Latino,23602,VA,Eastern,04-08-2024
PAT005830,23-02-2024,Female,Asian,Not Hispanic or Latino,22902,VA,Western,17-05-2024
PAT005831,07-06-1976,Male,White,Not Hispanic or Latino,22903,VA,Western,16-04-2023
PAT005832,22-10-1984,Male,White,Not Hispanic or Latino,23834,VA,Southern,15-01-2024
PAT005833,14-02-1969,Female,Black or African American,Not Hispanic or Latino,22554,VA,Northern,06-12-2024
PAT005834,11-03-1950,Female,White,Not Hispanic or Latino,23601,VA,Eastern,14-10-2025
PAT005835,01-02-2016,Female,Black or African American,Not Hispanic or Latino,23805,VA,Southern,14-01-2025
PAT005836,24-08-2016,Male,White,Not Hispanic or Latino,23185,VA,Eastern,13-08-2025
PAT005837,23-10-2008,male,White,Not Hispanic or Latino,22554,VA,Northern,02-12-2025
PAT005838,14-06-1967,Male,White,Not Hispanic or Latino,23225,VA,Central,01-08-2024
PAT005839,20-10-1944,Male,White,Not Hispanic or Latino,23805,VA,Southern,30-04-2023
PAT005840,04-06-1975,Male,White,Not Hispanic or Latino,23223,VA,Central,05-06-2025
PAT005841,22-06-1968,Female,White,Not Hispanic or Latino,23225,VA,Central,02-03-2024
PAT005842,25-06-1949,Female,White,Not Hispanic or Latino,23831,VA,Southern,26-10-2023
PAT005843,21-08-2002,Male,Black or African American,Not Hispanic or Latino,23220,VA,Central,22-07-2025
PAT005844,13-07-2021,Female,White,Not Hispanic or Latino,23805,VA,Southern,10-01-2025
PAT005845,01-06-1995,Female,White,Not Hispanic or Latino,23831,VA,Southern,22-02-2025
PAT005846,01-08-1960,Female,White,Hispanic or Latino,23220,VA,Central,19-06-2023
PAT005847,09-11-1951,Female,White,Not Hispanic or Latino,23220,VA,Central,31-03-2024
PAT005848,17-07-1960,Male,Black or African American,Not Hispanic or Latino,23225,VA,Central,04-01-2024
PAT005849,26-01-1999,Male,White,Not Hispanic or Latino,23225,VA,Central,30-07-2023
PAT005850,01-01-1976,Female,Black or African American,Not Hispanic or Latino,22551,VA,Northern,17-04-2025
PAT005851,02-10-1967,Male,White,Not Hispanic or Latino,23223,VA,Central,25-07-2023
PAT005852,18-03-2010,Male,White,Not Hispanic or Latino,23805,VA,Southern,16-01-2023
PAT005853,06-07-1983,Female,White,Not Hispanic or Latino,22902,VA,Western,24-10-2025
PAT005854,04-02-1979,Female,White,Not Hispanic or Latino,23223,VA,Central,27-11-2023
PAT005855,05-04-1956,Male,White,Not Hispanic or Latino,22405,VA,Northern,06-01-2024
PAT005856,05-09-1955,Male,Black or African American,Not Hispanic or Latino,23223,VA,Central,27-01-2023
PAT005857,16-05-1967,Male,Black or African American,Not Hispanic or Latino,22554,VA,Northern,15-11-2023
PAT005858,12-04-1944,Female,Black or African American,Not Hispanic or Latino,23223,VA,Central,07-03-2023
PAT005859,03-05-1960,Male,Asian,Not Hispanic or Latino,22901,VA,Western,02-07-2024
PAT005860,26-10-1946,Female,Black or African American,Not Hispanic or Latino,23220,VA,Central,12-04-2024
PAT005861,23-02-2014,Male,Black or African American,Not Hispanic or Latino,22401,VA,Northern,19-05-2024
PAT005862,01-11-2014,Male,White,Not Hispanic or Latino,23223,VA,Central,02-02-2024
PAT005863,05-08-1985,Male,Other,Not Hispanic or Latino,23221,VA,Central,22-12-2025
PAT005864,26-01-2003,Female,White,Not Hispanic or Latino,22551,VA,,15-08-2024
PAT005865,23-11-1989,Other,Black or African American,Not Hispanic or Latino,22903,VA,Western,29-09-2025
PAT005866,20-01-1943,Female,White,Not Hispanic or Latino,22551,VA,Northern,09-12-2025
PAT005867,05-01-1953,Male,White,Not Hispanic or Latino,22401,VA,Northern,30-05-2023
PAT005868,04-05-1975,Female,Black or African American,Not Hispanic or Latino,23831,VA,Southern,05-11-2024
PAT005869,03-05-1972,Male,White,Hispanic or Latino,23831,VA,Southern,16-09-2023
PAT005870,25-09-1978,Male,Black or African American,Not Hispanic or Latino,23220,VA,Central,21-06-2024
PAT005871,18-08-1998,Female,Asian,Not Hispanic or Latino,23834,VA,Southern,19-07-2025
PAT005872,21-12-1986,Female,White,Not Hispanic or Latino,22405,VA,Northern,16-03-2023
PAT005873,21-02-1988,Female,White,Not Hispanic or Latino,23221,VA,Central,16-02-2023
PAT005874,25-04-1984,Female,White,Not Hispanic or Latino,22903,VA,Western,16-10-2025
PAT005875,23-11-1943,Female,Asian,Unknown,23803,VA,Southern,10-04-2024
PAT005876,19-09-1946,Male,Black or African American,Hispanic or Latino,23185,VA,Eastern,26-10-2023
PAT005877,27-04-1957,Male,Black or African American,Not Hispanic or Latino,22911,VA,Western,28-05-2024
PAT005878,13-12-2018,Female,White,Not Hispanic or Latino,23220,VA,Central,15-10-2024
PAT005879,11-09-2015,Male,White,Not Hispanic or Latino,23223,VA,Central,06-10-2025
PAT005880,19-06-1935,Unknown,Asian,Not Hispanic or Latino,23831,VA,Southern,12-02-2023
PAT005881,06-05-2008,Male,Multiple,Hispanic or Latino,22901,VA,Western,08-05-2025
PAT005882,21-10-2012,Male,White,Not Hispanic or Latino,22401,VA,Northern,02-09-2024
PAT005883,17-03-2014,Female,Other,Not Hispanic or Latino,23225,VA,Central,31-01-2023
PAT005884,24-02-2013,Female,Black or African American,Not Hispanic or Latino,22401,VA,Northern,06-03-2025
PAT005885,15-07-2015,Male,Black or African American,Not Hispanic or Latino,22902,VA,Western,23-04-2024
PAT005886,12-05-1983,Female,White,Not Hispanic or Latino,23834,VA,Southern,30-03-2023
PAT005887,11-07-1974,Male,White,Not Hispanic or Latino,23601,VA,Eastern,28-06-2025
PAT005888,08-02-1994,Female,White,Not Hispanic or Latino,23834,VA,Southern,22-05-2023
PAT005889,18-10-2016,Female,White,Not Hispanic or Latino,22401,VA,Northern,14-10-2023
PAT005890,21-04-1985,Female,White,Not Hispanic or Latino,23220,VA,Central,14-11-2025
PAT005891,16-04-1999,Female,White,Unknown,23834,VA,Southern,26-11-2023
PAT005892,09-05-1995,Female,White,Not Hispanic or Latino,22554,VA,Northern,30-07-2025
PAT005893,28-08-1936,Female,Black or African American,Not Hispanic or Latino,23805,VA,Southern,23-10-2024
PAT005894,18-01-1963,Male,White,Not Hispanic or Latino,22903,VA,Western,13-01-2024
PAT005895,05-12-1972,Female,White,Not Hispanic or Latino,23602,VA,Eastern,23-12-2023
PAT005896,17-05-2001,Female,White,Not Hispanic or Latino,23803,VA,Southern,07-03-2023
PAT005897,15-02-1971,Male,Black or African American,Not Hispanic or Latino,22902,VA,Western,22-09-2024
PAT005898,11-12-1989,Male,Black or African American,Not Hispanic or Latino,23602,VA,Eastern,20-05-2024
PAT005899,04-10-2013,Male,Multiple,Not Hispanic or Latino,22554,VA,Northern,30-12-2025
PAT005900,15-06-2015,Male,White,Not Hispanic or Latino,23223,VA,Central,28-02-2023
PAT005901,27-03-1948,Male,Black or African American,Not Hispanic or Latino,23834,VA,Southern,14-02-2025
PAT005902,09-03-1990,Female,Asian,Not Hispanic or Latino,23221,VA,Central,25-01-2025
PAT005903,08-01-2011,Female,Black or African American,Not Hispanic or Latino,22405,VA,Northern,29-03-2024
PAT005904,26-10-2021,Male,White,Not Hispanic or Latino,23602,VA,Eastern,19-08-2024
PAT005905,08-03-1970,Male,Black or African American,Not Hispanic or Latino,23803,VA,Southern,21-10-2024
PAT005906,26-09-1965,Female,White,Not Hispanic or Latino,23805,VA,Southern,11-12-2025
PAT005907,02-04-1995,Female,White,Hispanic or Latino,23602,VA,Eastern,11-02-2023
PAT005908,14-10-2003,Male,White,Not Hispanic or Latino,23834,VA,Southern,12-01-2024
PAT005909,20-12-1976,Male,Other,Not Hispanic or Latino,23803,VA,Southern,25-06-2025
PAT005910,16-02-1955,Female,Other,Not Hispanic or Latino,22903,VA,Western,18-11-2023
PAT005911,01-03-2003,Female,Asian,Not Hispanic or Latino,22903,VA,Western,28-06-2023
PAT005912,18-08-1947,Female,White,Not Hispanic or Latino,23221,VA,Central,02-09-2023
PAT005913,08-11-2014,Male,White,Not Hispanic or Latino,22902,VA,Western,11-04-2025
PAT005914,07-10-1995,Male,Black or African American,Not Hispanic or Latino,23225,VA,Central,11-01-2023
PAT005915,05-04-1995,Male,White,Hispanic or Latino,23831,VA,Southern,09-03-2023
PAT005916,27-02-1954,Female,White,Not Hispanic or Latino,22405,VA,Northern,18-11-2023
PAT005917,10-01-1982,Female,Multiple,Hispanic or Latino,22903,VA,Western,16-01-2023
PAT005918,02-03-1955,Male,White,Not Hispanic or Latino,23834,VA,Southern,15-07-2023
PAT005919,19-02-2024,Male,Multiple,Hispanic or Latino,22405,VA,Northern,08-12-2025
PAT005920,12-04-1972,Female,White,Not Hispanic or Latino,23601,VA,Eastern,29-09-2025
PAT005921,03-08-1966,Other,White,Not Hispanic or Latino,22401,VA,Northern,05-01-2023
PAT005922,01-11-1959,Male,White,Not Hispanic or Latino,23221,VA,Central,30-11-2024
PAT005923,13-02-1984,Male,White,Not Hispanic or Latino,23601,VA,Eastern,13-01-2024
PAT005924,23-07-2015,Female,Black or African American,Not Hispanic or Latino,23223,VA,Central,05-10-2025
PAT005925,24-09-1958,Male,White,Not Hispanic or Latino,22554,VA,Northern,25-12-2024
PAT005926,24-01-1998,Female,Multiple,Not Hispanic or Latino,22551,VA,Northern,20-10-2023
PAT005927,10-01-1953,Female,Asian,Not Hispanic or Latino,23223,VA,Central,20-03-2024
PAT005928,08-12-1956,Female,Other,Not Hispanic or Latino,22901,VA,Western,27-02-2025
PAT005929,26-08-1993,Male,Black or African American,Not Hispanic or Latino,23803,VA,Southern,06-08-2024
PAT005930,10-07-1985,Male,White,Not Hispanic or Latino,23834,VA,Southern,12-08-2024
PAT005931,01-08-2000,Male,Other,Hispanic or Latino,23803,VA,Southern,28-08-2024
PAT005932,22-04-2014,Male,Black or African American,Not Hispanic or Latino,22401,VA,Northern,14-06-2023
PAT005933,16-08-1939,Female,Multiple,Not Hispanic or Latino,22551,VA,Northern,11-05-2025
PAT005934,11-07-1979,Female,Black or African American,Hispanic or Latino,23220,VA,Central,06-12-2024
PAT005935,16-11-2002,Male,White,Not Hispanic or Latino,23225,VA,Central,18-05-2023
PAT005936,26-01-1973,Female,White,Not Hispanic or Latino,23221,VA,Central,27-06-2023
PAT005937,21-12-1977,Female,White,Not Hispanic or Latino,22554,VA,Northern,03-09-2025
PAT005938,14-01-1967,Male,Asian,Not Hispanic or Latino,23220,VA,Central,03-05-2023
PAT005939,08-03-1988,Male,White,Not Hispanic or Latino,23220,VA,Central,22-08-2023
PAT005940,21-08-1995,Female,Multiple,Not Hispanic or Latino,22551,VA,Northern,19-02-2023
PAT005941,27-11-1948,Male,White,Not Hispanic or Latino,22551,VA,Northern,25-05-2025
PAT005942,08-06-2001,Female,White,Not Hispanic or Latino,22405,VA,Northern,06-11-2023
PAT005943,16-11-1954,Female,Black or African American,Not Hispanic or Latino,23803,VA,Southern,29-12-2024
PAT005944,28-02-2003,Female,Asian,Not Hispanic or Latino,23601,VA,Eastern,14-02-2025
PAT005945,17-11-1977,Male,Black or African American,Not Hispanic or Latino,22903,VA,Western,15-11-2025
PAT005946,08-07-1996,Female,Black or African American,Not Hispanic or Latino,23225,VA,Central,21-06-2023
PAT005947,28-05-1989,Female,Black or African American,Not Hispanic or Latino,22405,VA,Northern,30-09-2024
PAT005948,02-01-1954,Female,Black or African American,Not Hispanic or Latino,22401,VA,Northern,16-05-2024
PAT005949,25-06-1946,Female,White,Hispanic or Latino,22405,VA,Northern,01-11-2023
PAT005950,23-04-1977,Female,Native Hawaiian or Other Pacific Islander,Not Hispanic or Latino,23220,VA,Central,29-02-2024
PAT005951,14-05-1973,Female,White,Not Hispanic or Latino,23223,VA,Central,25-10-2025
PAT005952,20-07-2013,Male,Asian,Not Hispanic or Latino,23805,VA,Southern,17-09-2023
PAT005953,23-09-1968,Male,White,Not Hispanic or Latino,22554,VA,Northern,31-07-2023
PAT005954,18-11-1945,Female,White,Hispanic or Latino,23805,VA,Southern,14-10-2025
PAT005955,19-06-1969,Female,White,Not Hispanic or Latino,22401,VA,Northern,29-11-2024
PAT005956,05-09-1954,Male,White,Not Hispanic or Latino,23220,VA,Central,13-07-2023
PAT005957,22-05-1974,Male,White,Not Hispanic or Latino,23220,VA,Central,05-03-2025
PAT005958,23-03-2014,Male,Multiple,Not Hispanic or Latino,22911,VA,Western,15-03-2025
PAT005959,14-03-1951,Female,White,Not Hispanic or Latino,22551,VA,Northern,27-03-2024
PAT005960,26-02-1949,Female,Black or African American,Not Hispanic or Latino,23805,VA,Southern,26-09-2025
PAT005961,11-05-1988,Male,Unknown,Not Hispanic or Latino,23223,VA,Central,27-03-2024
PAT005962,16-04-1963,Female,Multiple,Not Hispanic or Latino,23223,VA,Central,14-03-2025
PAT005963,20-07-2015,Male,White,Not Hispanic or Latino,23225,VA,Central,21-04-2025
PAT005964,15-09-1999,Female,White,Hispanic or Latino,23831,VA,Southern,22-05-2025
PAT005965,09-03-2020,Female,Asian,Not Hispanic or Latino,23223,VA,Central,22-01-2025
PAT005966,10-01-2004,Female,White,Not Hispanic or Latino,23225,VA,Central,10-10-2023
PAT005967,14-01-1970,Female,Unknown,Not Hispanic or Latino,23221,VA,Central,07-05-2025
PAT005968,18-07-1970,Female,Other,Not Hispanic or Latino,22903,VA,Western,13-08-2023
PAT005969,02-11-1956,Female,Black or African American,Not Hispanic or Latino,23834,VA,Southern,16-09-2023
PAT005970,14-08-1936,Female,Black or African American,Not Hispanic or Latino,23225,VA,Central,03-01-2024
PAT005971,11-12-2018,Male,White,Not Hispanic or Latino,22401,VA,Northern,21-06-2025
PAT005972,09-04-1942,Male,Native Hawaiian or Other Pacific Islander,Hispanic or Latino,23831,VA,Southern,11-10-2023
PAT005973,19-03-1974,Female,Black or African American,Not Hispanic or Latino,22401,VA,Northern,08-09-2024
PAT005974,12-11-1994,Male,Black or African American,Not Hispanic or Latino,23185,VA,Eastern,17-01-2024
PAT005975,10-04-1956,Male,White,Not Hispanic or Latino,22551,VA,Northern,03-08-2025
PAT005976,28-12-1982,Female,Black or African American,Not Hispanic or Latino,22901,VA,Western,10-08-2024
PAT005977,24-08-1949,Female,Multiple,Hispanic or Latino,23606,VA,Eastern,08-10-2023
PAT005978,28-02-2014,Female,White,Not Hispanic or Latino,23223,VA,Central,17-04-2023
PAT005979,07-01-1983,Male,White,Not Hispanic or Latino,22902,VA,Western,20-12-2025
PAT005980,10-02-1973,Female,Asian,Not Hispanic or Latino,23834,VA,Southern,22-10-2023
PAT005981,07-04-1963,Female,White,Hispanic or Latino,23606,VA,Eastern,16-11-2023
PAT005982,23-10-2006,Male,White,Not Hispanic or Latino,22903,VA,Western,10-10-2024
PAT005983,13-12-2023,Male,White,Not Hispanic or Latino,22551,VA,Northern,25-01-2025
PAT005984,15-12-1978,Male,White,Not Hispanic or Latino,23803,VA,Southern,20-03-2025
PAT005985,21-07-2001,Female,White,Not Hispanic or Latino,23221,VA,Central,15-10-2023
PAT005986,14-09-1962,Female,American Indian or Alaska Native,Not Hispanic or Latino,23221,VA,Central,09-01-2023
PAT005987,05-02-2004,Male,White,Hispanic or Latino,22405,VA,Northern,25-02-2023
PAT005988,24-01-1962,Female,White,Not Hispanic or Latino,23602,VA,Eastern,27-10-2025
PAT005989,13-03-1999,Female,Other,Not Hispanic or Latino,22554,VA,Northern,21-02-2024
PAT005990,14-04-1987,Female,White,Not Hispanic or Latino,22551,VA,Northern,19-02-2025
PAT005991,06-09-1960,Male,White,Not Hispanic or Latino,22551,VA,Northern,18-10-2025
PAT005992,07-12-2023,Female,White,Not Hispanic or Latino,22551,VA,Northern,15-12-2023
PAT005993,22-11-2015,Male,White,Not Hispanic or Latino,23223,VA,Central,08-08-2024
PAT005994,05-10-1947,Male,White,Not Hispanic or Latino,23220,VA,,28-01-2025
PAT005995,19-05-1994,Male,White,Not Hispanic or Latino,23803,VA,Southern,21-08-2023
PAT005996,09-03-2001,Female,Unknown,Not Hispanic or Latino,23223,VA,Central,11-07-2023
PAT005997,02-06-2019,Female,White,Hispanic or Latino,23220,VA,Central,08-06-2023
PAT005998,10-06-2022,Female,White,Hispanic or Latino,22551,VA,Northern,13-08-2023
PAT005999,26-06-1983,Female,Unknown,Unknown,22401,VA,Northern,10-04-2023
PAT006000,24-09-1954,Male,Black or African American,Not Hispanic or Latino,23803,VA,Southern,08-08-2024
PAT006001,03-11-1999,Male,White,Not Hispanic or Latino,22901,VA,Western,31-07-2024
PAT006002,08-05-2006,Female,White,Not Hispanic or Latino,23185,VA,Eastern,14-12-2024
PAT006003,17-07-2013,Male,White,Unknown,22554,VA,Northern,05-06-2023
PAT006004,27-04-1965,Male,Other,Not Hispanic or Latino,23223,VA,Central,27-01-2024
PAT006005,21-11-1991,Male,White,Not Hispanic or Latino,23220,VA,Central,16-07-2024
PAT006006,07-11-1982,Male,White,Not Hispanic or Latino,23834,VA,Southern,27-09-2024
PAT006007,12-06-2011,Male,Black or African American,Not Hispanic or Latino,23803,VA,Southern,08-02-2024
PAT006008,21-10-2024,Male,Asian,Not Hispanic or Latino,22401,VA,Northern,12-12-2024
PAT006009,17-07-1961,Male,Black or African American,Not Hispanic or Latino,23831,VA,Southern,20-02-2025
PAT006010,04-08-2016,Female,White,Not Hispanic or Latino,23606,VA,Eastern,12-07-2025
PAT006011,02-05-2008,Male,White,Unknown,23220,VA,Central,18-03-2023
PAT006012,26-08-2021,Female,Black or African American,Not Hispanic or Latino,22901,VA,Western,09-04-2025
PAT006013,18-12-1991,Male,White,Not Hispanic or Latino,23221,VA,Central,17-09-2025
PAT006014,14-02-1938,Female,White,Unknown,23220,VA,Central,07-08-2023
PAT006015,13-09-1985,Female,Black or African American,Not Hispanic or Latino,22551,VA,Northern,25-11-2025
PAT006016,03-02-1947,Female,White,Not Hispanic or Latino,22911,VA,Western,28-02-2025
PAT006017,19-06-1983,Female,Asian,Not Hispanic or Latino,23221,VA,Central,12-02-2024
PAT006018,03-07-1973,Female,White,Not Hispanic or Latino,22551,VA,Northern,27-03-2023
PAT006019,11-01-1997,Male,Asian,Not Hispanic or Latino,22405,VA,Northern,06-02-2025
PAT006020,12-05-1987,Female,White,Not Hispanic or Latino,23803,VA,Southern,13-12-2024
PAT006021,15-06-2012,Female,Black or African American,Not Hispanic or Latino,22902,VA,Western,26-01-2025
PAT006022,08-06-1987,Male,White,Not Hispanic or Latino,23221,VA,Central,08-11-2025
PAT006023,06-05-2020,Male,Black or African American,Not Hispanic or Latino,22911,VA,Western,30-03-2025
PAT006024,04-03-1980,Female,Black or African American,Not Hispanic or Latino,23606,VA,Eastern,14-09-2025
PAT006025,02-09-1985,Male,White,Not Hispanic or Latino,23803,VA,Southern,07-11-2024
PAT006026,14-07-1999,Male,White,Not Hispanic or Latino,22911,VA,Western,02-03-2024
PAT006027,01-04-1990,Male,White,Not Hispanic or Latino,23221,VA,Central,21-11-2025
PAT006028,06-04-1950,Female,Unknown,Not Hispanic or Latino,23834,VA,Southern,02-01-2024
PAT006029,14-07-1945,Female,Native Hawaiian or Other Pacific Islander,Not Hispanic or Latino,23805,VA,Southern,06-06-2024
PAT006030,21-02-2015,Male,Black or African American,Not Hispanic or Latino,23602,VA,Eastern,06-05-2023
PAT006031,05-06-1955,Female,White,Not Hispanic or Latino,23223,VA,Central,06-09-2024
PAT006032,08-02-1994,Female,White,Hispanic or Latino,22401,VA,Northern,14-08-2025
PAT006033,01-04-1962,Male,Asian,Not Hispanic or Latino,23225,VA,Central,14-09-2023
PAT006034,27-12-1976,Female,Black or African American,Not Hispanic or Latino,23185,VA,Eastern,24-07-2025
PAT006035,18-04-1963,Male,Black or African American,Not Hispanic or Latino,23805,VA,Southern,17-09-2025
PAT006036,16-08-1935,Female,White,Not Hispanic or Latino,22551,VA,Northern,26-08-2023
PAT006037,10-09-1957,Female,Asian,Unknown,23221,VA,Central,15-10-2024
PAT006038,24-12-1956,Male,White,Not Hispanic or Latino,22551,VA,Northern,29-10-2025
PAT006039,01-04-1948,Female,Multiple,Hispanic or Latino,23185,VA,Eastern,18-01-2023
PAT006040,05-02-1968,Female,White,Not Hispanic or Latino,22401,VA,Northern,09-04-2023
PAT006041,23-03-1962,Female,White,Hispanic or Latino,22554,VA,Northern,16-10-2023
PAT006042,22-05-1954,Female,Asian,Not Hispanic or Latino,22903,VA,Western,28-09-2025
PAT006043,02-11-2001,Male,Asian,Not Hispanic or Latino,22554,VA,Northern,17-09-2025
PAT006044,04-08-1993,Male,White,Not Hispanic or Latino,23834,VA,Southern,04-09-2023
PAT006045,19-10-1980,Female,White,Not Hispanic or Latino,23606,VA,Eastern,10-08-2023
PAT006046,23-06-2013,Male,White,Unknown,23834,VA,Southern,17-12-2024
PAT006047,13-07-1978,Male,Other,Not Hispanic or Latino,23225,VA,Central,12-04-2025
PAT006048,20-01-1986,Female,White,Not Hispanic or Latino,22911,VA,Western,09-12-2025
PAT006049,10-04-1953,Female,White,Not Hispanic or Latino,22554,VA,Northern,02-02-2023
PAT006050,23-10-1960,Female,Asian,Not Hispanic or Latino,23602,VA,Eastern,08-11-2023
PAT006051,05-05-2002,Male,White,Not Hispanic or Latino,23225,VA,Central,16-01-2025
PAT006052,20-08-1972,Male,Black or African American,Not Hispanic or Latino,23221,VA,Central,09-01-2024
PAT006053,19-02-2021,Male,White,Not Hispanic or Latino,23803,VA,Southern,13-06-2024
PAT006054,23-10-1972,Male,White,Not Hispanic or Latino,23220,VA,Central,28-07-2025
PAT006055,23-06-2007,Female,White,Not Hispanic or Latino,23223,VA,Central,06-09-2025
PAT006056,02-07-2018,Female,Multiple,Not Hispanic or Latino,23220,VA,Central,16-11-2024
PAT006057,19-11-1945,Male,White,Hispanic or Latino,22401,VA,Northern,19-06-2023
PAT006058,02-06-1976,Male,Multiple,Not Hispanic or Latino,23185,VA,Eastern,31-03-2023
PAT006059,23-07-1974,Female,White,Not Hispanic or Latino,22902,VA,Western,08-05-2025
PAT006060,17-01-1975,Male,White,Not Hispanic or Latino,23220,VA,Central,03-10-2023
PAT006061,18-06-1948,Male,White,Not Hispanic or Latino,23221,VA,Central,19-06-2024
PAT006062,11-08-1977,Male,Black or African American,Hispanic or Latino,23225,VA,Central,21-02-2024
PAT006063,10-06-1953,Male,White,Not Hispanic or Latino,22405,VA,Northern,03-01-2025
PAT006064,20-02-1983,Female,Black or African American,Not Hispanic or Latino,23805,VA,Southern,09-08-2023
PAT006065,13-10-2016,Male,Multiple,Not Hispanic or Latino,22911,VA,,06-07-2023
PAT006066,08-07-2017,Male,White,Not Hispanic or Latino,23606,VA,Eastern,04-03-2025
PAT006067,22-05-1962,Female,Black or African American,Not Hispanic or Latino,22902,VA,Western,16-11-2023
PAT006068,03-04-1990,Female,White,Not Hispanic or Latino,22911,VA,Western,12-10-2023
PAT006069,12-07-2012,Female,Unknown,Not Hispanic or Latino,22902,VA,Western,27-11-2025
PAT006070,13-05-2003,Female,Native Hawaiian or Other Pacific Islander,Not Hispanic or Latino,22554,VA,Northern,24-06-2024
PAT006071,16-12-2020,Male,White,Not Hispanic or Latino,22902,VA,Western,17-08-2024
PAT006072,26-01-1975,Female,Black or African American,Not Hispanic or Latino,23185,VA,Eastern,17-10-2023
PAT006073,13-09-1990,Male,White,Not Hispanic or Latino,23220,VA,Central,26-06-2023
PAT006074,24-11-1998,Female,Unknown,Not Hispanic or Latino,22551,VA,Northern,05-02-2023
PAT006075,19-02-1970,Female,Black or African American,Not Hispanic or Latino,23803,VA,Southern,23-11-2024
PAT006076,27-04-1999,Female,Asian,Not Hispanic or Latino,23805,VA,Southern,11-10-2025
PAT006077,21-07-1957,Male,White,Not Hispanic or Latino,23601,VA,Eastern,27-04-2023
PAT006078,23-11-1961,Female,Black or African American,Not Hispanic or Latino,23221,VA,Central,25-04-2024
PAT006079,28-07-1997,Female,Asian,Not Hispanic or Latino,23221,VA,Central,20-02-2025
PAT006080,03-01-2019,Female,White,Not Hispanic or Latino,23220,VA,Central,27-04-2023
PAT006081,19-01-1979,Male,White,Not Hispanic or Latino,22401,VA,Northern,13-12-2025
PAT006082,18-02-2018,Female,Asian,Not Hispanic or Latino,23225,VA,Central,03-12-2025
PAT006083,01-12-2022,Female,Asian,Not Hispanic or Latino,22554,VA,Northern,24-12-2025
PAT006084,17-03-2024,Male,White,Not Hispanic or Latino,23805,VA,Southern,23-02-2025
PAT006085,11-02-1999,Female,White,Hispanic or Latino,22902,VA,Western,14-04-2023
PAT006086,09-01-2000,Female,Black or African American,Unknown,23601,VA,Eastern,27-06-2025
PAT006087,03-07-2012,Female,White,Not Hispanic or Latino,22405,VA,Northern,05-05-2025
PAT006088,18-03-1969,Female,Asian,Not Hispanic or Latino,23185,VA,Eastern,14-11-2025
PAT006089,05-02-1978,Female,Black or African American,Not Hispanic or Latino,22902,VA,Western,28-05-2025
PAT006090,12-02-2009,Male,Asian,Hispanic or Latino,22554,VA,Northern,28-07-2025
PAT006091,25-05-1938,Male,Other,Unknown,23225,VA,Central,08-01-2023
PAT006092,23-06-1962,Male,Asian,Not Hispanic or Latino,22902,VA,Western,31-05-2023
PAT006093,12-01-2005,Female,Asian,Not Hispanic or Latino,23601,VA,Eastern,15-05-2024
PAT006094,14-10-1960,Female,Asian,Not Hispanic or Latino,23834,VA,Southern,20-02-2024
PAT006095,17-10-2011,Female,Black or African American,Not Hispanic or Latino,23223,VA,Central,13-10-2023
PAT006096,19-09-2004,Female,White,Not Hispanic or Latino,23220,VA,Central,23-09-2024
PAT006097,14-11-1988,Other,American Indian or Alaska Native,Not Hispanic or Latino,22405,VA,Northern,29-08-2025
PAT006098,28-12-1947,Female,White,Not Hispanic or Latino,23223,VA,Central,28-02-2023
PAT006099,04-12-1978,Male,Unknown,Not Hispanic or Latino,23225,VA,Central,21-09-2025
PAT006100,23-08-1969,Male,White,Not Hispanic or Latino,23803,VA,Southern,08-11-2025
PAT006101,13-08-2010,Female,Black or African American,Not Hispanic or Latino,23221,VA,Central,23-12-2025
PAT006102,14-04-2008,Male,White,Not Hispanic or Latino,22902,VA,Western,04-06-2025
PAT006103,22-11-1991,Female,White,Not Hispanic or Latino,22554,VA,Northern,20-02-2023
PAT006104,21-12-1974,Female,Black or African American,Hispanic or Latino,23834,VA,Southern,27-11-2023
PAT006105,06-07-1946,Female,Other,Hispanic or Latino,23601,VA,Eastern,12-01-2024
PAT006106,14-07-1994,Female,Black or African American,Not Hispanic or Latino,22911,VA,Western,20-11-2025
PAT006107,19-01-2009,Male,Multiple,Hispanic or Latino,22405,VA,Northern,05-07-2025
PAT006108,03-07-1965,Female,Other,Not Hispanic or Latino,23606,VA,Eastern,27-10-2024
PAT006109,18-03-1955,Female,White,Not Hispanic or Latino,23220,VA,Central,07-08-2025
PAT006110,19-10-2016,Female,Other,Not Hispanic or Latino,23221,VA,Central,13-10-2024
PAT006111,04-09-1981,Male,White,Not Hispanic or Latino,23221,VA,Central,24-10-2024
PAT006112,16-10-1985,Female,Black or African American,Hispanic or Latino,22551,VA,Northern,10-08-2025
PAT006113,11-07-2021,Female,White,Not Hispanic or Latino,23606,VA,Eastern,17-02-2025
PAT006114,18-01-1986,Male,American Indian or Alaska Native,Not Hispanic or Latino,23221,VA,Central,26-01-2025
PAT006115,01-06-2007,Female,White,Unknown,23220,VA,Central,18-08-2024
PAT006116,04-08-1957,Male,White,Not Hispanic or Latino,22911,VA,Western,06-11-2024
PAT006117,19-09-2010,Female,White,Not Hispanic or Latino,23221,VA,Central,24-05-2023
PAT006118,28-10-2003,Female,White,Not Hispanic or Latino,23223,VA,Central,22-03-2025
PAT006119,18-02-1970,Male,White,Not Hispanic or Latino,23225,VA,Central,14-06-2023
PAT006120,27-02-1980,Female,Other,Not Hispanic or Latino,23831,VA,Southern,12-12-2025
PAT006121,02-01-1984,Male,Black or African American,Not Hispanic or Latino,22554,VA,Northern,31-03-2023
PAT006122,20-12-1975,Male,White,Not Hispanic or Latino,22405,VA,Northern,20-06-2024
PAT006123,23-10-1999,Male,White,Not Hispanic or Latino,23221,VA,Central,06-12-2025
PAT006124,27-09-1968,Female,White,Not Hispanic or Latino,22551,VA,Northern,16-12-2024
PAT006125,21-01-1993,Female,White,Not Hispanic or Latino,23221,VA,Central,04-02-2023
PAT006126,07-10-2003,Male,White,Not Hispanic or Latino,23803,VA,Southern,10-09-2023
PAT006127,05-12-2004,Female,White,Not Hispanic or Latino,23223,VA,Central,28-01-2023
PAT006128,17-11-1974,Female,White,Not Hispanic or Latino,22911,VA,Western,15-03-2023
PAT006129,06-05-1945,Male,Black or African American,Not Hispanic or Latino,23220,VA,Central,02-04-2025
PAT006130,20-11-1965,Female,White,Not Hispanic or Latino,22554,VA,Northern,02-11-2023
PAT006131,08-03-2020,Male,White,Hispanic or Latino,23805,VA,Southern,15-04-2025
PAT006132,21-02-2019,Male,Multiple,Unknown,23803,VA,Southern,26-02-2025
PAT006133,01-01-1973,Female,Black or African American,Not Hispanic or Latino,22551,VA,Northern,05-02-2024
PAT006134,26-03-1990,Male,White,Not Hispanic or Latino,23223,VA,Central,20-12-2023
PAT006135,23-11-1995,Male,White,Not Hispanic or Latino,23834,VA,Southern,12-10-2023
PAT006136,26-12-1952,Female,Black or African American,Not Hispanic or Latino,22551,VA,Northern,14-01-2025
PAT006137,26-08-1987,Female,Other,Not Hispanic or Latino,23223,VA,Central,20-02-2023
PAT006138,26-08-2015,Female,White,Hispanic or Latino,23220,VA,Central,21-07-2024
PAT006139,22-07-1998,Male,Black or African American,Unknown,22554,VA,Northern,15-04-2025
PAT006140,02-05-1992,Female,White,Not Hispanic or Latino,23225,VA,Central,06-10-2025
PAT006141,12-04-1935,Male,Asian,Not Hispanic or Latino,22903,VA,Western,02-06-2024
PAT006142,09-04-1970,Female,Black or African American,Not Hispanic or Latino,22903,VA,Western,15-05-2023
PAT006143,21-07-1999,Male,White,Not Hispanic or Latino,23606,VA,Eastern,07-05-2025
PAT006144,07-09-2014,Female,Black or African American,Not Hispanic or Latino,23831,VA,Southern,03-11-2025
PAT006145,18-05-2001,Female,White,Not Hispanic or Latino,23221,VA,Central,24-12-2024
PAT006146,21-07-2008,Female,Asian,Not Hispanic or Latino,23805,VA,Southern,02-05-2025
PAT006147,07-08-1977,Male,Black or African American,Not Hispanic or Latino,22911,VA,Western,13-03-2025
PAT006148,17-05-1977,Female,White,Not Hispanic or Latino,22554,VA,Northern,07-05-2024
PAT006149,28-01-1956,Male,White,Not Hispanic or Latino,23225,VA,Central,26-08-2025
PAT006150,16-09-1949,Male,Asian,Not Hispanic or Latino,23220,VA,Central,06-11-2025
PAT006151,08-05-1941,Female,White,Not Hispanic or Latino,22405,VA,Northern,16-04-2025
PAT006152,27-11-2001,Female,Black or African American,Not Hispanic or Latino,23223,VA,Central,07-09-2024
PAT006153,14-12-1987,Male,Black or African American,Not Hispanic or Latino,23223,VA,Central,06-03-2023
PAT006154,25-01-2014,Male,Black or African American,Not Hispanic or Latino,22554,VA,Northern,15-10-2024
PAT006155,12-01-1935,Female,Black or African American,Hispanic or Latino,23220,VA,Central,25-12-2023
PAT006156,15-07-1999,Female,White,Not Hispanic or Latino,23805,VA,Southern,17-01-2023
PAT006157,07-08-2024,Female,White,Not Hispanic or Latino,23831,VA,Southern,30-01-2025
PAT006158,25-10-1961,Male,White,Not Hispanic or Latino,23221,VA,Central,04-04-2023
PAT006159,15-08-1938,Male,Multiple,Not Hispanic or Latino,22405,VA,Northern,30-09-2025
PAT006160,11-10-2003,Female,White,Not Hispanic or Latino,23223,VA,Central,08-12-2024
PAT006161,22-11-1980,Male,White,Not Hispanic or Latino,22901,VA,Western,09-05-2024
PAT006162,14-02-2007,Male,White,Not Hispanic or Latino,23805,VA,Southern,17-11-2024
PAT006163,04-06-1967,Male,Asian,Not Hispanic or Latino,23223,VA,Central,20-03-2023
PAT006164,23-03-1965,Male,Black or African American,Not Hispanic or Latino,23220,VA,Central,06-09-2024
PAT006165,22-01-1970,Female,Black or African American,Not Hispanic or Latino,23805,VA,Southern,12-07-2023
PAT006166,11-04-1986,Female,Black or African American,Not Hispanic or Latino,23221,VA,Central,13-05-2023
PAT006167,20-08-1956,Female,Unknown,Not Hispanic or Latino,23831,VA,Southern,21-04-2024
PAT006168,25-04-1962,Female,Black or African American,Not Hispanic or Latino,22551,VA,Northern,08-11-2024
PAT006169,26-02-1987,Male,White,Not Hispanic or Latino,23220,VA,Central,17-08-2023
PAT006170,22-04-2003,Female,White,Not Hispanic or Latino,23831,VA,Southern,01-03-2023
PAT006171,13-03-1999,Female,White,Not Hispanic or Latino,23223,VA,Central,14-01-2024
PAT006172,05-05-1993,Female,White,Not Hispanic or Latino,23834,VA,Southern,17-02-2025
PAT006173,26-03-1961,Male,Asian,Not Hispanic or Latino,23223,VA,Central,16-08-2023
PAT006174,12-09-2006,Female,Multiple,Hispanic or Latino,22911,VA,Western,02-04-2024
PAT006175,18-04-1967,Male,Black or African American,Not Hispanic or Latino,23602,VA,Eastern,14-12-2024
PAT006176,03-06-1971,Male,American Indian or Alaska Native,Not Hispanic or Latino,23602,VA,Eastern,02-06-2025
PAT006177,27-10-2024,Female,Black or African American,Not Hispanic or Latino,22401,VA,Northern,22-08-2025
PAT006178,04-06-1953,Male,White,Not Hispanic or Latino,23185,VA,Eastern,03-09-2025
PAT006179,12-05-1980,Female,Asian,Not Hispanic or Latino,23223,VA,Central,02-10-2024
PAT006180,08-11-1978,Male,American Indian or Alaska Native,Not Hispanic or Latino,23606,VA,Eastern,06-03-2023
PAT006181,05-07-1961,Male,White,Not Hispanic or Latino,23225,VA,Central,17-01-2024
PAT006182,14-02-1943,Male,Other,Not Hispanic or Latino,23606,VA,Eastern,14-02-2024
PAT006183,09-08-1972,Male,White,Not Hispanic or Latino,23225,VA,Central,15-07-2023
PAT006184,22-02-2021,Female,Multiple,Not Hispanic or Latino,23223,VA,Central,01-09-2025
PAT006185,24-07-1949,Female,Black or African American,Not Hispanic or Latino,23805,VA,Southern,21-05-2025
PAT006186,06-02-1971,Female,White,Not Hispanic or Latino,22911,VA,Western,28-02-2023
PAT006187,17-05-1944,Male,White,Not Hispanic or Latino,23803,VA,Southern,12-11-2025
PAT006188,15-11-1935,Male,Other,Not Hispanic or Latino,23225,VA,Central,24-11-2023
PAT006189,20-10-2007,Male,Black or African American,Not Hispanic or Latino,23803,VA,Southern,18-05-2025
PAT006190,03-04-1966,Male,White,Not Hispanic or Latino,22551,VA,Northern,07-05-2024
PAT006191,20-04-1960,Female,White,Not Hispanic or Latino,23602,VA,Eastern,01-06-2023
PAT006192,16-12-2012,Male,Black or African American,Hispanic or Latino,23220,VA,Central,28-09-2024
PAT006193,23-01-1970,Female,Asian,Not Hispanic or Latino,22554,VA,Northern,20-10-2023
PAT006194,22-03-1976,Female,Black or African American,Not Hispanic or Latino,23225,VA,Central,21-06-2025
PAT006195,26-11-1972,Female,White,Not Hispanic or Latino,22901,VA,Western,21-12-2023
PAT006196,09-04-1936,Male,White,Not Hispanic or Latino,23221,VA,Central,23-12-2025
PAT006197,17-09-1976,Male,Black or African American,Not Hispanic or Latino,23185,VA,Eastern,23-09-2024
PAT006198,28-06-1967,Male,White,Not Hispanic or Latino,23185,VA,Eastern,20-08-2024
PAT006199,02-03-1980,Male,Multiple,Not Hispanic or Latino,23221,VA,Central,26-01-2025
PAT006200,13-04-1941,Female,Black or African American,Hispanic or Latino,22554,VA,Northern,20-01-2025
PAT006201,05-11-1975,Female,White,Not Hispanic or Latino,23221,VA,Central,01-05-2024
PAT006202,09-04-2022,Male,Black or African American,Not Hispanic or Latino,23601,VA,Eastern,23-08-2025
PAT006203,15-06-2014,Female,White,Not Hispanic or Latino,23834,VA,Southern,13-08-2025
PAT006204,20-10-2002,Female,White,Not Hispanic or Latino,23220,VA,Central,14-08-2023
PAT006205,10-06-1979,Male,White,Not Hispanic or Latino,23220,VA,Central,07-08-2024
PAT006206,07-05-1965,Female,Asian,Not Hispanic or Latino,23220,VA,Central,03-12-2025
PAT006207,10-11-2019,Female,Asian,Not Hispanic or Latino,22405,VA,Northern,11-06-2025
PAT006208,12-10-1961,Female,Black or African American,Hispanic or Latino,23221,VA,Central,23-06-2023
PAT006209,22-01-1976,Male,Multiple,Hispanic or Latino,23221,VA,Central,17-09-2025
PAT006210,22-02-2010,Female,Black or African American,Not Hispanic or Latino,22901,VA,Western,18-10-2024
PAT006211,05-07-1990,Male,Asian,Not Hispanic or Latino,23220,VA,Central,15-08-2025
PAT006212,26-07-2003,Female,White,Not Hispanic or Latino,23602,VA,Eastern,12-05-2023
PAT006213,28-04-2011,Female,White,Hispanic or Latino,23805,VA,Southern,08-11-2025
PAT006214,05-07-2022,Female,White,Hispanic or Latino,23220,VA,Central,20-04-2023
PAT006215,16-09-1937,Male,White,Not Hispanic or Latino,23805,VA,Southern,15-11-2023
PAT006216,19-02-2020,Female,Other,Not Hispanic or Latino,22405,VA,Northern,24-03-2025
PAT006217,26-02-1942,Male,American Indian or Alaska Native,Hispanic or Latino,22554,VA,Northern,25-06-2025
PAT006218,15-11-1954,Male,White,Not Hispanic or Latino,22911,VA,Western,18-09-2025
PAT006219,12-01-2004,Female,Black or African American,Unknown,23601,VA,Eastern,18-11-2025
PAT006220,16-08-1965,Female,White,Not Hispanic or Latino,23220,VA,Central,24-06-2025
PAT006221,28-06-2016,Female,White,Not Hispanic or Latino,23185,VA,Eastern,03-02-2025
PAT006222,09-01-2001,Male,Black or African American,Not Hispanic or Latino,23602,VA,Eastern,12-10-2024
PAT006223,26-01-2024,Female,White,Not Hispanic or Latino,23221,VA,Central,01-02-2024
PAT006224,13-11-2003,Female,Black or African American,Not Hispanic or Latino,23805,VA,Southern,09-10-2025
PAT006225,24-04-2006,Female,White,Not Hispanic or Latino,22554,VA,Northern,10-12-2024
PAT006226,20-03-2024,Male,Multiple,Not Hispanic or Latino,22903,VA,Western,17-08-2025
PAT006227,25-08-1984,Female,White,Not Hispanic or Latino,23225,VA,Central,07-04-2023
PAT006228,25-11-2018,Female,Asian,Not Hispanic or Latino,23220,VA,Central,11-07-2024
PAT006229,25-10-1975,Male,White,Not Hispanic or Latino,22405,VA,Northern,13-07-2024
PAT006230,23-11-1947,Male,Other,Not Hispanic or Latino,22551,VA,Northern,13-12-2024
PAT006231,03-11-1998,Female,Asian,Not Hispanic or Latino,23805,VA,Southern,06-05-2024
PAT006232,18-07-1978,Female,Unknown,Not Hispanic or Latino,23803,VA,Southern,02-04-2023
PAT006233,27-04-2005,Female,Native Hawaiian or Other Pacific Islander,Not Hispanic or Latino,23221,VA,Central,03-07-2025
PAT006234,02-02-1973,Female,White,Not Hispanic or Latino,23223,VA,Central,25-07-2023
PAT006235,09-04-2000,Female,White,Not Hispanic or Latino,23225,VA,Central,04-05-2023
PAT006236,10-09-2022,Male,Black or African American,Not Hispanic or Latino,22902,VA,Western,01-11-2023
PAT006237,08-02-2007,Male,White,Not Hispanic or Latino,23601,VA,Eastern,10-01-2025
PAT006238,06-04-1935,Male,Black or African American,Not Hispanic or Latino,22901,VA,Western,08-02-2024
PAT006239,13-11-2005,Male,Black or African American,Not Hispanic or Latino,23185,VA,Eastern,21-04-2025
PAT006240,27-07-1953,Male,Asian,Not Hispanic or Latino,22901,VA,Western,01-05-2024
PAT006241,22-10-1967,Female,White,Not Hispanic or Latino,22401,VA,Northern,07-09-2025
PAT006242,13-12-2018,Male,Black or African American,Not Hispanic or Latino,23185,VA,Eastern,12-08-2025
PAT006243,19-09-1979,Male,White,Not Hispanic or Latino,23223,VA,Central,22-09-2025
PAT006244,06-08-1984,Male,Native Hawaiian or Other Pacific Islander,Not Hispanic or Latino,23803,VA,Southern,29-03-2023
PAT006245,05-06-2007,Male,Black or African American,Not Hispanic or Latino,23220,VA,Central,10-06-2024
PAT006246,16-01-2004,Female,White,Hispanic or Latino,23220,VA,Central,24-07-2025
PAT006247,08-07-1974,Female,White,Not Hispanic or Latino,22554,VA,Northern,17-01-2025
PAT006248,22-11-2007,Male,White,Hispanic or Latino,23602,VA,Eastern,02-08-2023
PAT006249,15-04-1973,Female,Black or African American,Unknown,22901,VA,Western,19-12-2025
PAT006250,25-02-1996,Male,Asian,Not Hispanic or Latino,22901,VA,Western,14-06-2023
PAT006251,26-05-1966,Male,White,Not Hispanic or Latino,22903,VA,Western,10-01-2025
PAT006252,14-06-1952,Male,Black or African American,Not Hispanic or Latino,22551,VA,Northern,18-10-2023
PAT006253,12-07-1941,Female,White,Not Hispanic or Latino,22554,VA,Northern,08-03-2025
PAT006254,20-02-1977,Male,White,Not Hispanic or Latino,23805,VA,Southern,17-07-2025
PAT006255,03-08-1969,Female,Other,Not Hispanic or Latino,22405,VA,Northern,18-06-2025
PAT006256,22-12-1993,Male,Black or African American,Not Hispanic or Latino,23803,VA,Southern,23-10-2025
PAT006257,25-07-1982,Female,Black or African American,Unknown,23601,VA,Eastern,21-05-2025
PAT006258,12-10-1972,Female,White,Hispanic or Latino,23225,VA,Central,07-08-2023
PAT006259,13-12-2021,Other,White,Not Hispanic or Latino,22551,VA,Northern,21-06-2025
PAT006260,01-04-1982,Female,White,Not Hispanic or Latino,23223,VA,Central,14-01-2025
PAT006261,15-04-1945,Female,Black or African American,Not Hispanic or Latino,23803,VA,Southern,05-02-2024
PAT006262,16-09-1967,Male,White,Unknown,22554,VA,Northern,06-04-2023
PAT006263,05-12-1955,Female,White,Not Hispanic or Latino,22902,VA,Western,14-08-2024
PAT006264,03-07-1965,Male,Black or African American,Hispanic or Latino,22903,VA,Western,31-08-2024
PAT006265,06-07-2013,Male,White,Hispanic or Latino,22551,VA,Northern,18-05-2025
PAT006266,07-12-1972,Female,Black or African American,Not Hispanic or Latino,23803,VA,Southern,30-08-2024
PAT006267,03-02-1939,Male,White,Not Hispanic or Latino,23225,VA,Central,02-05-2025
PAT006268,10-11-2004,Female,Multiple,Not Hispanic or Latino,23601,VA,Eastern,29-07-2023
PAT006269,10-03-1996,Female,Black or African American,Not Hispanic or Latino,23221,VA,Central,19-08-2023
PAT006270,18-07-1966,Female,Black or African American,Not Hispanic or Latino,23225,VA,Central,29-02-2024
PAT006271,16-05-1994,Male,Asian,Not Hispanic or Latino,23803,VA,Southern,27-05-2024
PAT006272,13-06-1948,Male,Black or African American,Not Hispanic or Latino,23225,VA,Central,11-11-2025
PAT006273,07-01-2010,Female,White,Hispanic or Latino,23834,VA,Southern,18-04-2024
PAT006274,09-01-2007,Male,Asian,Not Hispanic or Latino,22902,VA,Western,23-09-2025
PAT006275,21-10-1965,Male,White,Not Hispanic or Latino,23221,VA,Central,02-04-2025
PAT006276,23-04-1979,Female,Asian,Not Hispanic or Latino,22901,VA,Western,06-12-2024
PAT006277,05-12-2002,Male,Asian,Not Hispanic or Latino,22401,VA,Northern,10-12-2023
PAT006278,13-01-1968,Male,White,Not Hispanic or Latino,23602,VA,Eastern,01-04-2024
PAT006279,02-02-2017,Female,White,Not Hispanic or Latino,23223,VA,Central,13-04-2023
PAT006280,22-12-1995,Female,Black or African American,Unknown,23221,VA,Central,12-07-2023
PAT006281,15-09-1958,Female,White,Not Hispanic or Latino,23805,VA,Southern,20-09-2023
PAT006282,09-03-1944,Female,Black or African American,Not Hispanic or Latino,23225,VA,Central,12-09-2023
PAT006283,01-04-2009,Male,Asian,Not Hispanic or Latino,23220,VA,Central,22-08-2023
PAT006284,19-12-1968,Male,White,Not Hispanic or Latino,23225,VA,Central,20-04-2023
PAT006285,22-06-1992,Male,White,Not Hispanic or Latino,22551,VA,Northern,12-12-2025
PAT006286,09-11-1991,Female,Asian,Not Hispanic or Latino,23834,VA,Southern,06-08-2024
PAT006287,15-10-1966,Male,Asian,Not Hispanic or Latino,23220,VA,Central,08-10-2024
PAT006288,04-03-2020,Male,White,Unknown,23225,VA,Central,12-09-2023
PAT006289,18-05-1957,Male,Black or African American,Not Hispanic or Latino,23834,VA,Southern,18-11-2024
PAT006290,17-06-1984,Female,White,Not Hispanic or Latino,23803,VA,Southern,30-12-2025
PAT006291,14-01-2004,Male,White,Not Hispanic or Latino,23185,VA,Eastern,05-10-2025
PAT006292,26-11-2001,Male,White,Not Hispanic or Latino,23602,VA,Eastern,12-04-2025
PAT006293,04-04-1962,Female,Multiple,Not Hispanic or Latino,23834,VA,Southern,14-02-2024
PAT006294,06-02-1962,Female,American Indian or Alaska Native,Not Hispanic or Latino,23225,VA,Central,20-01-2025
PAT006295,27-08-1949,Female,White,Not Hispanic or Latino,22405,VA,,28-04-2025
PAT006296,20-07-1957,Female,White,Not Hispanic or Latino,23602,VA,Eastern,20-04-2025
PAT006297,18-08-1972,Male,White,Not Hispanic or Latino,23220,VA,Central,01-07-2023
PAT006298,17-04-1981,Female,Unknown,Not Hispanic or Latino,23220,VA,Central,13-03-2025
PAT006299,23-03-1944,Male,Multiple,Not Hispanic or Latino,23185,VA,Eastern,22-08-2023
PAT006300,27-11-2019,Male,White,Not Hispanic or Latino,23803,VA,Southern,20-10-2025
PAT006301,16-07-1989,Female,Asian,Not Hispanic or Latino,22554,VA,Northern,22-01-2024
PAT006302,23-11-1935,Male,White,Not Hispanic or Latino,23805,VA,Southern,24-08-2023
PAT006303,26-04-1984,Male,White,Not Hispanic or Latino,23221,VA,Central,13-05-2025
PAT006304,26-02-1961,Female,Black or African American,Not Hispanic or Latino,23221,VA,Central,07-06-2023
PAT006305,28-10-1968,Female,Native Hawaiian or Other Pacific Islander,Not Hispanic or Latino,22554,VA,Northern,02-07-2024
PAT006306,25-01-1966,Female,Unknown,Unknown,22901,VA,Western,27-09-2024
PAT006307,27-10-1964,Male,Black or African American,Not Hispanic or Latino,23220,VA,Central,11-05-2024
PAT006308,06-11-1968,Female,Black or African American,Not Hispanic or Latino,22554,VA,Northern,28-08-2024
PAT006309,25-09-1949,Female,Black or African American,Not Hispanic or Latino,22903,VA,Western,28-10-2025
PAT006310,23-06-1987,Male,White,Not Hispanic or Latino,23225,VA,Central,25-04-2024
PAT006311,19-10-1980,Male,White,Not Hispanic or Latino,22901,VA,Western,10-11-2023
PAT006312,24-05-1968,Male,White,Not Hispanic or Latino,23805,VA,Southern,12-11-2023
PAT006313,25-06-1973,Female,Black or African American,Not Hispanic or Latino,23223,VA,Central,05-08-2023
PAT006314,03-05-1946,Female,White,Not Hispanic or Latino,22405,VA,Northern,22-10-2024
PAT006315,21-02-2008,Female,Asian,Not Hispanic or Latino,23223,VA,Central,07-10-2025
PAT006316,04-03-1947,Male,White,Not Hispanic or Latino,22902,VA,Western,20-01-2024
PAT006317,27-05-2027,Male,White,Not Hispanic or Latino,23225,VA,Central,22-04-2024
PAT006318,09-10-1966,Male,Black or African American,Not Hispanic or Latino,23223,VA,Central,12-06-2024
PAT006319,24-04-1957,Male,White,Not Hispanic or Latino,23223,VA,Central,13-10-2024
PAT006320,11-02-2018,Female,White,Unknown,23225,VA,Central,21-03-2024
PAT006321,08-10-2024,Female,White,Not Hispanic or Latino,23220,VA,Central,07-11-2025
PAT006322,13-10-2010,Male,White,Not Hispanic or Latino,23223,VA,Central,05-04-2023
PAT006323,14-10-1965,Male,White,Not Hispanic or Latino,22554,VA,Northern,12-01-2025
PAT006324,21-03-1993,Male,Multiple,Not Hispanic or Latino,23223,VA,Central,07-03-2023
PAT006325,04-12-2002,Male,Asian,Hispanic or Latino,22551,VA,Northern,17-09-2025
PAT006326,11-04-1980,Female,White,Not Hispanic or Latino,23220,VA,Central,07-05-2025
PAT006327,03-09-1984,Female,White,Not Hispanic or Latino,22401,VA,Northern,27-02-2024
PAT006328,16-10-2001,Male,White,Hispanic or Latino,23221,VA,Central,28-05-2025
PAT006329,16-01-1968,Male,White,Not Hispanic or Latino,22405,VA,Northern,05-09-2023
PAT006330,08-11-1945,Female,Black or African American,Not Hispanic or Latino,23831,VA,Southern,23-01-2023
PAT006331,10-03-1964,Female,White,Not Hispanic or Latino,23805,VA,Southern,18-12-2023
PAT006332,24-03-1980,Female,White,Not Hispanic or Latino,23831,VA,Southern,12-07-2023
PAT006333,08-12-1991,Female,Native Hawaiian or Other Pacific Islander,Not Hispanic or Latino,23220,VA,Central,23-04-2025
PAT006334,06-04-1965,Male,White,Not Hispanic or Latino,22902,VA,Western,07-06-2025
PAT006335,01-05-1985,Male,Black or African American,Not Hispanic or Latino,23185,VA,Eastern,24-07-2023
PAT006336,09-05-1998,Female,White,Not Hispanic or Latino,23221,VA,Central,30-08-2024
PAT006337,28-09-1936,Female,Native Hawaiian or Other Pacific Islander,Not Hispanic or Latino,23831,VA,Southern,15-11-2023
PAT006338,01-11-1939,Female,Other,Hispanic or Latino,22405,VA,Northern,26-07-2024
PAT006339,01-06-2018,Male,White,Not Hispanic or Latino,23602,VA,Eastern,18-06-2025
PAT006340,23-06-1984,Female,White,Not Hispanic or Latino,23220,VA,Central,30-08-2023
PAT006341,17-12-1980,Male,Native Hawaiian or Other Pacific Islander,Not Hispanic or Latino,23225,VA,Central,14-05-2023
PAT006342,09-07-2015,Female,Black or African American,Not Hispanic or Latino,23220,VA,Central,06-08-2024
PAT006343,16-05-1974,Male,White,Not Hispanic or Latino,22903,VA,Western,30-01-2024
PAT006344,23-10-2008,Female,White,Not Hispanic or Latino,22901,VA,Western,30-01-2024
PAT006345,11-01-2011,Female,Other,Not Hispanic or Latino,23223,VA,Central,02-10-2023
PAT006346,03-06-1951,Female,Unknown,Not Hispanic or Latino,22401,VA,Northern,07-11-2025
PAT006347,13-03-1961,Female,White,Not Hispanic or Latino,23185,VA,Eastern,25-05-2023
PAT006348,07-11-1975,Female,White,Not Hispanic or Latino,23223,VA,Central,24-02-2025
PAT006349,09-10-1997,Male,Other,Not Hispanic or Latino,23221,VA,Central,26-12-2023
PAT006350,06-11-2006,Female,White,Not Hispanic or Latino,23221,VA,Central,10-09-2025
PAT006351,13-12-1995,Female,Black or African American,Hispanic or Latino,22911,VA,Western,17-05-2025
PAT006352,19-03-2020,Male,Black or African American,Not Hispanic or Latino,23223,VA,Central,23-04-2024
PAT006353,13-09-1972,Male,Other,Not Hispanic or Latino,23220,VA,Central,27-05-2024
PAT006354,21-02-2023,Female,Black or African American,Not Hispanic or Latino,22902,VA,Western,26-03-2023
PAT006355,26-10-1977,Female,Black or African American,Not Hispanic or Latino,23805,VA,Southern,17-09-2024
PAT006356,21-05-2021,Male,Asian,Not Hispanic or Latino,22902,VA,Western,25-08-2024
PAT006357,14-07-2025,Male,White,Not Hispanic or Latino,22902,VA,Western,22-11-2025
PAT006358,14-05-2001,Female,Black or African American,Not Hispanic or Latino,22405,VA,Northern,17-02-2024
PAT006359,22-05-1963,Female,White,Not Hispanic or Latino,23601,VA,Eastern,02-05-2024
PAT006360,16-04-1986,Female,Asian,Not Hispanic or Latino,23223,VA,Central,29-07-2023
PAT006361,13-09-1964,Male,White,Not Hispanic or Latino,23606,VA,Eastern,05-06-2024
PAT006362,17-01-1964,Female,Black or African American,Not Hispanic or Latino,22551,VA,Northern,11-01-2025
PAT006363,10-03-2016,Female,White,Not Hispanic or Latino,23805,VA,Southern,28-12-2023
PAT006364,05-10-1984,Male,American Indian or Alaska Native,Not Hispanic or Latino,23223,VA,Central,04-12-2024
PAT006365,09-08-2007,Male,Black or African American,Not Hispanic or Latino,23601,VA,Eastern,27-11-2024
PAT006366,19-01-1962,Male,White,Not Hispanic or Latino,23831,VA,Southern,01-12-2023
PAT006367,12-10-1991,Female,White,Not Hispanic or Latino,22554,VA,Northern,09-09-2025
PAT006368,08-01-1940,Female,Black or African American,Not Hispanic or Latino,23606,VA,Eastern,14-05-2025
PAT006369,07-06-1971,Female,White,Not Hispanic or Latino,23223,VA,Central,16-07-2023
PAT006370,13-08-1962,Male,Asian,Not Hispanic or Latino,23223,VA,Central,02-04-2023
PAT006371,04-08-1986,Male,Black or African American,Not Hispanic or Latino,23221,VA,Central,10-01-2023
PAT006372,26-10-1959,Male,White,Not Hispanic or Latino,23223,VA,Central,15-07-2024
PAT006373,17-09-1988,Male,White,Hispanic or Latino,23225,VA,Central,10-03-2024
PAT006374,10-05-1976,Male,White,Not Hispanic or Latino,22551,VA,Northern,11-02-2025
PAT006375,14-07-2009,Female,American Indian or Alaska Native,Not Hispanic or Latino,23606,VA,Eastern,12-06-2024
PAT006376,14-01-1968,Female,White,Not Hispanic or Latino,23220,VA,Central,26-07-2025
PAT006377,19-07-2025,Female,Multiple,Hispanic or Latino,23803,VA,Southern,09-08-2025
PAT006378,20-05-1977,Female,Black or African American,Not Hispanic or Latino,23834,VA,Southern,18-06-2023
PAT006379,25-01-1974,Female,White,Not Hispanic or Latino,23601,VA,Eastern,08-12-2025
PAT006380,15-12-1971,Male,White,Not Hispanic or Latino,23220,VA,Central,20-11-2024
PAT006381,27-08-1984,Male,White,Hispanic or Latino,23223,VA,Central,07-05-2025
PAT006382,11-12-1984,Female,White,Not Hispanic or Latino,23185,VA,Eastern,24-11-2024
PAT006383,24-09-2005,Male,White,Not Hispanic or Latino,23834,VA,Southern,10-02-2023
PAT006384,16-07-2022,Female,Other,Hispanic or Latino,23831,VA,Southern,18-06-2024
PAT006385,10-04-2002,Female,Black or African American,Not Hispanic or Latino,23805,VA,Southern,23-01-2025
PAT006386,14-11-1966,Male,White,Not Hispanic or Latino,23223,VA,Central,08-02-2023
PAT006387,25-06-1999,Male,White,Not Hispanic or Latino,23803,VA,Southern,17-11-2024
PAT006388,28-07-1994,Female,White,Not Hispanic or Latino,22405,VA,Northern,19-09-2025
PAT006389,02-05-1950,Male,Black or African American,Hispanic or Latino,23805,VA,Southern,25-06-2024
PAT006390,14-09-2002,Male,White,Not Hispanic or Latino,23220,VA,Central,23-08-2025
PAT006391,18-12-1962,Other,White,Not Hispanic or Latino,23221,VA,Central,09-11-2024
PAT006392,04-08-1935,Female,Unknown,Not Hispanic or Latino,22903,VA,Western,10-03-2023
PAT006393,02-06-2021,Male,White,Not Hispanic or Latino,23805,VA,Southern,24-10-2024
PAT006394,24-07-2010,Unknown,Black or African American,Not Hispanic or Latino,23601,VA,Eastern,09-02-2025
PAT006395,17-05-1962,Male,Black or African American,Not Hispanic or Latino,23220,VA,Central,22-04-2025
PAT006396,21-09-2000,Female,White,Not Hispanic or Latino,22554,VA,Northern,15-05-2024
PAT006397,28-09-2012,Female,Black or African American,Not Hispanic or Latino,23220,VA,Central,28-02-2025
PAT006398,17-06-1987,Male,Multiple,Not Hispanic or Latino,22554,VA,Northern,28-03-2024
PAT006399,27-12-2007,Male,White,Not Hispanic or Latino,23803,VA,Southern,14-02-2023
PAT006400,15-03-2005,Male,White,Not Hispanic or Latino,23606,VA,Eastern,13-11-2024
PAT006401,21-10-1958,Male,Black or African American,Not Hispanic or Latino,23805,VA,Southern,04-01-2023
PAT006402,17-11-1998,Female,Black or African American,Not Hispanic or Latino,23223,VA,Central,29-10-2023
PAT006403,16-12-1961,Female,Unknown,Not Hispanic or Latino,23834,VA,Southern,18-12-2024
PAT006404,25-07-2009,Female,White,Not Hispanic or Latino,23225,VA,Central,10-04-2023
PAT006405,13-04-1961,Male,Black or African American,Not Hispanic or Latino,22554,VA,Northern,29-04-2025
PAT006406,07-01-2003,Male,White,Not Hispanic or Latino,22551,VA,Northern,17-03-2024
PAT006407,22-05-2017,Female,White,Not Hispanic or Latino,22903,VA,Western,08-03-2024
PAT006408,17-07-1999,Female,Black or African American,Not Hispanic or Latino,23834,VA,Southern,15-05-2024
PAT006409,18-02-1987,Male,Asian,Not Hispanic or Latino,22901,VA,Western,05-11-2023
PAT006410,12-04-1972,Male,Black or African American,Not Hispanic or Latino,23834,VA,Southern,13-05-2025
PAT006411,23-08-1958,Female,White,Not Hispanic or Latino,23803,VA,Southern,07-07-2025
PAT006412,27-04-1976,Female,White,Not Hispanic or Latino,23220,VA,Central,03-07-2025
PAT006413,28-05-1971,Male,Black or African American,Not Hispanic or Latino,23223,VA,Central,02-08-2025
PAT006414,06-07-2011,Male,White,Not Hispanic or Latino,22551,VA,Northern,06-10-2023
PAT006415,13-04-1984,Male,Black or African American,Not Hispanic or Latino,23225,VA,Central,03-10-2024
PAT006416,17-01-1938,Male,White,Not Hispanic or Latino,23225,VA,Central,12-10-2025
PAT006417,25-08-2017,Male,Multiple,Not Hispanic or Latino,23602,VA,Eastern,12-07-2024
PAT006418,21-05-1965,Male,White,Not Hispanic or Latino,23221,VA,Central,07-08-2024
PAT006419,11-12-2009,Male,White,Hispanic or Latino,22405,VA,Northern,26-12-2024
PAT006420,24-08-2001,Female,White,Not Hispanic or Latino,22911,VA,Western,03-06-2024
PAT006421,16-04-2025,Female,White,Not Hispanic or Latino,23834,VA,Southern,10-12-2025
PAT006422,16-09-1994,Female,Black or African American,Not Hispanic or Latino,23602,VA,Eastern,21-02-2023
PAT006423,01-03-1971,Male,American Indian or Alaska Native,Not Hispanic or Latino,23834,VA,Southern,12-05-2025
PAT006424,03-06-1983,Female,Black or African American,Not Hispanic or Latino,22903,VA,Western,30-06-2025
PAT006425,10-04-1996,Male,Black or African American,Not Hispanic or Latino,22401,VA,Northern,05-06-2023
PAT006426,25-08-1970,Female,White,Not Hispanic or Latino,23805,VA,Southern,01-03-2024
PAT006427,19-10-1959,Female,White,Not Hispanic or Latino,23220,VA,Central,08-03-2023
PAT006428,02-12-1940,Female,White,Not Hispanic or Latino,23831,VA,Southern,10-03-2023
PAT006429,12-07-1935,Male,American Indian or Alaska Native,Not Hispanic or Latino,23834,VA,Southern,01-01-2025
PAT006430,05-09-1937,Female,Black or African American,Not Hispanic or Latino,23601,VA,Eastern,17-08-2024
PAT006431,11-05-1964,Female,White,Not Hispanic or Latino,23221,VA,Central,11-12-2025
PAT006432,21-06-1963,Male,White,Not Hispanic or Latino,23225,VA,Central,18-01-2025
PAT006433,06-06-1953,Female,Other,Hispanic or Latino,23221,VA,Central,24-09-2023
PAT006434,02-07-1984,Female,White,Not Hispanic or Latino,22901,VA,Western,17-03-2023
PAT006435,01-08-2017,Female,Black or African American,Not Hispanic or Latino,23803,VA,Southern,24-05-2023
PAT006436,08-12-1990,Male,White,Not Hispanic or Latino,23223,VA,Central,10-01-2025
PAT006437,03-07-1977,Female,White,Not Hispanic or Latino,23220,VA,Central,24-10-2025
PAT006438,03-06-1995,Female,White,Not Hispanic or Latino,22901,VA,Western,28-07-2023
PAT006439,07-09-1997,Male,White,Not Hispanic or Latino,23225,VA,Central,20-07-2024
PAT006440,03-07-1995,Female,White,Hispanic or Latino,22903,VA,Western,19-09-2024
PAT006441,14-08-1992,Male,White,Not Hispanic or Latino,23220,VA,Central,11-11-2025
PAT006442,16-09-2012,Male,Unknown,Not Hispanic or Latino,23220,VA,Central,28-07-2024
PAT006443,24-08-1979,Male,Asian,Not Hispanic or Latino,23225,VA,Central,29-03-2025
PAT006444,28-11-1980,Male,White,Not Hispanic or Latino,22551,VA,Northern,29-10-2023
PAT006445,12-12-2025,Male,American Indian or Alaska Native,Not Hispanic or Latino,23221,VA,Central,23-12-2025
PAT006446,20-06-2013,Female,Black or African American,Not Hispanic or Latino,23602,VA,Eastern,04-02-2023
PAT006447,20-11-2009,Female,Multiple,Hispanic or Latino,23803,VA,Southern,19-07-2024
PAT006448,23-03-1979,Female,White,Not Hispanic or Latino,23221,VA,Central,19-04-2024
PAT006449,06-12-1990,Male,American Indian or Alaska Native,Not Hispanic or Latino,22902,VA,Western,13-10-2025
PAT006450,28-05-1984,Female,White,Not Hispanic or Latino,23803,VA,Southern,08-10-2024
PAT006451,22-08-1986,Male,Black or African American,Hispanic or Latino,23805,VA,Southern,31-12-2025
PAT006452,05-03-1994,Male,Multiple,Not Hispanic or Latino,23185,VA,Eastern,02-06-2024
PAT006453,03-06-2024,Male,White,Not Hispanic or Latino,23221,VA,Central,01-09-2024
PAT006454,02-07-1995,Male,White,Not Hispanic or Latino,22554,VA,Northern,19-09-2025
PAT006455,28-08-1971,Male,Asian,Not Hispanic or Latino,23221,VA,Central,12-03-2024
PAT006456,27-10-2008,Male,American Indian or Alaska Native,Not Hispanic or Latino,22901,VA,Western,02-06-2024
PAT006457,24-12-1946,Male,White,Not Hispanic or Latino,23223,VA,Central,10-12-2023
PAT006458,10-08-1971,Female,Asian,Not Hispanic or Latino,23602,VA,Eastern,20-09-2023
PAT006459,11-04-1975,Male,White,Not Hispanic or Latino,22903,VA,Western,31-07-2024
PAT006460,24-01-1989,Female,White,Not Hispanic or Latino,23221,VA,Central,07-04-2024
PAT006461,16-09-1963,Female,White,Not Hispanic or Latino,22902,VA,Western,01-01-2025
PAT006462,24-09-1958,Male,White,Not Hispanic or Latino,23225,VA,Central,27-04-2025
PAT006463,16-08-2016,Female,Black or African American,Not Hispanic or Latino,23223,VA,Central,15-07-2023
PAT006464,07-02-1972,Female,White,Hispanic or Latino,23831,VA,Southern,06-06-2023
PAT006465,07-11-1991,Male,Black or African American,Not Hispanic or Latino,22401,VA,Northern,17-10-2023
PAT006466,12-09-1949,Male,Multiple,Not Hispanic or Latino,23805,VA,Southern,01-07-2024
PAT006467,18-06-2012,Female,Multiple,Not Hispanic or Latino,22401,VA,Northern,16-12-2024
PAT006468,17-10-2001,Male,White,Not Hispanic or Latino,23223,VA,Central,10-12-2023
PAT006469,16-02-1979,Female,Asian,Not Hispanic or Latino,22554,VA,Northern,04-12-2024
PAT006470,26-10-1976,Female,Black or African American,Not Hispanic or Latino,22401,VA,Northern,06-12-2025
PAT006471,22-12-1951,Male,White,Not Hispanic or Latino,22901,VA,Western,16-12-2023
PAT006472,11-07-2008,Female,White,Not Hispanic or Latino,22554,VA,Northern,28-11-2025
PAT006473,15-07-2022,Female,Asian,Not Hispanic or Latino,23223,VA,Central,31-12-2023
PAT006474,07-09-2001,Female,White,Not Hispanic or Latino,22401,VA,Northern,27-03-2024
PAT006475,25-09-2016,Male,Black or African American,Not Hispanic or Latino,22901,VA,Western,26-03-2023
PAT006476,07-01-1937,Male,Black or African American,Not Hispanic or Latino,23803,VA,Southern,12-06-2024
PAT006477,09-04-2013,Male,American Indian or Alaska Native,Not Hispanic or Latino,23805,VA,Southern,21-12-2023
PAT006478,04-03-1971,Male,Asian,Not Hispanic or Latino,23223,VA,Central,06-08-2025
PAT006479,25-04-1937,Male,Asian,Not Hispanic or Latino,23803,VA,Southern,28-07-2023
PAT006480,17-02-2002,Male,Multiple,Not Hispanic or Latino,23831,VA,Southern,13-11-2023
PAT006481,10-04-1945,Male,White,Not Hispanic or Latino,22901,VA,Western,28-06-2023
PAT006482,13-12-1998,Female,Other,Hispanic or Latino,23220,VA,Central,07-02-2024
PAT006483,11-02-1987,Male,Black or African American,Not Hispanic or Latino,23223,VA,Central,12-01-2025
PAT006484,03-01-1954,Male,White,Not Hispanic or Latino,23602,VA,Eastern,02-04-2024
PAT006485,02-04-2024,Male,Unknown,Unknown,23223,VA,Central,30-01-2025
PAT006486,15-08-2025,Female,Black or African American,Not Hispanic or Latino,23220,VA,Central,09-09-2025
PAT006487,24-10-2006,Female,Black or African American,Not Hispanic or Latino,22911,VA,Western,08-01-2025
PAT006488,10-09-1981,Male,Black or African American,Not Hispanic or Latino,22554,VA,Northern,16-10-2024
PAT006489,24-07-1946,Female,White,Not Hispanic or Latino,23225,VA,Central,01-05-2024
PAT006490,10-06-2016,Female,Black or African American,Not Hispanic or Latino,22401,VA,Northern,12-01-2024
PAT006491,14-03-2004,Male,White,Not Hispanic or Latino,23602,VA,Eastern,29-11-2024
PAT006492,14-01-1956,Female,Black or African American,Not Hispanic or Latino,23223,VA,Central,18-06-2023
PAT006493,24-10-1961,Female,Asian,Not Hispanic or Latino,22901,VA,Western,16-02-2023
PAT006494,23-02-1984,Male,Native Hawaiian or Other Pacific Islander,Not Hispanic or Latino,22911,VA,Western,18-02-2025
PAT006495,02-01-2023,Female,White,Not Hispanic or Latino,23805,VA,Southern,25-11-2023
PAT006496,26-03-1999,Male,Asian,Not Hispanic or Latino,23220,VA,Central,08-04-2025
PAT006497,27-07-2003,Female,Asian,Unknown,23221,VA,Central,08-11-2023
PAT006498,21-02-1980,Male,White,Hispanic or Latino,23225,VA,Central,29-12-2024
PAT006499,13-11-1976,Male,Multiple,Not Hispanic or Latino,23221,VA,Central,19-02-2025
PAT006500,25-10-1941,Female,Black or African American,Not Hispanic or Latino,23225,VA,Central,27-10-2023
PAT006501,07-09-2025,Female,White,Not Hispanic or Latino,23223,VA,Central,09-11-2025
PAT006502,03-12-1981,Male,White,Not Hispanic or Latino,22401,VA,Northern,23-01-2023
PAT006503,08-10-1949,Female,White,Not Hispanic or Latino,23601,VA,Eastern,21-12-2024
PAT006504,25-03-2010,Male,White,Not Hispanic or Latino,22405,VA,Northern,22-07-2025
PAT006505,07-12-1990,Female,White,Not Hispanic or Latino,22405,VA,Northern,26-10-2023
PAT006506,21-01-1960,female,White,Not Hispanic or Latino,22551,VA,Northern,01-07-2024
PAT006507,20-06-1982,Female,White,Not Hispanic or Latino,22551,VA,Northern,21-09-2023
PAT006508,18-04-1952,Male,Asian,Not Hispanic or Latino,23225,VA,Central,08-09-2023
PAT006509,12-10-1973,Male,White,Hispanic or Latino,23220,VA,Central,27-08-2024
PAT006510,23-03-1997,Male,White,Not Hispanic or Latino,23803,VA,,09-11-2024
PAT006511,01-11-1991,Female,White,Not Hispanic or Latino,23805,VA,Southern,22-11-2025
PAT006512,26-01-1984,Female,White,Not Hispanic or Latino,23834,VA,Southern,31-03-2023
PAT006513,01-09-1986,Male,White,Not Hispanic or Latino,23805,VA,Southern,08-01-2024
PAT006514,14-01-2017,Male,Other,Not Hispanic or Latino,22554,VA,Northern,07-09-2024
PAT006515,15-05-1945,Male,Multiple,Hispanic or Latino,23225,VA,Central,29-11-2024
PAT006516,19-12-2024,Female,Other,Not Hispanic or Latino,23803,VA,Southern,29-04-2025
PAT006517,17-11-2005,Female,Asian,Not Hispanic or Latino,23602,VA,Eastern,11-06-2025
PAT006518,09-12-1948,Female,White,Unknown,23221,VA,Central,14-03-2023
PAT006519,11-07-1974,Male,Multiple,Not Hispanic or Latino,22554,VA,Northern,02-06-2025
PAT006520,17-04-2021,Female,Other,Not Hispanic or Latino,23225,VA,Central,23-12-2025
PAT006521,15-09-1991,Male,White,Not Hispanic or Latino,23606,VA,Eastern,12-12-2024
PAT006522,20-12-1994,Male,Black or African American,Not Hispanic or Latino,23221,VA,Central,01-06-2023
PAT006523,22-07-2001,Male,White,Not Hispanic or Latino,23220,VA,Central,03-05-2025
PAT006524,05-03-1940,Female,Black or African American,Not Hispanic or Latino,23220,VA,Central,30-06-2023
PAT006525,28-12-2022,Female,Black or African American,Not Hispanic or Latino,22405,VA,Northern,21-02-2025
PAT006526,16-05-1990,Male,White,Not Hispanic or Latino,23602,VA,Eastern,04-07-2025
PAT006527,20-10-2005,Female,White,Not Hispanic or Latino,23803,VA,Southern,14-03-2024
PAT006528,07-01-2009,Female,Asian,Not Hispanic or Latino,22903,VA,Western,06-09-2023
PAT006529,19-09-2017,Male,American Indian or Alaska Native,Not Hispanic or Latino,23223,VA,Central,18-05-2024
PAT006530,23-03-2008,Male,Black or African American,Not Hispanic or Latino,22554,VA,Northern,22-09-2024
PAT006531,23-10-2023,Male,Multiple,Not Hispanic or Latino,22401,VA,Northern,14-07-2024
PAT006532,24-10-2011,Male,White,Not Hispanic or Latino,23220,VA,Central,10-01-2025
PAT006533,15-05-1987,Female,Black or African American,Not Hispanic or Latino,23805,VA,Southern,05-05-2024
PAT006534,24-02-2014,Male,Black or African American,Not Hispanic or Latino,23225,VA,Central,29-08-2025
PAT006535,02-11-1972,Female,White,Hispanic or Latino,23831,VA,Southern,28-03-2024
PAT006536,24-11-2003,Male,Black or African American,Not Hispanic or Latino,23225,VA,Central,07-10-2025
PAT006537,09-09-1990,Female,Asian,Not Hispanic or Latino,22551,VA,Northern,18-12-2025
PAT006538,27-07-1964,Female,White,Not Hispanic or Latino,23831,VA,Southern,17-02-2025
PAT006539,05-11-1938,Female,White,Not Hispanic or Latino,22405,VA,Northern,22-01-2025
PAT006540,17-03-2002,Other,Native Hawaiian or Other Pacific Islander,Not Hispanic or Latino,22902,VA,Western,04-01-2023
PAT006541,17-02-1963,Male,Other,Not Hispanic or Latino,23221,VA,Central,12-11-2023
PAT006542,07-06-2000,Male,Asian,Not Hispanic or Latino,22901,VA,Western,13-06-2025
PAT006543,17-09-1976,Female,American Indian or Alaska Native,Not Hispanic or Latino,23831,VA,Southern,24-05-2025
PAT006544,10-12-1982,Female,Black or African American,Not Hispanic or Latino,23225,VA,Central,20-09-2025
PAT006545,16-11-1994,Female,White,Not Hispanic or Latino,23220,VA,Central,28-03-2025
PAT006546,26-06-2017,Female,Black or African American,Not Hispanic or Latino,23805,VA,Southern,09-09-2025
PAT006547,09-12-1999,Male,American Indian or Alaska Native,Not Hispanic or Latino,23223,VA,Central,30-08-2025
PAT006548,03-03-1970,Male,White,Hispanic or Latino,22902,VA,Western,01-01-2025
PAT006549,03-04-1980,Male,Asian,Not Hispanic or Latino,22551,VA,Northern,22-10-2024
PAT006550,26-11-2014,Male,White,Not Hispanic or Latino,22554,VA,Northern,21-11-2023
PAT006551,20-12-1991,Female,Black or African American,Not Hispanic or Latino,23834,VA,Southern,16-07-2024
PAT006552,15-12-1982,Female,White,Not Hispanic or Latino,23602,VA,Eastern,28-06-2023
PAT006553,23-02-1980,Male,Multiple,Not Hispanic or Latino,23602,VA,Eastern,14-12-2025
PAT006554,06-11-1948,Male,Black or African American,Not Hispanic or Latino,22551,VA,Northern,27-06-2025
PAT006555,27-02-1970,Female,White,Not Hispanic or Latino,22401,VA,Northern,06-10-2025
PAT006556,11-05-1984,Female,Other,Hispanic or Latino,22405,VA,Northern,03-07-2024
PAT006557,12-07-1981,Female,Black or African American,Not Hispanic or Latino,23602,VA,Eastern,28-05-2023
PAT006558,25-06-1978,Male,White,Not Hispanic or Latino,23225,VA,Central,28-09-2024
PAT006559,13-10-2004,Female,White,Not Hispanic or Latino,23834,VA,Southern,20-12-2025
PAT006560,24-04-2012,Male,Unknown,Hispanic or Latino,23220,VA,Central,13-04-2023
PAT006561,24-06-2019,Female,Black or African American,Hispanic or Latino,23805,VA,Southern,05-05-2023
PAT006562,26-07-2022,Female,Black or African American,Not Hispanic or Latino,22405,VA,Northern,19-03-2023
PAT006563,11-12-1989,Female,Unknown,Not Hispanic or Latino,22911,VA,Western,14-11-2023
PAT006564,05-05-1973,Female,White,Not Hispanic or Latino,23601,VA,Eastern,09-12-2025
PAT006565,26-09-1952,Male,White,Not Hispanic or Latino,23805,VA,Southern,17-09-2024
PAT006566,20-11-1936,Female,Asian,Not Hispanic or Latino,23221,VA,Central,09-09-2025
PAT006567,18-07-1969,Female,Black or African American,Not Hispanic or Latino,23185,VA,Eastern,30-11-2025
PAT006568,14-05-1963,Female,White,Hispanic or Latino,22401,VA,Northern,19-06-2023
PAT006569,09-01-1991,Female,White,Not Hispanic or Latino,22901,VA,Western,22-02-2024
PAT006570,18-05-2019,Female,White,Not Hispanic or Latino,23220,VA,Central,28-05-2023
PAT006571,15-04-1950,Female,Multiple,Not Hispanic or Latino,22405,VA,Northern,06-02-2025
PAT006572,13-07-2009,Male,White,Not Hispanic or Latino,23225,VA,Central,02-08-2023
PAT006573,09-06-1949,Female,White,Not Hispanic or Latino,22903,VA,Western,03-05-2025
PAT006574,08-06-2025,Male,White,Not Hispanic or Latino,23805,VA,Southern,16-09-2025
PAT006575,14-10-2006,Male,White,Hispanic or Latino,22911,VA,Western,01-07-2024
PAT006576,27-12-1976,Female,White,Not Hispanic or Latino,23225,VA,Central,10-10-2023
PAT006577,02-03-1945,Female,White,Hispanic or Latino,23602,VA,Eastern,27-02-2024
PAT006578,28-12-2013,Female,Black or African American,Not Hispanic or Latino,23831,VA,Southern,09-05-2023
PAT006579,23-10-1989,Female,White,Not Hispanic or Latino,23221,VA,Central,22-12-2025
PAT006580,14-06-1977,Male,Asian,Not Hispanic or Latino,23606,VA,Eastern,11-11-2023
PAT006581,12-09-1963,Female,Black or African American,Not Hispanic or Latino,23185,VA,Eastern,16-12-2023
PAT006582,11-06-1989,Female,White,Not Hispanic or Latino,23601,VA,Eastern,18-05-2024
PAT006583,16-11-1960,Female,Black or African American,Unknown,23225,VA,Central,27-11-2024
PAT006584,05-09-2015,Male,Unknown,Not Hispanic or Latino,23185,VA,Eastern,22-11-2023
PAT006585,14-03-2013,Male,Black or African American,Not Hispanic or Latino,23223,VA,Central,21-03-2024
PAT006586,13-06-1981,Male,Black or African American,Hispanic or Latino,23834,VA,Southern,14-11-2025
PAT006587,24-05-2017,Female,White,Not Hispanic or Latino,22551,VA,Northern,06-01-2023
PAT006588,20-09-1968,Female,Other,Not Hispanic or Latino,23803,VA,Southern,11-09-2025
PAT006589,03-06-1962,Female,Black or African American,Not Hispanic or Latino,23220,VA,Central,30-10-2025
PAT006590,16-08-2005,Female,Black or African American,Not Hispanic or Latino,23223,VA,Central,28-01-2025
PAT006591,19-03-1989,Female,White,Not Hispanic or Latino,22903,VA,Western,04-09-2024
PAT006592,20-05-2004,Female,American Indian or Alaska Native,Not Hispanic or Latino,23221,VA,Central,25-11-2024
PAT006593,04-11-2019,Male,Other,Not Hispanic or Latino,22911,VA,Western,18-07-2024
PAT006594,25-09-2002,Female,White,Not Hispanic or Latino,23221,VA,Central,25-11-2025
PAT006595,19-11-1997,Male,White,Not Hispanic or Latino,23834,VA,Southern,11-07-2024
PAT006596,14-08-1983,Female,Black or African American,Not Hispanic or Latino,22903,VA,Western,15-02-2025
PAT006597,19-06-1936,Male,White,Not Hispanic or Latino,22401,VA,Northern,12-09-2025
PAT006598,11-06-2007,Female,White,Not Hispanic or Latino,23602,VA,Eastern,23-06-2024
PAT006599,27-11-2001,Male,White,Not Hispanic or Latino,23223,VA,Central,31-03-2024
PAT006600,16-09-1994,Male,White,Not Hispanic or Latino,22551,VA,Northern,28-07-2023
PAT006601,26-07-1997,Female,Black or African American,Not Hispanic or Latino,23805,VA,Southern,16-10-2023
PAT006602,27-01-1979,Other,White,Not Hispanic or Latino,23223,VA,Central,21-04-2023
PAT006603,23-07-1945,Female,Asian,Not Hispanic or Latino,22902,VA,Western,03-09-2024
PAT006604,07-06-2022,Female,Other,Not Hispanic or Latino,23223,VA,Central,07-08-2025
PAT006605,02-02-1968,Male,White,Not Hispanic or Latino,23220,VA,Central,13-08-2023
PAT006606,21-06-2022,Female,Black or African American,Hispanic or Latino,23223,VA,Central,04-08-2025
PAT006607,25-04-1946,Male,Black or African American,Not Hispanic or Latino,22554,VA,Northern,22-06-2024
PAT006608,03-11-2018,Male,Black or African American,Not Hispanic or Latino,23831,VA,Southern,17-09-2025
PAT006609,12-03-2021,Male,White,Not Hispanic or Latino,23831,VA,Southern,17-08-2025
PAT006610,13-06-2009,Female,Black or African American,Not Hispanic or Latino,22554,VA,Northern,01-08-2023
PAT006611,09-06-1987,Male,Black or African American,Not Hispanic or Latino,23834,VA,Southern,24-09-2024
PAT006612,18-07-2004,Female,White,Not Hispanic or Latino,23223,VA,Central,05-02-2025
PAT006613,20-04-2011,Male,White,Hispanic or Latino,23223,VA,Central,07-11-2023
PAT006614,18-03-2000,Male,Asian,Hispanic or Latino,22903,VA,Western,02-02-2025
PAT006615,01-09-1949,Male,White,Hispanic or Latino,23831,VA,Southern,22-09-2025
PAT006616,10-10-1964,Male,White,Not Hispanic or Latino,23225,VA,Central,11-01-2025
PAT006617,21-02-1944,Male,White,Not Hispanic or Latino,23834,VA,Southern,04-04-2025
PAT006618,26-03-2006,Male,White,Not Hispanic or Latino,23831,VA,Southern,29-08-2023
PAT006619,06-07-2019,Female,White,Not Hispanic or Latino,23805,VA,Southern,13-03-2024
PAT006620,21-12-1979,Female,White,Not Hispanic or Latino,22554,VA,Northern,28-06-2025
PAT006621,01-05-2007,Male,White,Not Hispanic or Latino,23225,VA,Central,28-07-2023
PAT006622,26-07-1952,Male,Black or African American,Not Hispanic or Latino,22911,VA,Western,16-07-2023
PAT006623,16-12-2017,Other,Multiple,Not Hispanic or Latino,22911,VA,Western,17-05-2024
PAT006624,18-02-1951,Female,Asian,Not Hispanic or Latino,22554,VA,Northern,16-10-2024
PAT006625,02-06-1981,Unknown,White,Not Hispanic or Latino,23221,VA,Central,19-10-2025
PAT006626,23-06-1998,Male,White,Unknown,22551,VA,Northern,17-03-2023
PAT006627,01-08-1974,Male,Multiple,Not Hispanic or Latino,22405,VA,Northern,06-03-2025
PAT006628,03-01-2004,Male,White,Not Hispanic or Latino,22911,VA,Western,13-12-2024
PAT006629,01-11-1941,Male,Unknown,Hispanic or Latino,22401,VA,Northern,03-08-2023
PAT006630,02-12-1983,Male,White,Not Hispanic or Latino,23834,VA,Southern,31-07-2025
PAT006631,09-11-1942,Female,Black or African American,Not Hispanic or Latino,22401,VA,Northern,28-09-2025
PAT006632,23-07-1943,Female,White,Not Hispanic or Latino,22902,VA,Western,19-12-2025
PAT006633,22-06-2015,Female,White,Not Hispanic or Latino,23220,VA,Central,25-03-2025
PAT006634,04-03-1938,Female,White,Not Hispanic or Latino,23223,VA,Central,29-04-2024
PAT006635,25-09-1939,Female,Asian,Hispanic or Latino,23834,VA,Southern,30-06-2025
PAT006636,08-11-1948,Female,White,Not Hispanic or Latino,23602,VA,Eastern,10-02-2024
PAT006637,16-07-1978,Male,White,Not Hispanic or Latino,23221,VA,Central,23-01-2025
PAT006638,17-12-1996,Female,Black or African American,Not Hispanic or Latino,23225,VA,Central,04-04-2023
PAT006639,15-01-1968,Male,White,Not Hispanic or Latino,23805,VA,Southern,30-09-2023
PAT006640,07-09-1967,Male,White,Not Hispanic or Latino,23223,VA,Central,24-06-2023
PAT006641,26-04-2019,Female,White,Not Hispanic or Latino,23831,VA,Southern,07-08-2023
PAT006642,01-10-2019,Female,Black or African American,Hispanic or Latino,23803,VA,Southern,11-07-2024
PAT006643,20-01-1987,Female,Asian,Not Hispanic or Latino,22911,VA,Western,26-09-2024
PAT006644,21-08-1988,Female,White,Not Hispanic or Latino,23223,VA,Central,09-04-2024
PAT006645,28-07-1969,Male,White,Not Hispanic or Latino,23221,VA,Central,04-10-2024
PAT006646,25-12-2010,Male,White,Not Hispanic or Latino,22551,VA,Northern,23-06-2025
PAT006647,23-02-1978,Female,Black or African American,Hispanic or Latino,23223,VA,Central,01-12-2025
PAT006648,23-04-2007,Female,White,Not Hispanic or Latino,23220,VA,Central,16-04-2023
PAT006649,24-11-1993,Female,White,Not Hispanic or Latino,22902,VA,Western,15-01-2025
PAT006650,18-06-2012,Female,White,Not Hispanic or Latino,23601,VA,Eastern,09-03-2025
PAT006651,06-09-2025,Female,White,Hispanic or Latino,22554,VA,Northern,29-09-2025
PAT006652,08-07-1965,Female,Black or African American,Not Hispanic or Latino,22911,VA,Western,25-06-2024
PAT006653,05-02-1938,Female,White,Not Hispanic or Latino,23606,VA,Eastern,28-05-2025
PAT006654,03-02-1942,Male,Black or African American,Unknown,22405,VA,Northern,21-09-2023
PAT006655,03-03-1972,Female,Black or African American,Not Hispanic or Latino,23223,VA,Central,07-12-2023
PAT006656,26-03-1985,Male,White,Not Hispanic or Latino,23225,VA,Central,19-06-2023
PAT006657,16-10-1957,Female,Black or African American,Not Hispanic or Latino,23221,VA,Central,13-11-2024
PAT006658,25-07-1998,Male,American Indian or Alaska Native,Not Hispanic or Latino,22903,VA,Western,13-07-2025
PAT006659,21-11-1971,Female,Black or African American,Not Hispanic or Latino,23831,VA,Southern,12-02-2025
PAT006660,07-12-2014,Female,White,Not Hispanic or Latino,23221,VA,Central,06-02-2025
PAT006661,10-05-2015,Female,White,Not Hispanic or Latino,22401,VA,Northern,13-08-2023
PAT006662,26-02-1991,Female,Black or African American,Not Hispanic or Latino,23223,VA,Central,24-06-2023
PAT006663,15-07-2001,Female,White,Not Hispanic or Latino,23805,VA,Southern,12-11-2025
PAT006664,11-11-1975,Male,White,Not Hispanic or Latino,23221,VA,Central,29-04-2023
PAT006665,27-09-1954,Female,Native Hawaiian or Other Pacific Islander,Not Hispanic or Latino,23220,VA,Central,19-03-2024
PAT006666,14-12-1946,Male,White,Not Hispanic or Latino,23223,VA,Central,24-07-2023
PAT006667,28-05-1967,Female,Asian,Not Hispanic or Latino,23225,VA,Central,14-06-2023
PAT006668,22-07-1986,Male,White,Not Hispanic or Latino,23805,VA,Southern,06-12-2023
PAT006669,09-02-2025,Female,Unknown,Not Hispanic or Latino,22405,VA,Northern,21-05-2025
PAT006670,09-06-1972,Female,Multiple,Not Hispanic or Latino,23220,VA,Central,19-07-2023
PAT006671,15-03-2004,Male,White,Not Hispanic or Latino,23221,VA,Central,29-02-2024
PAT006672,07-01-1948,Male,White,Not Hispanic or Latino,23220,VA,Central,06-11-2025
PAT006673,10-07-1968,Male,Multiple,Not Hispanic or Latino,22911,VA,Western,15-09-2025
PAT006674,19-12-1990,Female,White,Not Hispanic or Latino,22901,VA,Western,13-05-2025
PAT006675,04-07-2010,Female,American Indian or Alaska Native,Unknown,23221,VA,Central,10-08-2025
PAT006676,24-03-1995,Male,Asian,Not Hispanic or Latino,23223,VA,Central,06-01-2023
PAT006677,21-07-1992,Male,White,Not Hispanic or Latino,22911,VA,Western,15-05-2023
PAT006678,04-03-1994,Female,Black or African American,Hispanic or Latino,23606,VA,Eastern,29-10-2023
PAT006679,18-05-2024,Female,Black or African American,Not Hispanic or Latino,23225,VA,Central,13-12-2025
PAT006680,10-11-1990,Female,Black or African American,Not Hispanic or Latino,23803,VA,Southern,23-10-2025
PAT006681,08-10-1995,Male,Black or African American,Not Hispanic or Latino,23220,VA,Central,08-04-2024
PAT006682,28-07-2020,Male,Black or African American,Not Hispanic or Latino,22554,VA,Northern,03-11-2024
PAT006683,20-05-1995,Male,Asian,Not Hispanic or Latino,23225,VA,Central,14-08-2025
PAT006684,19-02-1971,Female,White,Not Hispanic or Latino,23220,VA,Central,01-04-2025
PAT006685,23-06-2024,Male,Black or African American,Not Hispanic or Latino,23805,VA,Southern,13-07-2024
PAT006686,26-05-2013,Male,White,Not Hispanic or Latino,22401,VA,Northern,23-09-2025
PAT006687,08-01-1965,Female,Black or African American,Not Hispanic or Latino,22903,VA,Western,25-09-2023
PAT006688,04-11-1970,Female,Black or African American,Not Hispanic or Latino,23225,VA,Central,19-04-2023
PAT006689,03-09-1974,Male,White,Not Hispanic or Latino,23223,VA,Central,24-07-2023
PAT006690,18-07-1954,Female,Black or African American,Not Hispanic or Latino,23805,VA,Southern,12-03-2025
PAT006691,15-01-1983,Male,Other,Not Hispanic or Latino,23602,VA,Eastern,25-12-2023
PAT006692,08-06-1957,Female,Black or African American,Not Hispanic or Latino,22901,VA,Western,24-05-2024
PAT006693,24-07-1940,Female,Asian,Not Hispanic or Latino,23221,VA,Central,29-11-2024
PAT006694,26-07-2002,Female,White,Not Hispanic or Latino,23803,VA,Southern,15-10-2023
PAT006695,14-02-1988,Male,Black or African American,Not Hispanic or Latino,23185,VA,Eastern,10-11-2025
PAT006696,26-06-2011,Female,Asian,Not Hispanic or Latino,22554,VA,Northern,19-11-2025
PAT006697,28-03-2007,Male,White,Not Hispanic or Latino,23805,VA,Southern,12-02-2024
PAT006698,18-06-1978,Female,White,Not Hispanic or Latino,23805,VA,Southern,28-10-2025
PAT006699,22-04-1951,Male,White,Not Hispanic or Latino,23803,VA,Southern,09-01-2023
PAT006700,15-06-1947,Female,Asian,Not Hispanic or Latino,23221,VA,Central,30-10-2024
PAT006701,10-08-1958,Male,White,Unknown,23223,VA,Central,03-06-2024
PAT006702,07-10-2013,Male,Black or African American,Hispanic or Latino,22554,VA,Northern,08-09-2023
PAT006703,24-03-1975,Female,White,Not Hispanic or Latino,23803,VA,Southern,15-09-2024
PAT006704,05-02-2024,Male,Black or African American,Not Hispanic or Latino,22405,VA,Northern,16-08-2024
PAT006705,11-10-2023,Male,Black or African American,Not Hispanic or Latino,23831,VA,Southern,19-03-2025
PAT006706,23-10-1965,Female,Unknown,Not Hispanic or Latino,22551,VA,Northern,25-01-2023
PAT006707,26-06-2018,Male,Black or African American,Unknown,23225,VA,Central,24-07-2023
PAT006708,03-08-1968,Unknown,Asian,Not Hispanic or Latino,23225,VA,Central,24-02-2023
PAT006709,12-01-2019,Male,Asian,Hispanic or Latino,23225,VA,Central,21-10-2025
PAT006710,19-01-1983,Female,Black or African American,Unknown,23223,VA,Central,31-05-2023
PAT006711,23-05-1988,Female,White,Not Hispanic or Latino,23834,VA,Southern,10-01-2023
PAT006712,13-02-1970,Male,Asian,Not Hispanic or Latino,23223,VA,Central,19-04-2024
PAT006713,21-11-1978,Female,White,Not Hispanic or Latino,23223,VA,Central,03-03-2024
PAT006714,13-08-1953,Male,Unknown,Hispanic or Latino,23223,VA,Central,25-08-2023
PAT006715,15-09-1978,Female,Black or African American,Not Hispanic or Latino,22551,VA,Northern,25-07-2025
PAT006716,14-11-2011,Female,Black or African American,Hispanic or Latino,23220,VA,Central,20-01-2023
PAT006717,08-05-1984,Male,Asian,Not Hispanic or Latino,23831,VA,Southern,26-10-2024
PAT006718,19-12-1965,Female,Black or African American,Not Hispanic or Latino,23834,VA,Southern,22-04-2024
PAT006719,25-11-1958,Female,White,Not Hispanic or Latino,23225,VA,Central,29-04-2024
PAT006720,08-04-2024,Female,Black or African American,Not Hispanic or Latino,22405,VA,Northern,03-01-2025
PAT006721,24-07-1981,Male,White,Not Hispanic or Latino,23225,VA,Central,13-11-2024
PAT006722,28-05-2010,Male,White,Hispanic or Latino,22554,VA,Northern,27-08-2023
PAT006723,18-05-2025,Male,Asian,Not Hispanic or Latino,23831,VA,Southern,01-10-2025
PAT006724,10-10-2006,Female,Black or African American,Not Hispanic or Latino,23225,VA,Central,20-03-2024
PAT006725,03-09-2022,Female,White,Not Hispanic or Latino,22903,VA,Western,03-03-2025
PAT006726,28-06-1990,Female,American Indian or Alaska Native,Not Hispanic or Latino,23831,VA,Southern,29-11-2023
PAT006727,15-01-1945,Female,Other,Not Hispanic or Latino,22554,VA,Northern,04-09-2024
PAT006728,27-07-1992,Female,White,Not Hispanic or Latino,23220,VA,Central,04-08-2023
PAT006729,16-01-1974,Female,White,Not Hispanic or Latino,22551,VA,Northern,14-03-2025
PAT006730,12-08-1998,Female,Black or African American,Not Hispanic or Latino,22903,VA,Western,20-12-2024
PAT006731,15-06-1984,Female,Black or African American,Not Hispanic or Latino,22405,VA,Northern,14-11-2025
PAT006732,06-03-1993,Male,White,Not Hispanic or Latino,23834,VA,Southern,06-03-2024
PAT006733,11-09-1971,Female,White,Hispanic or Latino,23223,VA,Central,20-02-2023
PAT006734,19-04-1936,Female,Multiple,Not Hispanic or Latino,23803,VA,Southern,05-11-2025
PAT006735,13-11-1986,Female,Black or African American,Not Hispanic or Latino,23831,VA,Southern,03-05-2025
PAT006736,13-07-1975,Male,Other,Not Hispanic or Latino,23601,VA,Eastern,15-04-2025
PAT006737,17-04-1974,Female,White,Not Hispanic or Latino,23221,VA,Central,19-04-2025
PAT006738,16-09-1935,Male,White,Not Hispanic or Latino,23220,VA,Central,25-06-2025
PAT006739,15-08-2011,Female,White,Hispanic or Latino,23223,VA,Central,17-08-2025
PAT006740,07-11-1959,Male,Black or African American,Not Hispanic or Latino,23225,VA,Central,23-10-2023
PAT006741,16-04-2013,Female,Black or African American,Hispanic or Latino,23225,VA,Central,12-01-2024
PAT006742,26-12-1976,Female,White,Not Hispanic or Latino,23606,VA,Eastern,23-05-2023
PAT006743,02-02-1980,Male,White,Not Hispanic or Latino,23225,VA,Central,03-05-2024
PAT006744,05-02-2014,Female,White,Not Hispanic or Latino,23834,VA,Southern,20-12-2023
PAT006745,26-11-1973,Male,White,Not Hispanic or Latino,22901,VA,Western,13-04-2025
PAT006746,06-11-1982,Male,White,Not Hispanic or Latino,23223,VA,Central,18-02-2024
PAT006747,07-04-1973,Female,White,Not Hispanic or Latino,23221,VA,Central,17-04-2023
PAT006748,20-04-2021,Female,White,Not Hispanic or Latino,22405,VA,Northern,31-05-2024
PAT006749,01-07-1952,Male,White,Not Hispanic or Latino,23834,VA,Southern,26-02-2023
PAT006750,09-10-2013,Male,Unknown,Hispanic or Latino,23221,VA,Central,05-01-2023
PAT006751,12-10-1948,Male,White,Not Hispanic or Latino,23805,VA,Southern,26-01-2024
PAT006752,18-08-1950,Female,White,Not Hispanic or Latino,22551,VA,,23-10-2024
PAT006753,20-03-1963,Female,Black or African American,Unknown,23223,VA,Central,05-07-2023
PAT006754,11-09-2021,Female,White,Not Hispanic or Latino,22405,VA,Northern,14-09-2025
PAT006755,02-01-1979,Male,Multiple,Not Hispanic or Latino,22551,VA,Northern,26-06-2024
PAT006756,27-09-2017,Female,White,Not Hispanic or Latino,23223,VA,Central,11-08-2024
PAT006757,25-08-1982,Female,White,Not Hispanic or Latino,23831,VA,Southern,17-05-2024
PAT006758,19-02-2004,Female,White,Not Hispanic or Latino,23185,VA,Eastern,08-06-2024
PAT006759,12-06-2002,Male,White,Unknown,23831,VA,,21-10-2023
PAT006760,11-01-1982,Male,White,Not Hispanic or Latino,22902,VA,Western,28-06-2025
PAT006761,05-05-2012,Female,White,Not Hispanic or Latino,22554,VA,Northern,13-11-2024
PAT006762,16-01-1963,Female,Black or African American,Not Hispanic or Latino,23225,VA,Central,21-12-2025
PAT006763,18-08-1940,Female,White,Not Hispanic or Latino,22911,VA,Western,26-02-2023
PAT006764,08-01-2020,Male,Black or African American,Hispanic or Latino,23601,VA,Eastern,12-12-2023
PAT006765,03-04-2004,Male,Black or African American,Not Hispanic or Latino,22911,VA,Western,12-03-2023
PAT006766,20-02-1961,Male,Black or African American,Not Hispanic or Latino,22903,VA,Western,01-04-2025
PAT006767,19-04-1969,Female,White,Not Hispanic or Latino,23601,VA,Eastern,24-08-2025
PAT006768,06-08-2009,Female,Black or African American,Hispanic or Latino,23834,VA,Southern,20-02-2024
PAT006769,26-05-2005,Female,White,Not Hispanic or Latino,23221,VA,Central,26-09-2024
PAT006770,26-06-1981,Male,American Indian or Alaska Native,Hispanic or Latino,23606,VA,Eastern,22-12-2023
PAT006771,16-02-1981,Female,White,Hispanic or Latino,23834,VA,Southern,26-09-2024
PAT006772,14-02-1971,Male,White,Not Hispanic or Latino,23220,VA,Central,25-04-2024
PAT006773,18-03-2001,Female,Black or African American,Not Hispanic or Latino,23220,VA,Central,22-08-2025
PAT006774,11-01-1975,Male,White,Not Hispanic or Latino,23185,VA,Eastern,26-03-2023
PAT006775,16-09-1955,Female,White,Not Hispanic or Latino,23602,VA,Eastern,24-11-2024
PAT006776,05-02-1980,Male,White,Not Hispanic or Latino,23185,VA,Eastern,29-10-2023
PAT006777,24-03-1980,Other,Asian,Hispanic or Latino,23220,VA,Central,18-06-2023
PAT006778,12-08-1979,Male,Asian,Not Hispanic or Latino,23223,VA,Central,20-01-2025
PAT006779,13-02-1971,Female,White,Not Hispanic or Latino,23831,VA,Southern,21-12-2025
PAT006780,05-10-1968,Male,Black or African American,Not Hispanic or Latino,22401,VA,Northern,24-04-2023
PAT006781,14-07-1999,Female,White,Not Hispanic or Latino,23221,VA,Central,13-08-2025
PAT006782,24-11-1950,Male,Black or African American,Hispanic or Latino,23803,VA,Southern,20-07-2023
PAT006783,13-03-1970,Male,White,Not Hispanic or Latino,23834,VA,Southern,01-06-2024
PAT006784,27-03-1999,Female,White,Not Hispanic or Latino,23803,VA,Southern,15-04-2024
PAT006785,16-01-2013,Female,Other,Not Hispanic or Latino,23602,VA,Eastern,21-08-2024
PAT006786,01-04-2001,Female,White,Not Hispanic or Latino,23223,VA,Central,05-11-2025
PAT006787,08-03-1945,Female,White,Not Hispanic or Latino,23601,VA,Eastern,25-03-2025
PAT006788,21-12-1982,Female,Other,Not Hispanic or Latino,22401,VA,Northern,22-05-2025
PAT006789,28-02-2006,Female,White,Not Hispanic or Latino,23223,VA,Central,18-11-2024
PAT006790,05-10-1946,Male,Multiple,Not Hispanic or Latino,23221,VA,Central,03-10-2023
PAT006791,03-08-1969,Male,White,Not Hispanic or Latino,23223,VA,Central,24-12-2025
PAT006792,23-09-1997,Male,Black or African American,Not Hispanic or Latino,23220,VA,Central,31-07-2025
PAT006793,12-02-2007,Male,White,Not Hispanic or Latino,23220,VA,Central,07-08-2023
PAT006794,16-07-1966,Female,Asian,Hispanic or Latino,22551,VA,Northern,28-09-2023
PAT006795,05-10-1960,Male,Multiple,Not Hispanic or Latino,23223,VA,Central,31-05-2023
PAT006796,02-03-1981,Male,White,Not Hispanic or Latino,22901,VA,Western,13-11-2023
PAT006797,24-12-1943,Male,Multiple,Not Hispanic or Latino,22903,VA,Western,16-09-2023
PAT006798,23-04-1953,Female,White,Hispanic or Latino,23221,VA,Central,10-07-2025
PAT006799,27-01-1962,Male,White,Not Hispanic or Latino,22903,VA,Western,09-02-2024
PAT006800,11-10-2010,Male,White,Hispanic or Latino,23805,VA,Southern,31-07-2023
PAT006801,21-09-1985,Female,Asian,Not Hispanic or Latino,22903,VA,Western,22-10-2024
PAT006802,03-02-1935,Female,White,Not Hispanic or Latino,22551,VA,Northern,08-03-2024
PAT006803,10-02-1993,Male,White,Not Hispanic or Latino,23221,VA,Central,09-02-2023
PAT006804,11-08-1935,Female,White,Not Hispanic or Latino,22911,VA,Western,11-09-2024
PAT006805,06-05-2004,Male,White,Not Hispanic or Latino,23223,VA,Central,15-08-2025
PAT006806,19-04-1962,Female,Black or African American,Not Hispanic or Latino,22551,VA,Northern,21-11-2023
PAT006807,12-03-2013,Male,Black or African American,Not Hispanic or Latino,23185,VA,Eastern,25-11-2025
PAT006808,23-04-2008,Male,Asian,Not Hispanic or Latino,23220,VA,Central,31-12-2023
PAT006809,19-11-1971,Male,White,Not Hispanic or Latino,23606,VA,Eastern,09-07-2025
PAT006810,14-11-2000,Female,Black or African American,Not Hispanic or Latino,23834,VA,Southern,10-09-2025
PAT006811,10-05-2020,Male,Black or African American,Not Hispanic or Latino,23221,VA,Central,18-09-2024
PAT006812,11-11-1987,Female,Black or African American,Not Hispanic or Latino,23831,VA,Southern,05-08-2025
PAT006813,06-08-2009,Male,White,Not Hispanic or Latino,23834,VA,Southern,11-01-2025
PAT006814,11-02-2010,Male,White,Not Hispanic or Latino,23225,VA,Central,21-09-2024
PAT006815,28-09-2000,Female,White,Not Hispanic or Latino,22901,VA,Western,17-11-2023
PAT006816,02-10-1941,Male,Black or African American,Not Hispanic or Latino,22902,VA,Western,07-07-2024
PAT006817,21-09-1976,Female,Multiple,Hispanic or Latino,23803,VA,Southern,30-08-2024
PAT006818,16-05-1988,Female,Other,Not Hispanic or Latino,23225,VA,Central,14-04-2023
PAT006819,02-12-2007,Male,White,Not Hispanic or Latino,23831,VA,Southern,20-01-2023
PAT006820,14-02-1966,Male,Black or African American,Not Hispanic or Latino,22554,VA,Northern,16-09-2025
PAT006821,14-08-2018,Male,White,Not Hispanic or Latino,23221,VA,Central,12-08-2024
PAT006822,13-07-1955,Female,White,Not Hispanic or Latino,23805,VA,Southern,15-09-2023
PAT006823,20-05-1949,Male,Other,Not Hispanic or Latino,22405,VA,Northern,09-03-2023
PAT006824,26-07-1987,Male,White,Not Hispanic or Latino,23221,VA,Central,19-04-2023
PAT006825,09-12-2023,Male,White,Not Hispanic or Latino,23803,VA,Southern,20-03-2024
PAT006826,15-03-1997,Male,White,Hispanic or Latino,23221,VA,Central,11-08-2023
PAT006827,25-02-1938,Female,Unknown,Hispanic or Latino,23606,VA,Eastern,13-01-2024
PAT006828,13-03-1962,Female,White,Not Hispanic or Latino,23602,VA,Eastern,15-05-2023
PAT006829,28-08-1971,Female,White,Not Hispanic or Latino,22903,VA,Western,12-05-2025
PAT006830,01-01-1981,Female,White,Not Hispanic or Latino,23220,VA,Central,04-12-2025
PAT006831,20-03-2017,Male,Black or African American,Not Hispanic or Latino,23805,VA,Southern,21-03-2024
PAT006832,17-10-1985,Female,White,Hispanic or Latino,22903,VA,Western,07-07-2025
PAT006833,06-05-1963,Female,White,Not Hispanic or Latino,23601,VA,Eastern,11-05-2024
PAT006834,25-11-1962,Female,Black or African American,Not Hispanic or Latino,22554,VA,Northern,04-05-2025
PAT006835,23-07-1965,Female,Black or African American,Not Hispanic or Latino,23606,VA,Eastern,03-09-2025
PAT006836,12-02-1963,Male,White,Unknown,23221,VA,Central,10-02-2023
PAT006837,14-03-2020,Male,White,Not Hispanic or Latino,22902,VA,Western,08-09-2024
PAT006838,25-12-2011,Female,White,Not Hispanic or Latino,23221,VA,Central,04-04-2025
PAT006839,02-01-1970,Male,White,Hispanic or Latino,23805,VA,Southern,21-10-2023
PAT006840,02-10-2007,Female,White,Not Hispanic or Latino,23220,VA,Central,04-06-2025
PAT006841,14-08-1986,Male,White,Not Hispanic or Latino,23220,VA,Central,30-09-2024
PAT006842,15-03-1971,Male,Black or African American,Unknown,23225,VA,Central,25-05-2024
PAT006843,09-06-1997,Female,Black or African American,Not Hispanic or Latino,23803,VA,Southern,04-08-2024
PAT006844,08-11-2002,Female,Black or African American,Not Hispanic or Latino,22901,VA,Western,31-03-2025
PAT006845,20-08-1981,Female,Unknown,Not Hispanic or Latino,23221,VA,Central,06-05-2023
PAT006846,12-08-2012,Other,Black or African American,Not Hispanic or Latino,23223,VA,Central,05-04-2024
PAT006847,08-05-2019,Male,Multiple,Not Hispanic or Latino,22911,VA,Western,09-02-2023
PAT006848,28-06-1986,Female,White,Not Hispanic or Latino,22902,VA,Western,11-01-2024
PAT006849,12-12-1935,Female,White,Not Hispanic or Latino,23221,VA,Central,17-11-2025
PAT006850,23-09-2010,Male,White,Not Hispanic or Latino,23221,VA,Central,15-11-2024
PAT006851,08-04-1983,Male,Black or African American,Not Hispanic or Latino,23220,VA,Central,29-03-2024
PAT006852,16-01-1972,Female,White,Not Hispanic or Latino,22405,VA,Northern,21-07-2024
PAT006853,21-04-2015,Female,Black or African American,Not Hispanic or Latino,23805,VA,Southern,14-04-2023
PAT006854,14-04-1973,Male,Asian,Not Hispanic or Latino,23223,VA,Central,27-07-2023
PAT006855,05-03-1962,Female,White,Not Hispanic or Latino,22903,VA,Western,01-09-2025
PAT006856,21-01-1952,Male,Asian,Not Hispanic or Latino,22903,VA,Western,26-01-2024
PAT006857,06-08-1938,Male,White,Not Hispanic or Latino,22401,VA,Northern,10-05-2024
PAT006858,02-06-1953,Female,Asian,Not Hispanic or Latino,23223,VA,Central,29-05-2023
PAT006859,05-01-2013,Female,Asian,Not Hispanic or Latino,22405,VA,Northern,28-09-2023
PAT006860,27-02-1950,Male,Black or African American,Not Hispanic or Latino,23220,VA,Central,25-09-2025
PAT006861,12-02-1938,Female,White,Not Hispanic or Latino,23223,VA,Central,26-10-2024
PAT006862,02-08-2008,Female,Black or African American,Not Hispanic or Latino,23223,VA,Central,18-04-2023
PAT006863,05-03-1999,Male,Asian,Unknown,23223,VA,Central,29-11-2024
PAT006864,03-05-1995,Male,White,Not Hispanic or Latino,22901,VA,Western,17-11-2023
PAT006865,28-06-1949,Male,White,Not Hispanic or Latino,23220,VA,Central,27-09-2023
PAT006866,17-04-1970,Female,White,Not Hispanic or Latino,23803,VA,Southern,22-09-2025
PAT006867,19-02-1991,Male,White,Not Hispanic or Latino,23803,VA,Southern,25-05-2024
PAT006868,01-06-1937,Female,Asian,Not Hispanic or Latino,23831,VA,Southern,02-04-2024
PAT006869,10-12-1964,Male,White,Not Hispanic or Latino,22554,VA,Northern,21-05-2023
PAT006870,28-12-1941,Male,Black or African American,Not Hispanic or Latino,22911,VA,Western,14-08-2023
PAT006871,16-12-1970,Female,White,Not Hispanic or Latino,22554,VA,Northern,03-01-2025
PAT006872,13-02-1968,Male,Asian,Unknown,23606,VA,Eastern,17-04-2024
PAT006873,21-09-1973,Male,White,Not Hispanic or Latino,23221,VA,Central,22-07-2024
PAT006874,01-04-1947,Female,Other,Not Hispanic or Latino,22551,VA,Northern,04-09-2023
PAT006875,05-07-1979,Female,White,Not Hispanic or Latino,23220,VA,Central,16-01-2025
PAT006876,14-12-1976,Female,Unknown,Not Hispanic or Latino,23221,VA,Central,09-10-2024
PAT006877,28-01-2003,Male,Other,Not Hispanic or Latino,22901,VA,Western,27-07-2025
PAT006878,11-02-1947,Female,White,Hispanic or Latino,23185,VA,Eastern,15-08-2024
PAT006879,11-01-1956,Female,White,Not Hispanic or Latino,22551,VA,Northern,22-10-2025
PAT006880,21-11-1996,Female,Black or African American,Not Hispanic or Latino,23225,VA,Central,01-07-2025
PAT006881,10-02-1983,Male,White,Not Hispanic or Latino,22902,VA,Western,17-03-2024
PAT006882,01-07-1938,Female,White,Not Hispanic or Latino,23185,VA,Eastern,19-03-2023
PAT006883,03-01-2004,Female,White,Not Hispanic or Latino,22903,VA,Western,05-05-2025
PAT006884,28-02-1937,Unknown,Other,Not Hispanic or Latino,22401,VA,Northern,19-03-2024
PAT006885,27-08-2021,Female,White,Not Hispanic or Latino,22401,VA,Northern,29-02-2024
PAT006886,26-05-1975,Female,White,Not Hispanic or Latino,23606,VA,Eastern,23-08-2023
PAT006887,18-04-1969,Female,White,Not Hispanic or Latino,22401,VA,Northern,14-04-2025
PAT006888,23-08-1944,Female,White,Not Hispanic or Latino,22903,VA,Western,01-07-2023
PAT006889,12-11-1967,Female,Other,Hispanic or Latino,22911,VA,Western,04-04-2023
PAT006890,02-11-1970,Female,Black or African American,Not Hispanic or Latino,22911,VA,Western,15-11-2024
PAT006891,18-09-1984,Male,Black or African American,Not Hispanic or Latino,22405,VA,Northern,17-02-2025
PAT006892,17-03-1992,Male,White,Not Hispanic or Latino,23803,VA,Southern,25-01-2023
PAT006893,23-03-1968,Male,White,Not Hispanic or Latino,22551,VA,Northern,17-11-2023
PAT006894,24-01-1977,Male,White,Not Hispanic or Latino,23803,VA,Southern,17-08-2024
PAT006895,21-03-2011,Male,Unknown,Not Hispanic or Latino,23221,VA,Central,27-07-2025
PAT006896,14-06-1954,Male,Black or African American,Not Hispanic or Latino,23223,VA,Central,06-02-2023
PAT006897,08-09-1983,Male,White,Not Hispanic or Latino,23220,VA,Central,28-12-2025
PAT006898,25-01-1972,Male,Other,Unknown,23225,VA,Central,27-06-2025
PAT006899,25-09-1961,Female,White,Not Hispanic or Latino,22903,VA,Western,31-07-2023
PAT006900,10-06-2017,Female,White,Not Hispanic or Latino,23221,VA,Central,23-04-2025
PAT006901,09-02-1983,Male,White,Not Hispanic or Latino,23225,VA,Central,11-09-2025
PAT006902,02-10-1986,Male,White,Not Hispanic or Latino,23225,VA,Central,15-02-2025
PAT006903,24-09-1967,Female,Asian,Not Hispanic or Latino,23834,VA,Southern,09-07-2025
PAT000667,28-02-1985,Male,Asian,Not Hispanic or Latino,23223,VA,Central,03-10-2025
PAT006905,14-02-1957,Female,White,Not Hispanic or Latino,22554,VA,Northern,26-12-2024
PAT006906,12-01-1994,Male,White,Hispanic or Latino,22554,VA,Northern,03-04-2025
PAT006907,08-05-2001,Male,White,Not Hispanic or Latino,22401,VA,Northern,28-10-2025
PAT006908,21-11-1975,Other,White,Not Hispanic or Latino,23834,VA,Southern,05-03-2024
PAT006909,24-01-2003,Male,White,Not Hispanic or Latino,22401,VA,Northern,03-10-2023
PAT006910,27-09-1949,Male,Black or African American,Not Hispanic or Latino,23223,VA,Central,27-05-2025
PAT006911,08-04-2015,Female,White,Hispanic or Latino,23225,VA,Central,03-09-2025
PAT006912,01-04-2010,Male,Black or African American,Not Hispanic or Latino,23221,VA,Central,23-07-2023
PAT006913,23-08-1948,Female,White,Not Hispanic or Latino,23225,VA,Central,10-08-2023
PAT006914,27-03-1966,Female,Black or African American,Not Hispanic or Latino,22551,VA,Northern,09-08-2023
PAT006915,18-05-1985,Female,White,Not Hispanic or Latino,22551,VA,Northern,11-11-2023
PAT006916,05-02-2025,Female,Other,Not Hispanic or Latino,23602,VA,Eastern,06-03-2025
PAT006917,27-06-1988,Female,Multiple,Not Hispanic or Latino,22903,VA,Western,21-11-2024
PAT006918,22-01-2015,Male,White,Not Hispanic or Latino,23185,VA,Eastern,01-12-2024
PAT006919,02-10-1998,Male,Asian,Not Hispanic or Latino,23803,VA,Southern,03-03-2024
PAT006920,13-08-1942,Male,White,Not Hispanic or Latino,23225,VA,Central,30-04-2024
PAT006921,16-09-2009,Male,White,Not Hispanic or Latino,23601,VA,Eastern,26-09-2024
PAT006922,13-02-1948,Male,Asian,Hispanic or Latino,23221,VA,Central,28-01-2023
PAT006923,08-05-1987,Unknown,Other,Hispanic or Latino,23221,VA,Central,02-05-2023
PAT006924,19-01-1960,Male,Black or African American,Hispanic or Latino,23803,VA,Southern,19-08-2024
PAT006925,06-06-1987,Male,Asian,Hispanic or Latino,22554,VA,Northern,07-04-2024
PAT006926,23-08-1990,Male,White,Not Hispanic or Latino,23223,VA,Central,06-08-2023
PAT006927,19-10-1946,Male,Black or African American,Not Hispanic or Latino,23834,VA,Southern,05-10-2024
PAT006928,25-07-1986,Male,White,Hispanic or Latino,22911,VA,Western,09-11-2023
PAT006929,16-10-1967,Female,White,Not Hispanic or Latino,22405,VA,Northern,05-01-2025
PAT006930,20-09-2004,Male,Native Hawaiian or Other Pacific Islander,Not Hispanic or Latino,23225,VA,Central,18-11-2023
PAT006931,05-06-2003,Male,Black or African American,Not Hispanic or Latino,22551,VA,Northern,01-11-2024
PAT006932,02-07-1940,Female,American Indian or Alaska Native,Not Hispanic or Latino,22401,VA,Northern,06-12-2023
PAT006933,02-04-1988,Male,Multiple,Not Hispanic or Latino,23601,VA,Eastern,04-04-2024
PAT006934,02-05-1976,Male,Black or African American,Not Hispanic or Latino,23223,VA,Central,21-02-2025
PAT006935,15-08-1937,Female,White,Not Hispanic or Latino,23220,VA,Central,13-01-2024
PAT006936,22-02-1996,Male,White,Not Hispanic or Latino,23602,VA,Eastern,28-11-2025
PAT006937,02-12-1942,Female,Black or African American,Not Hispanic or Latino,22554,VA,Northern,29-07-2023
PAT006938,28-09-1976,Female,Unknown,Hispanic or Latino,23221,VA,Central,04-11-2025
PAT006939,03-06-2007,Male,Black or African American,Not Hispanic or Latino,23225,VA,Central,04-04-2025
PAT006940,23-01-1984,Female,Black or African American,Not Hispanic or Latino,22401,VA,Northern,04-01-2024
PAT006941,05-10-2019,Male,White,Not Hispanic or Latino,22551,VA,Northern,15-12-2025
PAT006942,25-05-1967,Male,Multiple,Not Hispanic or Latino,23223,VA,Central,22-09-2025
PAT006943,18-10-2024,Female,White,Not Hispanic or Latino,23225,VA,Central,01-12-2025
PAT006944,03-07-1972,Female,White,Not Hispanic or Latino,22554,VA,Northern,15-10-2023
PAT001829,20-07-2010,Female,Other,Not Hispanic or Latino,23223,VA,Central,31-07-2024
PAT006946,05-05-1998,Female,White,Not Hispanic or Latino,23803,VA,Southern,24-10-2023
PAT006947,23-05-1973,Male,White,Not Hispanic or Latino,22902,VA,Western,29-05-2024
PAT006948,24-04-1995,Female,Black or African American,Not Hispanic or Latino,22401,VA,Northern,15-05-2024
PAT006949,08-08-1962,Female,White,Not Hispanic or Latino,22551,VA,Northern,07-06-2023
PAT006950,02-06-1971,Male,White,Hispanic or Latino,22405,VA,Northern,31-05-2023
PAT006951,02-09-2022,Female,Black or African American,Not Hispanic or Latino,22405,VA,Northern,17-02-2025
PAT006952,21-07-1939,Female,White,Not Hispanic or Latino,22401,VA,Northern,23-06-2024
PAT006953,25-10-2022,Unknown,White,Not Hispanic or Latino,23601,VA,Eastern,17-04-2025
PAT006954,03-07-2007,Male,White,Not Hispanic or Latino,23220,VA,Central,24-06-2024
PAT006955,28-02-1968,Male,Black or African American,Not Hispanic or Latino,23220,VA,Central,28-07-2023
PAT006956,26-10-1962,Male,Asian,Not Hispanic or Latino,23805,VA,Southern,07-10-2024
PAT006957,22-07-1962,Female,Unknown,Not Hispanic or Latino,22902,VA,Western,14-09-2024
PAT006958,18-07-2010,Male,White,Not Hispanic or Latino,23805,VA,Southern,15-08-2024
PAT006959,08-01-1989,Female,American Indian or Alaska Native,Not Hispanic or Latino,23223,VA,Central,10-06-2023
PAT006960,07-02-1999,Male,White,Not Hispanic or Latino,23220,VA,Central,22-11-2025
PAT006961,28-02-1957,Female,American Indian or Alaska Native,Not Hispanic or Latino,23803,VA,Southern,01-10-2024
PAT006962,03-06-2025,Female,White,Hispanic or Latino,23221,VA,Central,13-07-2025
PAT006963,04-11-2015,Female,Multiple,Not Hispanic or Latino,23225,VA,Central,05-01-2023
PAT006964,15-05-1998,Female,White,Not Hispanic or Latino,23220,VA,Central,25-10-2025
PAT006965,01-07-1949,Male,White,Not Hispanic or Latino,23831,VA,Southern,08-04-2023
PAT006966,04-08-2013,Female,White,Not Hispanic or Latino,23223,VA,Central,27-10-2025
PAT006967,07-09-1993,Male,Unknown,Hispanic or Latino,22401,VA,Northern,14-02-2023
PAT006968,09-02-2001,Female,White,Not Hispanic or Latino,22554,VA,Northern,09-03-2025
PAT006969,16-06-1986,Male,White,Not Hispanic or Latino,23221,VA,Central,09-11-2023
PAT006970,22-06-2011,Female,White,Not Hispanic or Latino,23834,VA,Southern,04-07-2024
PAT006971,24-08-2006,Male,Black or African American,Not Hispanic or Latino,23223,VA,Central,25-02-2023
PAT006972,28-04-2000,Male,Unknown,Not Hispanic or Latino,23834,VA,Southern,27-06-2024
PAT006973,21-10-1971,Female,Black or African American,Hispanic or Latino,23225,VA,Central,08-01-2023
PAT006974,08-04-1941,Female,White,Not Hispanic or Latino,23220,VA,Central,13-04-2024
PAT006975,20-12-1948,Female,Black or African American,Not Hispanic or Latino,23223,VA,Central,02-07-2023
PAT006976,13-11-2020,Male,White,Hispanic or Latino,23223,VA,Central,26-05-2023
PAT006977,01-07-1975,Male,White,Not Hispanic or Latino,23221,VA,Central,10-12-2023
PAT006978,12-08-1994,Female,Black or African American,Not Hispanic or Latino,23221,VA,Central,14-05-2023
PAT006979,18-11-1938,Male,Other,Not Hispanic or Latino,23803,VA,Southern,13-12-2024
PAT006980,08-07-1968,Female,White,Not Hispanic or Latino,22901,VA,Western,16-03-2023
PAT006981,18-01-2023,Female,Black or African American,Not Hispanic or Latino,23225,VA,Central,28-11-2024
PAT006982,26-07-1998,Female,White,Not Hispanic or Latino,23185,VA,Eastern,06-12-2023
PAT006983,13-04-1997,Female,White,Not Hispanic or Latino,23220,VA,Central,06-03-2025
PAT006984,01-05-1961,Female,White,Not Hispanic or Latino,22401,VA,Northern,29-07-2024
PAT006985,17-05-1993,Male,Multiple,Unknown,23225,VA,Central,08-08-2025
PAT006986,18-05-1966,Female,Unknown,Hispanic or Latino,23606,VA,Eastern,28-11-2025
PAT006987,17-05-1942,Female,Black or African American,Not Hispanic or Latino,23831,VA,Southern,24-11-2025
PAT006988,01-08-2005,Male,White,Not Hispanic or Latino,23221,VA,Central,10-04-2025
PAT006989,02-01-2022,Male,White,Not Hispanic or Latino,23606,VA,Eastern,17-08-2025
PAT006990,15-02-1990,Female,White,Not Hispanic or Latino,22911,VA,Western,30-03-2024
PAT006991,19-06-1992,Male,Black or African American,Not Hispanic or Latino,23223,VA,Central,09-02-2024
PAT006992,27-04-1935,Male,Asian,Not Hispanic or Latino,23220,VA,Central,28-06-2025
PAT006993,04-02-2009,Male,Unknown,Not Hispanic or Latino,23185,VA,Eastern,24-06-2025
PAT006994,23-10-1957,Male,White,Not Hispanic or Latino,23834,VA,Southern,17-04-2023
PAT006995,20-05-1975,Male,Asian,Not Hispanic or Latino,23185,VA,Eastern,15-12-2023
PAT006996,10-05-1958,Female,Black or African American,Not Hispanic or Latino,23223,VA,Central,26-06-2023
PAT006997,11-06-1963,Male,Other,Not Hispanic or Latino,22911,VA,Western,05-07-2025
PAT006998,08-04-1999,Female,Black or African American,Not Hispanic or Latino,23221,VA,Central,28-11-2025
PAT006999,19-11-1986,Female,White,Not Hispanic or Latino,22911,VA,Western,02-12-2024
PAT007000,08-03-2014,Male,White,Not Hispanic or Latino,23803,VA,Southern,10-09-2025
PAT007001,24-04-2007,Male,Asian,Hispanic or Latino,23221,VA,Central,07-01-2025
PAT007002,25-01-2018,Male,Black or African American,Not Hispanic or Latino,23185,VA,Eastern,29-09-2024
PAT007003,21-07-2002,Male,White,Not Hispanic or Latino,23225,VA,Central,13-12-2024
PAT007004,13-12-1972,Male,Asian,Not Hispanic or Latino,23220,VA,Central,05-09-2025
PAT007005,08-08-1980,Female,American Indian or Alaska Native,Not Hispanic or Latino,22401,VA,Northern,19-07-2025
PAT007006,28-10-1972,Male,Black or African American,Not Hispanic or Latino,23831,VA,Southern,25-05-2025
PAT007007,17-05-2003,Female,Multiple,Not Hispanic or Latino,22551,VA,Northern,08-11-2023
PAT007008,26-12-2001,Male,White,Not Hispanic or Latino,23223,VA,Central,13-12-2025
PAT007009,22-06-1984,Female,White,Unknown,23221,VA,Central,11-11-2023
PAT007010,22-08-1962,Male,White,Not Hispanic or Latino,23834,VA,Southern,17-07-2025
PAT007011,09-02-1965,Female,Black or African American,Hispanic or Latino,23803,VA,Southern,09-05-2024
PAT007012,07-10-1986,Male,White,Not Hispanic or Latino,23220,VA,Central,13-09-2025
PAT007013,08-05-2027,Female,White,Not Hispanic or Latino,23225,VA,Central,10-03-2023
PAT007014,12-01-1994,Female,Multiple,Not Hispanic or Latino,23831,VA,Southern,27-07-2023
PAT007015,27-04-1945,Female,Asian,Not Hispanic or Latino,23223,VA,Central,05-08-2025
PAT007016,04-03-1941,Male,Multiple,Not Hispanic or Latino,22401,VA,Northern,06-03-2025
PAT007017,01-06-1956,Male,Black or African American,Not Hispanic or Latino,23225,VA,Central,20-01-2024
PAT007018,13-05-1949,Male,Asian,Not Hispanic or Latino,23602,VA,Eastern,31-03-2025
PAT007019,18-10-1972,Female,Other,Hispanic or Latino,23606,VA,Eastern,01-02-2023
PAT007020,22-05-1974,Male,Black or African American,Not Hispanic or Latino,23602,VA,Eastern,08-01-2025
PAT007021,28-01-1992,Male,White,Not Hispanic or Latino,23221,VA,Central,01-05-2024
PAT007022,05-11-1986,Male,Multiple,Not Hispanic or Latino,23225,VA,Central,22-07-2023
PAT007023,13-07-2008,Female,Asian,Not Hispanic or Latino,23805,VA,Southern,11-01-2025
PAT007024,20-03-1997,Female,Black or African American,Not Hispanic or Latino,22401,VA,Northern,05-11-2024
PAT007025,06-10-2025,Female,Black or African American,Not Hispanic or Latino,22551,VA,Northern,12-10-2025
PAT007026,22-01-1975,Unknown,Black or African American,Not Hispanic or Latino,23220,VA,Central,16-08-2023
PAT007027,02-12-1980,Male,White,Not Hispanic or Latino,22401,VA,Northern,31-10-2024
PAT007028,14-02-1984,Female,Asian,Not Hispanic or Latino,23185,VA,Eastern,30-07-2025
PAT007029,09-09-1987,Female,White,Hispanic or Latino,23831,VA,Southern,19-11-2025
PAT007030,03-03-1989,Female,White,Not Hispanic or Latino,22405,VA,Northern,03-01-2023
PAT007031,24-11-2006,Female,Asian,Not Hispanic or Latino,23221,VA,Central,31-01-2024
PAT007032,22-05-1991,Male,White,Not Hispanic or Latino,22551,VA,Northern,15-04-2023
PAT007033,22-11-1963,Female,Black or African American,Not Hispanic or Latino,22551,VA,Northern,06-09-2025
PAT007034,22-04-1988,Male,Asian,Not Hispanic or Latino,23601,VA,,31-05-2023
PAT007035,22-05-1975,Female,White,Not Hispanic or Latino,22554,VA,Northern,19-12-2025
PAT007036,22-08-1957,Male,Black or African American,Not Hispanic or Latino,22551,VA,Northern,16-05-2024
PAT007037,28-07-1965,Female,Black or African American,Not Hispanic or Latino,23223,VA,Central,11-10-2024
PAT007038,03-07-1964,Male,White,Not Hispanic or Latino,22405,VA,Northern,16-09-2023
PAT007039,18-09-1958,Male,Asian,Not Hispanic or Latino,22902,VA,Western,14-10-2023
PAT007040,07-07-1990,Male,Asian,Not Hispanic or Latino,22901,VA,,13-12-2025
PAT007041,04-05-1995,Female,Black or African American,Not Hispanic or Latino,22551,VA,Northern,26-02-2025
PAT007042,21-11-1989,Female,Native Hawaiian or Other Pacific Islander,Not Hispanic or Latino,23805,VA,Southern,01-03-2023
PAT007043,14-04-1973,Male,Black or African American,Not Hispanic or Latino,23223,VA,Central,27-08-2023
PAT007044,14-11-1938,Female,Other,Not Hispanic or Latino,23805,VA,Southern,17-05-2025
PAT007045,11-04-1944,Male,Asian,Unknown,23803,VA,Southern,27-04-2025
PAT007046,09-07-1946,Female,White,Not Hispanic or Latino,23185,VA,Eastern,14-05-2024
PAT007047,26-04-2021,Female,White,Unknown,23220,VA,Central,12-04-2024
PAT007048,11-03-1980,Female,Asian,Not Hispanic or Latino,22902,VA,Western,28-12-2025
PAT007049,26-11-1988,Male,Black or African American,Not Hispanic or Latino,22551,VA,Northern,19-07-2025
PAT007050,06-02-1961,Male,White,Not Hispanic or Latino,22911,VA,Western,07-05-2024
PAT007051,09-10-1968,Male,White,Not Hispanic or Latino,23602,VA,Eastern,05-12-2023
PAT007052,06-06-2020,Female,White,Not Hispanic or Latino,23225,VA,Central,10-06-2024
PAT007053,22-05-1999,Female,Black or African American,Not Hispanic or Latino,23223,VA,Central,23-05-2024
PAT007054,21-12-1978,Male,Black or African American,Not Hispanic or Latino,23225,VA,Central,09-06-2025
PAT007055,28-02-1991,Male,White,Not Hispanic or Latino,22401,VA,Northern,02-06-2023
PAT007056,08-04-2016,Male,White,Hispanic or Latino,23220,VA,Central,22-05-2025
PAT007057,20-01-2017,Female,Black or African American,Not Hispanic or Latino,23185,VA,Eastern,18-10-2024
PAT007058,16-08-1943,Male,White,Unknown,23185,VA,Eastern,14-11-2024
PAT007059,12-12-1970,Female,Black or African American,Not Hispanic or Latino,23803,VA,Southern,06-03-2025
PAT007060,17-08-2002,Female,Multiple,Not Hispanic or Latino,22551,VA,Northern,17-04-2023
PAT007061,19-06-1973,Male,Other,Not Hispanic or Latino,23220,VA,Central,08-11-2023
PAT007062,24-12-1990,Female,White,Hispanic or Latino,22554,VA,Northern,10-03-2025
PAT007063,06-08-1953,Male,Black or African American,Not Hispanic or Latino,23220,VA,Central,24-04-2025
PAT007064,13-12-2002,Male,Multiple,Unknown,23225,VA,Central,16-02-2023
PAT007065,07-03-1987,Female,White,Not Hispanic or Latino,23223,VA,Central,07-11-2025
PAT007066,18-02-1971,Male,Black or African American,Not Hispanic or Latino,23220,VA,Central,25-12-2023
PAT007067,22-06-2015,Female,Multiple,Not Hispanic or Latino,23225,VA,Central,17-08-2025
PAT007068,24-04-1978,Female,White,Not Hispanic or Latino,23225,VA,Central,05-02-2024
PAT007069,16-06-1966,Male,Black or African American,Not Hispanic or Latino,22554,VA,Northern,10-12-2024
PAT007070,21-10-2023,Female,Other,Not Hispanic or Latino,23221,VA,Central,07-07-2024
PAT007071,09-08-1937,Male,White,Not Hispanic or Latino,23220,VA,Central,31-05-2023
PAT007072,22-08-1989,Female,White,Not Hispanic or Latino,23221,VA,Central,12-03-2025
PAT007073,01-08-1976,Male,White,Not Hispanic or Latino,23221,VA,Central,16-12-2025
PAT007074,12-03-1994,Female,White,Not Hispanic or Latino,23225,VA,Central,06-08-2025
PAT007075,04-07-1962,Female,Black or African American,Unknown,22901,VA,Western,25-11-2023
PAT007076,10-09-2014,Male,American Indian or Alaska Native,Hispanic or Latino,23805,VA,Southern,25-02-2024
PAT007077,26-01-1954,Female,White,Not Hispanic or Latino,22401,VA,Northern,29-03-2023
PAT007078,08-07-1949,Male,White,Not Hispanic or Latino,23220,VA,Central,06-11-2025
PAT007079,06-10-2003,Male,White,Not Hispanic or Latino,23223,VA,Central,13-10-2023
PAT007080,08-08-2009,Female,White,Not Hispanic or Latino,22405,VA,Northern,15-08-2023
PAT007081,22-08-1990,Male,White,Not Hispanic or Latino,23221,VA,Central,20-06-2023
PAT007082,15-11-1955,Female,White,Not Hispanic or Latino,23221,VA,Central,24-05-2025
PAT007083,18-05-1970,Male,White,Not Hispanic or Latino,22903,VA,Western,02-11-2023
PAT007084,16-01-1988,Male,Multiple,Not Hispanic or Latino,23221,VA,Central,14-01-2023
PAT007085,15-10-1989,Female,American Indian or Alaska Native,Not Hispanic or Latino,23220,VA,Central,27-08-2024
PAT007086,16-09-1973,Male,Black or African American,Not Hispanic or Latino,23223,VA,Central,23-05-2023
PAT007087,23-11-1969,Male,White,Not Hispanic or Latino,23601,VA,Eastern,30-09-2025
PAT007088,21-04-1994,Male,White,Not Hispanic or Latino,23225,VA,Central,30-10-2024
PAT007089,20-03-1974,Female,White,Not Hispanic or Latino,22554,VA,Northern,24-12-2024
PAT007090,22-02-1997,Male,Black or African American,Not Hispanic or Latino,22901,VA,Western,07-02-2023
PAT007091,02-02-1949,Female,White,Not Hispanic or Latino,22401,VA,Northern,13-09-2024
PAT007092,25-09-1964,Male,Multiple,Not Hispanic or Latino,23831,VA,Southern,21-09-2023
PAT007093,06-07-2021,Male,White,Unknown,23221,VA,Central,08-04-2023
PAT007094,14-04-1975,Other,White,Not Hispanic or Latino,22401,VA,Northern,14-07-2025
PAT007095,08-03-1988,Female,White,Not Hispanic or Latino,23223,VA,Central,20-03-2023
PAT007096,21-12-1988,Male,Black or African American,Not Hispanic or Latino,23805,VA,Southern,06-01-2023
PAT007097,22-04-1979,Male,Multiple,Not Hispanic or Latino,23223,VA,Central,19-10-2023
PAT007098,09-11-1976,Female,White,Not Hispanic or Latino,23221,VA,Central,24-07-2025
PAT007099,19-04-2015,Male,Multiple,Not Hispanic or Latino,23220,VA,Central,09-06-2025
PAT007100,01-09-2021,Male,White,Not Hispanic or Latino,23220,VA,Central,01-05-2025
PAT007101,04-04-1995,Male,White,Not Hispanic or Latino,23834,VA,Southern,23-05-2025
PAT007102,16-09-1995,Male,White,Not Hispanic or Latino,23223,VA,Central,19-01-2023
PAT007103,28-04-2018,Male,White,Not Hispanic or Latino,23220,VA,Central,04-06-2024
PAT007104,09-05-1996,Male,White,Not Hispanic or Latino,23803,VA,Southern,08-02-2023
PAT007105,14-02-1984,F,Black or African American,Unknown,23606,VA,Eastern,24-06-2024
PAT007106,01-08-1981,Female,White,Not Hispanic or Latino,23220,VA,Central,11-08-2024
PAT007107,11-12-1986,Male,White,Not Hispanic or Latino,22901,VA,Western,24-07-2023
PAT007108,21-12-2015,Female,Multiple,Not Hispanic or Latino,22401,VA,Northern,30-09-2025
PAT007109,05-05-1969,Male,White,Not Hispanic or Latino,23225,VA,,15-12-2023
PAT007110,19-01-1944,Male,Black or African American,Not Hispanic or Latino,22902,VA,Western,28-08-2024
PAT007111,12-02-1989,Female,White,Not Hispanic or Latino,23803,VA,Southern,12-10-2024
PAT007112,20-11-2025,Female,White,Not Hispanic or Latino,23606,VA,Eastern,29-12-2025
PAT007113,14-12-1942,Female,Black or African American,Not Hispanic or Latino,23185,VA,Eastern,04-02-2024
PAT007114,27-06-1957,Female,White,Not Hispanic or Latino,23221,VA,Central,09-11-2024
PAT007115,23-03-1949,Unknown,Black or African American,Not Hispanic or Latino,23221,VA,Central,30-11-2023
PAT007116,26-11-1973,Female,White,Not Hispanic or Latino,23220,VA,Central,26-10-2024
PAT007117,07-09-1967,Female,Asian,Not Hispanic or Latino,23225,VA,Central,30-06-2025
PAT007118,08-05-1980,Male,White,Not Hispanic or Latino,23223,VA,Central,09-07-2024
PAT007119,23-01-1979,Male,White,Not Hispanic or Latino,23223,VA,Central,14-10-2025
PAT007120,11-03-2013,Male,White,Not Hispanic or Latino,22405,VA,Northern,15-01-2025
PAT007121,03-02-1990,Male,White,Not Hispanic or Latino,23220,VA,Central,06-11-2024
PAT007122,27-03-1963,Male,Unknown,Not Hispanic or Latino,23831,VA,Southern,16-10-2024
PAT007123,14-11-1991,Female,Black or African American,Not Hispanic or Latino,23221,VA,Central,06-08-2025
PAT007124,18-12-1946,Female,Black or African American,Not Hispanic or Latino,23221,VA,Central,03-04-2025
PAT007125,03-04-1975,Male,Black or African American,Not Hispanic or Latino,23225,VA,Central,19-07-2024
PAT007126,01-10-1967,Male,White,Not Hispanic or Latino,22902,VA,Western,10-02-2023
PAT007127,26-06-2017,Female,White,Hispanic or Latino,22901,VA,Western,22-08-2025
PAT007128,14-09-2022,Male,White,Not Hispanic or Latino,23220,VA,Central,25-09-2024
PAT007129,06-03-1962,Male,White,Not Hispanic or Latino,22405,VA,Northern,23-01-2025
PAT007130,23-06-1979,Male,White,Hispanic or Latino,23223,VA,Central,16-01-2025
PAT007131,02-03-1966,Male,White,Not Hispanic or Latino,22903,VA,Western,23-12-2024
PAT007132,15-07-1942,Female,Asian,Not Hispanic or Latino,22903,VA,Western,30-06-2025
PAT007133,20-10-1983,Male,White,Not Hispanic or Latino,23185,VA,Eastern,08-08-2023
PAT007134,19-08-2019,Male,Asian,Not Hispanic or Latino,23601,VA,Eastern,07-02-2023
PAT007135,25-05-1938,Male,White,Not Hispanic or Latino,22903,VA,Western,15-08-2025
PAT007136,15-03-2012,Male,White,Not Hispanic or Latino,23223,VA,Central,27-10-2024
PAT007137,04-11-1936,Female,Asian,Not Hispanic or Latino,23803,VA,Southern,07-03-2025
PAT007138,19-09-1990,Male,White,Not Hispanic or Latino,22554,VA,Northern,22-12-2025
PAT007139,26-01-2011,Male,White,Hispanic or Latino,22401,VA,Northern,14-12-2024
PAT007140,04-03-2002,Male,Black or African American,Unknown,23221,VA,Central,17-02-2024
PAT007141,17-12-1995,Male,Black or African American,Not Hispanic or Latino,22551,VA,Northern,05-05-2023
PAT007142,07-09-1975,Female,Unknown,Not Hispanic or Latino,22903,VA,Western,28-07-2025
PAT007143,24-11-1969,Female,Black or African American,Not Hispanic or Latino,22901,VA,Western,24-09-2023
PAT007144,19-11-2009,Female,Other,Not Hispanic or Latino,23221,VA,Central,15-01-2023
PAT007145,13-05-2010,Female,Black or African American,Not Hispanic or Latino,23803,VA,Southern,28-08-2023
PAT007146,24-04-1937,Male,White,Not Hispanic or Latino,22911,VA,Western,17-09-2023
PAT007147,21-02-1993,Female,Black or African American,Not Hispanic or Latino,23602,VA,Eastern,17-03-2025
PAT007148,26-01-1976,Female,White,Not Hispanic or Latino,23221,VA,Central,08-03-2024
PAT007149,16-11-1991,Male,White,Not Hispanic or Latino,23223,VA,Central,26-10-2023
PAT007150,24-06-1982,Female,Black or African American,Not Hispanic or Latino,23606,VA,Eastern,15-11-2025
PAT007151,18-02-1980,Male,White,Not Hispanic or Latino,23831,VA,Southern,25-04-2024
PAT007152,13-08-1981,Male,Black or African American,Not Hispanic or Latino,23221,VA,Central,15-04-2023
PAT007153,01-10-1938,Male,White,Not Hispanic or Latino,23220,VA,Central,21-08-2025
PAT007154,19-08-1972,Female,White,Not Hispanic or Latino,23602,VA,Eastern,31-08-2024
PAT007155,11-05-1978,Male,Unknown,Not Hispanic or Latino,22551,VA,Northern,01-06-2024
PAT007156,09-05-1935,Male,Black or African American,Not Hispanic or Latino,22401,VA,,30-03-2023
PAT007157,19-07-1968,Male,Black or African American,Not Hispanic or Latino,23221,VA,Central,22-05-2025
PAT007158,21-07-2021,Male,Black or African American,Not Hispanic or Latino,22903,VA,Western,06-08-2024
PAT007159,10-04-1980,Female,White,Not Hispanic or Latino,23225,VA,Central,27-12-2024
PAT007160,23-02-1942,Male,White,Not Hispanic or Latino,22551,VA,Northern,05-03-2023
PAT007161,09-12-1935,Female,White,Not Hispanic or Latino,22902,VA,Western,29-11-2024
PAT007162,20-04-2009,Female,White,Not Hispanic or Latino,23831,VA,Southern,21-04-2023
PAT007163,23-10-1993,Other,White,Not Hispanic or Latino,23606,VA,Eastern,15-01-2025
PAT007164,15-06-2009,Male,White,Not Hispanic or Latino,23601,VA,Eastern,14-10-2025
PAT007165,22-07-1997,Male,White,Not Hispanic or Latino,23803,VA,Southern,13-02-2025
PAT007166,10-09-1983,Male,White,Hispanic or Latino,23221,VA,Central,19-09-2024
PAT007167,27-08-2024,Female,White,Not Hispanic or Latino,23805,VA,Southern,25-09-2024
PAT007168,22-11-1946,Female,White,Not Hispanic or Latino,23220,VA,Central,12-08-2025
PAT007169,04-07-1993,Female,Black or African American,Not Hispanic or Latino,23221,VA,Central,09-10-2024
PAT007170,21-11-2025,Male,White,Not Hispanic or Latino,23220,VA,Central,22-12-2025
PAT007171,07-09-1991,Female,Other,Not Hispanic or Latino,23606,VA,Eastern,17-11-2023
PAT007172,07-04-2003,Male,White,Not Hispanic or Latino,23831,VA,Southern,01-08-2024
PAT007173,07-04-1960,Female,White,Not Hispanic or Latino,22551,VA,Northern,27-11-2024
PAT007174,11-09-2021,Male,Black or African American,Not Hispanic or Latino,23220,VA,Central,19-01-2024
PAT007175,25-02-2018,Male,White,Not Hispanic or Latino,22902,VA,Western,15-03-2025
PAT007176,06-04-1950,Male,White,Unknown,22911,VA,Western,02-05-2024
PAT007177,22-12-2015,Female,White,Not Hispanic or Latino,23223,VA,Central,01-09-2023
PAT007178,15-10-1951,Male,Black or African American,Not Hispanic or Latino,22405,VA,Northern,21-06-2024
PAT007179,02-12-1981,Female,White,Not Hispanic or Latino,23221,VA,Central,14-10-2023
PAT007180,09-04-2003,Female,White,Unknown,23606,VA,Eastern,24-09-2025
PAT007181,14-05-1974,Male,White,Unknown,23223,VA,Central,10-03-2023
PAT007182,23-04-1942,Male,White,Not Hispanic or Latino,22903,VA,Western,04-10-2024
PAT007183,23-06-2014,Male,Asian,Not Hispanic or Latino,23225,VA,Central,27-03-2023
PAT007184,02-01-2021,Female,Asian,Not Hispanic or Latino,23225,VA,Central,21-08-2023
PAT007185,03-05-2010,Male,White,Not Hispanic or Latino,23805,VA,Southern,06-05-2025
PAT007186,26-05-2016,Female,Unknown,Not Hispanic or Latino,22554,VA,Northern,15-07-2024
PAT007187,26-08-1978,Male,American Indian or Alaska Native,Unknown,23606,VA,Eastern,16-08-2023
PAT007188,04-03-1978,Male,Other,Not Hispanic or Latino,23601,VA,Eastern,10-07-2023
PAT007189,16-03-1980,Male,White,Not Hispanic or Latino,22901,VA,Western,07-05-2025
PAT007190,15-01-1997,Female,White,Not Hispanic or Latino,23225,VA,Central,31-07-2023
PAT007191,06-03-1976,Male,White,Not Hispanic or Latino,23221,VA,Central,30-04-2024
PAT007192,21-12-1940,Female,Asian,Not Hispanic or Latino,23220,VA,Central,16-01-2025
PAT007193,10-05-1995,Male,White,Not Hispanic or Latino,23834,VA,Southern,23-12-2024
PAT007194,01-11-1972,Female,White,Not Hispanic or Latino,23223,VA,Central,29-01-2025
PAT007195,26-06-1970,Male,Multiple,Not Hispanic or Latino,22554,VA,Northern,12-11-2024
PAT007196,14-03-2024,Male,American Indian or Alaska Native,Not Hispanic or Latino,23221,VA,Central,17-02-2025
PAT007197,16-01-1969,Male,White,Not Hispanic or Latino,22911,VA,Western,24-09-2025
PAT007198,08-04-1998,Male,Black or African American,Not Hispanic or Latino,23805,VA,Southern,26-09-2025
PAT007199,19-04-1994,Female,Unknown,Not Hispanic or Latino,23185,VA,Eastern,22-06-2024
PAT007200,02-07-1965,Male,White,Not Hispanic or Latino,22901,VA,Western,30-11-2025
PAT007201,24-12-1955,Male,White,Not Hispanic or Latino,23805,VA,Southern,30-03-2025
PAT007202,22-12-1995,Female,White,Not Hispanic or Latino,23601,VA,Eastern,18-05-2025
PAT007203,06-01-1942,Male,Asian,Not Hispanic or Latino,23221,VA,Central,03-11-2023
PAT007204,15-10-1990,Female,Black or African American,Not Hispanic or Latino,22903,VA,Western,21-11-2024
PAT007205,04-07-2007,Female,Asian,Not Hispanic or Latino,23834,VA,Southern,18-03-2023
PAT007206,15-11-2012,Unknown,White,Not Hispanic or Latino,23220,VA,Central,18-05-2023
PAT007207,04-11-2015,Female,Asian,Not Hispanic or Latino,23221,VA,Central,21-03-2023
PAT007208,19-04-1975,Female,White,Not Hispanic or Latino,23221,VA,Central,01-06-2024
PAT007209,02-10-1998,Male,Asian,Not Hispanic or Latino,22551,VA,Northern,12-06-2025
PAT007210,06-08-1966,Female,Black or African American,Not Hispanic or Latino,23803,VA,Southern,22-02-2025
PAT007211,03-12-1955,Male,White,Not Hispanic or Latino,23601,VA,Eastern,01-05-2024
PAT007212,27-11-1963,Female,White,Not Hispanic or Latino,23221,VA,Central,29-05-2023
PAT007213,13-10-2002,Female,Multiple,Not Hispanic or Latino,23221,VA,Central,19-08-2023
PAT007214,08-06-1975,Female,Black or African American,Not Hispanic or Latino,23220,VA,Central,10-09-2025
PAT007215,06-03-2005,Female,Other,Not Hispanic or Latino,23834,VA,Southern,28-03-2023
PAT007216,05-09-2024,Male,White,Not Hispanic or Latino,22405,VA,Northern,24-05-2025
PAT007217,15-11-1987,Female,White,Not Hispanic or Latino,23225,VA,Central,26-07-2024
PAT007218,25-08-2020,Female,Black or African American,Not Hispanic or Latino,22901,VA,Western,08-10-2024
PAT007219,18-10-1998,Female,Black or African American,Not Hispanic or Latino,22554,VA,Northern,02-10-2025
PAT007220,18-09-1964,Male,Multiple,Hispanic or Latino,23225,VA,Central,08-12-2023
PAT007221,13-01-2003,Female,White,Not Hispanic or Latino,23221,VA,Central,05-11-2023
PAT007222,22-12-2002,Male,White,Not Hispanic or Latino,23803,VA,Southern,12-06-2023
PAT007223,19-07-2002,Male,Unknown,Not Hispanic or Latino,23185,VA,Eastern,19-08-2024
PAT007224,23-07-2017,Male,Black or African American,Not Hispanic or Latino,22551,VA,Northern,18-01-2025
PAT007225,11-10-1991,Male,White,Not Hispanic or Latino,23601,VA,Eastern,08-07-2024
PAT007226,01-07-2010,Male,Black or African American,Not Hispanic or Latino,23834,VA,Southern,09-02-2023
PAT007227,27-07-1965,Male,White,Not Hispanic or Latino,22554,VA,Northern,20-06-2025
PAT007228,21-12-2021,Male,Native Hawaiian or Other Pacific Islander,Not Hispanic or Latino,23831,VA,Southern,02-12-2024
PAT007229,15-06-2002,Male,White,Not Hispanic or Latino,22405,VA,Northern,16-07-2025
PAT007230,23-08-1967,Male,Multiple,Not Hispanic or Latino,23831,VA,Southern,19-08-2025
PAT007231,18-09-1968,Male,White,Hispanic or Latino,22903,VA,Western,29-01-2023
PAT007232,26-01-1983,Male,Asian,Not Hispanic or Latino,23223,VA,Central,03-05-2025
PAT007233,15-08-1985,Male,White,Not Hispanic or Latino,23225,VA,Central,19-04-2023
PAT007234,05-02-1969,Male,White,Not Hispanic or Latino,22551,VA,Northern,10-11-2023
PAT007235,05-05-2008,Female,American Indian or Alaska Native,Not Hispanic or Latino,23834,VA,Southern,05-12-2025
PAT007236,05-10-1975,Female,Asian,Not Hispanic or Latino,22902,VA,Western,01-04-2025
PAT007237,03-12-1939,Male,Multiple,Not Hispanic or Latino,23834,VA,Southern,10-06-2024
PAT007238,01-08-1957,Male,White,Not Hispanic or Latino,23220,VA,Central,30-11-2024
PAT007239,03-08-2001,Female,White,Not Hispanic or Latino,23225,VA,Central,10-03-2023
PAT007240,24-07-1950,Female,Black or African American,Not Hispanic or Latino,22551,VA,Northern,21-11-2025
PAT007241,03-04-1990,Male,Multiple,Not Hispanic or Latino,23606,VA,Eastern,13-02-2025
PAT007242,28-08-1986,Male,White,Not Hispanic or Latino,22903,VA,Western,12-05-2023
PAT007243,19-08-1973,Female,Asian,Hispanic or Latino,23221,VA,Central,10-09-2023
PAT007244,05-05-2002,Male,White,Not Hispanic or Latino,22903,VA,Western,02-05-2024
PAT007245,22-11-1970,Male,Black or African American,Not Hispanic or Latino,23831,VA,Southern,20-06-2023
PAT007246,03-01-2013,Female,White,Not Hispanic or Latino,23803,VA,Southern,19-06-2024
PAT007247,17-01-1982,Female,White,Hispanic or Latino,23225,VA,Central,06-01-2023
PAT007248,16-02-1938,Male,White,Not Hispanic or Latino,23803,VA,Southern,19-11-2025
PAT007249,28-08-1995,Male,White,Hispanic or Latino,23185,VA,Eastern,21-01-2025
PAT007250,16-01-1988,Female,Black or African American,Hispanic or Latino,22551,VA,Northern,31-07-2023
PAT007251,16-01-1937,Male,White,Not Hispanic or Latino,23223,VA,Central,30-04-2023
PAT007252,08-04-1971,Female,White,Not Hispanic or Latino,22911,VA,Western,02-02-2025
PAT007253,13-10-2011,Male,Asian,Not Hispanic or Latino,22911,VA,Western,07-11-2023
PAT007254,14-05-1980,Female,White,Not Hispanic or Latino,22901,VA,Western,20-04-2023
PAT007255,03-02-1985,Female,White,Not Hispanic or Latino,23220,VA,Central,02-01-2023
PAT007256,16-11-1975,Female,Asian,Not Hispanic or Latino,23185,VA,Eastern,06-08-2023
PAT007257,24-09-1945,Female,Other,Hispanic or Latino,23223,VA,Central,27-02-2023
PAT007258,12-01-2020,Male,White,Not Hispanic or Latino,23803,VA,Southern,01-11-2023
PAT007259,10-11-1970,Male,Black or African American,Not Hispanic or Latino,22551,VA,Northern,01-12-2023
PAT007260,08-11-1965,Female,White,Not Hispanic or Latino,23221,VA,Central,09-03-2023
PAT007261,22-01-1989,Female,Other,Hispanic or Latino,22405,VA,Northern,21-08-2025
PAT007262,26-10-1996,Male,Black or African American,Not Hispanic or Latino,23606,VA,Eastern,04-07-2024
PAT007263,23-11-2011,Female,Black or African American,Not Hispanic or Latino,23831,VA,Southern,16-04-2024
PAT007264,11-07-1941,Other,Black or African American,Not Hispanic or Latino,23834,VA,Southern,25-09-2024
PAT007265,12-03-1999,Male,White,Not Hispanic or Latino,23221,VA,Central,24-02-2025
PAT007266,22-11-1980,Male,Black or African American,Not Hispanic or Latino,23223,VA,Central,06-12-2023
PAT007267,03-05-1975,Female,White,Not Hispanic or Latino,22551,VA,Northern,05-08-2024
PAT007268,25-06-1989,Male,Other,Not Hispanic or Latino,22902,VA,Western,21-06-2025
PAT007269,26-01-1951,Male,White,Not Hispanic or Latino,23602,VA,Eastern,10-07-2023
PAT007270,08-04-1976,Female,White,Not Hispanic or Latino,22551,VA,Northern,15-04-2024
PAT007271,26-08-1977,Female,Other,Not Hispanic or Latino,23606,VA,Eastern,20-03-2025
PAT007272,25-10-1964,Female,White,Not Hispanic or Latino,22551,VA,Northern,15-02-2025
PAT007273,24-02-2008,Female,White,Not Hispanic or Latino,23225,VA,Central,10-01-2023
PAT007274,11-09-1977,Male,White,Not Hispanic or Latino,22554,VA,Northern,13-10-2025
PAT007275,26-02-1978,Female,Black or African American,Not Hispanic or Latino,23225,VA,Central,08-09-2024
PAT007276,02-11-1981,Female,White,Not Hispanic or Latino,23831,VA,Southern,02-12-2025
PAT007277,24-10-1986,Female,White,Not Hispanic or Latino,23834,VA,Southern,23-11-2025
PAT007278,09-02-1991,Female,Multiple,Not Hispanic or Latino,23602,VA,Eastern,13-03-2023
PAT007279,07-01-1991,Female,White,Hispanic or Latino,23223,VA,Central,27-10-2025
PAT007280,10-03-1948,Female,Black or African American,Not Hispanic or Latino,23220,VA,Central,29-12-2024
PAT007281,09-05-1983,Female,White,Hispanic or Latino,23831,VA,Southern,24-02-2023
PAT007282,19-10-1981,Male,White,Not Hispanic or Latino,22551,VA,Northern,04-03-2024
PAT007283,12-05-2002,Male,Asian,Not Hispanic or Latino,23601,VA,Eastern,11-10-2024
PAT007284,24-08-1973,Female,Black or African American,Not Hispanic or Latino,22901,VA,Western,19-07-2023
PAT007285,03-02-1961,Male,Black or African American,Hispanic or Latino,22901,VA,Western,27-11-2025
PAT007286,28-12-1985,Female,White,Hispanic or Latino,23220,VA,Central,30-12-2025
PAT007287,22-07-1999,Female,White,Unknown,22551,VA,Northern,13-11-2025
PAT007288,08-10-1997,Female,White,Not Hispanic or Latino,22405,VA,Northern,06-06-2023
PAT007289,27-06-2018,Male,White,Not Hispanic or Latino,22551,VA,Northern,30-08-2023
PAT007290,07-11-1967,Female,Black or African American,Not Hispanic or Latino,23803,VA,Southern,18-07-2025
PAT007291,09-11-2019,Female,White,Not Hispanic or Latino,23803,VA,Southern,23-03-2023
PAT007292,05-03-1961,Male,White,Unknown,23225,VA,Central,26-06-2024
PAT007293,20-06-2003,Male,Black or African American,Not Hispanic or Latino,23225,VA,Central,02-10-2023
PAT007294,28-06-1975,Female,Black or African American,Unknown,23223,VA,Central,30-08-2024
PAT007295,27-03-1943,Female,White,Not Hispanic or Latino,23834,VA,Southern,28-07-2023
PAT007296,05-10-1938,Female,White,Not Hispanic or Latino,23220,VA,Central,31-07-2024
PAT007297,09-11-2010,Female,Other,Not Hispanic or Latino,23602,VA,Eastern,04-07-2025
PAT007298,01-07-2016,Female,Black or African American,Hispanic or Latino,23223,VA,Central,24-12-2023
PAT007299,15-04-1966,Male,White,Not Hispanic or Latino,22901,VA,Western,13-09-2025
PAT007300,09-09-1964,Female,White,Not Hispanic or Latino,22911,VA,Western,05-01-2024
PAT007301,14-05-1974,Female,White,Not Hispanic or Latino,23220,VA,Central,27-07-2025
PAT007302,11-08-2002,Male,Black or African American,Not Hispanic or Latino,22401,VA,Northern,09-07-2024
PAT007303,20-03-2014,Female,Other,Not Hispanic or Latino,23601,VA,Eastern,17-05-2025
PAT007304,20-07-1946,Male,White,Unknown,23225,VA,Central,10-12-2025
PAT007305,11-08-1993,Female,Black or African American,Not Hispanic or Latino,23831,VA,Southern,24-07-2024
PAT007306,09-09-1970,Male,White,Not Hispanic or Latino,23606,VA,Eastern,26-08-2024
PAT007307,09-04-1958,Male,White,Not Hispanic or Latino,23220,VA,Central,25-08-2023
PAT007308,19-12-2021,Female,Black or African American,Not Hispanic or Latino,22902,VA,Western,01-05-2025
PAT007309,11-12-1960,Male,American Indian or Alaska Native,Not Hispanic or Latino,23225,VA,Central,08-01-2024
PAT007310,11-08-1938,Male,White,Not Hispanic or Latino,23803,VA,Southern,03-03-2024
PAT007311,08-07-2017,Female,Black or African American,Not Hispanic or Latino,23803,VA,Southern,16-08-2023
PAT007312,27-05-1988,Male,White,Not Hispanic or Latino,23223,VA,Central,26-08-2024
PAT007313,08-10-1945,Male,White,Not Hispanic or Latino,23834,VA,Southern,16-12-2024
PAT007314,03-02-2012,Male,White,Not Hispanic or Latino,23223,VA,Central,18-04-2025
PAT007315,05-07-2008,Male,Asian,Unknown,23805,VA,Southern,06-05-2024
PAT007316,26-01-1977,Male,White,Not Hispanic or Latino,22551,VA,Northern,27-02-2023
PAT007317,20-06-1994,Female,White,Hispanic or Latino,23223,VA,Central,27-11-2025
PAT007318,08-06-2007,Male,White,Not Hispanic or Latino,23220,VA,Central,14-02-2025
PAT007319,23-03-2024,Male,White,Not Hispanic or Latino,22902,VA,Western,26-06-2025
PAT007320,08-05-1940,Male,White,Not Hispanic or Latino,22902,VA,Western,19-04-2023
PAT007321,22-08-1972,Female,White,Not Hispanic or Latino,23221,VA,Central,04-10-2025
PAT007322,14-09-1958,Male,Black or African American,Not Hispanic or Latino,23601,VA,Eastern,05-08-2024
PAT007323,28-08-1998,Female,White,Not Hispanic or Latino,23223,VA,Central,06-05-2025
PAT007324,26-02-1954,Female,White,Not Hispanic or Latino,23220,VA,Central,24-09-2023
PAT007325,18-04-2023,Female,Black or African American,Not Hispanic or Latino,23803,VA,Southern,02-09-2024
PAT007326,18-03-1967,Female,White,Not Hispanic or Latino,22911,VA,Western,08-04-2023
PAT007327,14-07-1976,Male,Asian,Not Hispanic or Latino,23185,VA,Eastern,15-10-2024
PAT007328,20-06-2016,Male,White,Not Hispanic or Latino,22554,VA,Northern,17-11-2025
PAT007329,08-07-1995,Female,Black or African American,Not Hispanic or Latino,23223,VA,Central,05-06-2025
PAT007330,27-12-1997,Male,White,Not Hispanic or Latino,22903,VA,Western,13-06-2023
PAT007331,06-01-2009,Male,White,Hispanic or Latino,23221,VA,Central,24-11-2024
PAT007332,06-02-1973,Female,Black or African American,Not Hispanic or Latino,23606,VA,Eastern,05-06-2025
PAT007333,27-06-2024,Female,White,Not Hispanic or Latino,23223,VA,Central,31-07-2025
PAT007334,20-12-1942,Female,White,Not Hispanic or Latino,23223,VA,Central,26-12-2023
PAT007335,06-09-2008,F,White,Not Hispanic or Latino,23223,VA,Central,08-07-2025
PAT007336,05-06-2024,Male,White,Hispanic or Latino,22901,VA,Western,08-02-2025
PAT007337,08-11-1958,Female,White,Not Hispanic or Latino,23805,VA,Southern,31-07-2025
PAT007338,25-12-2023,Female,Unknown,Not Hispanic or Latino,23221,VA,Central,26-07-2024
PAT007339,01-03-1979,Male,White,Not Hispanic or Latino,23221,VA,Central,04-06-2025
PAT007340,14-09-2013,Male,Black or African American,Not Hispanic or Latino,22554,VA,Northern,17-09-2023
PAT007341,16-12-1993,Male,Black or African American,Not Hispanic or Latino,22551,VA,Northern,06-10-2023
PAT007342,23-09-2012,Male,Multiple,Not Hispanic or Latino,23831,VA,Southern,17-01-2024
PAT007343,17-03-1992,Female,White,Not Hispanic or Latino,22551,VA,Northern,14-02-2025
PAT007344,08-12-1990,Male,Black or African American,Not Hispanic or Latino,23805,VA,Southern,13-01-2023
PAT007345,15-08-1982,Female,White,Not Hispanic or Latino,22405,VA,Northern,04-07-2024
PAT007346,24-02-1993,Female,Black or African American,Not Hispanic or Latino,23185,VA,Eastern,12-04-2025
PAT007347,18-11-1973,Female,Black or African American,Hispanic or Latino,22902,VA,Western,30-03-2024
PAT007348,21-11-1952,Male,White,Not Hispanic or Latino,23223,VA,Central,24-01-2025
PAT007349,11-04-1983,Female,White,Not Hispanic or Latino,23834,VA,Southern,22-12-2023
PAT007350,05-11-2019,Female,White,Not Hispanic or Latino,23225,VA,Central,20-10-2025
PAT007351,25-12-1965,Female,Other,Not Hispanic or Latino,22901,VA,Western,25-04-2023
PAT007352,07-06-1986,Female,White,Not Hispanic or Latino,22554,VA,Northern,22-12-2025
PAT007353,19-12-2014,Female,Asian,Not Hispanic or Latino,23225,VA,Central,23-03-2024
PAT007354,25-03-2006,Male,Unknown,Not Hispanic or Latino,23225,VA,Central,27-03-2024
PAT007355,22-11-1979,Male,White,Not Hispanic or Latino,23601,VA,Eastern,15-12-2023
PAT007356,27-06-1943,Female,Other,Not Hispanic or Latino,23225,VA,Central,16-02-2023
PAT007357,06-12-2016,Female,Black or African American,Not Hispanic or Latino,22554,VA,Northern,27-03-2023
PAT007358,05-12-1978,Female,White,Not Hispanic or Latino,22903,VA,Western,01-12-2024
PAT007359,14-05-1985,Female,Black or African American,Not Hispanic or Latino,23221,VA,Central,10-07-2025
PAT007360,02-11-1993,Female,White,Not Hispanic or Latino,22903,VA,Western,02-08-2023
PAT007361,16-07-2022,Male,Black or African American,Not Hispanic or Latino,23220,VA,Central,06-01-2025
PAT007362,14-10-1978,Female,White,Hispanic or Latino,22903,VA,Western,29-03-2025
PAT007363,17-04-1993,Male,White,Not Hispanic or Latino,22911,VA,Western,04-12-2024
PAT007364,01-10-1984,Female,White,Not Hispanic or Latino,23831,VA,Southern,24-07-2024
PAT007365,09-11-1944,Male,Black or African American,Hispanic or Latino,23606,VA,Eastern,19-10-2025
PAT007366,07-04-1937,Female,Black or African American,Hispanic or Latino,23221,VA,Central,01-01-2024
PAT007367,06-12-2023,Male,Asian,Not Hispanic or Latino,23223,VA,Central,15-06-2025
PAT007368,12-06-1941,Unknown,White,Not Hispanic or Latino,23225,VA,Central,15-06-2025
PAT007369,22-01-1990,Male,Other,Not Hispanic or Latino,23606,VA,Eastern,28-11-2023
PAT007370,20-11-2018,Male,White,Not Hispanic or Latino,23223,VA,Central,02-10-2024
PAT007371,22-10-1981,Male,Black or African American,Not Hispanic or Latino,22554,VA,Northern,23-11-2023
PAT007372,02-05-2012,Female,Black or African American,Not Hispanic or Latino,23225,VA,Central,24-04-2025
PAT007373,18-11-1960,Male,White,Not Hispanic or Latino,22554,VA,Northern,27-02-2024
PAT007374,05-02-2006,Female,White,Not Hispanic or Latino,23803,VA,Southern,06-04-2024
PAT007375,19-04-1977,Male,White,Not Hispanic or Latino,23220,VA,Central,29-08-2023
PAT007376,17-12-2018,Male,White,Not Hispanic or Latino,22551,VA,Northern,06-07-2023
PAT007377,05-07-1962,Male,White,Not Hispanic or Latino,22902,VA,Western,22-05-2024
PAT007378,18-07-1949,Female,Black or African American,Not Hispanic or Latino,22401,VA,Northern,18-10-2024
PAT007379,25-09-1961,Male,White,Not Hispanic or Latino,22901,VA,Western,20-03-2023
PAT007380,12-02-2007,Female,White,Not Hispanic or Latino,23805,VA,Southern,28-02-2024
PAT007381,27-05-1946,Male,Asian,Not Hispanic or Latino,23601,VA,Eastern,29-10-2024
PAT007382,01-08-1969,Female,Unknown,Not Hispanic or Latino,22405,VA,Northern,10-07-2025
PAT007383,17-03-1968,Female,Asian,Hispanic or Latino,23834,VA,Southern,26-05-2023
PAT007384,12-07-1970,Male,Black or African American,Not Hispanic or Latino,23606,VA,Eastern,23-01-2025
PAT007385,19-12-2011,Male,White,Hispanic or Latino,23831,VA,Southern,24-12-2024
PAT007386,19-06-1945,Female,White,Not Hispanic or Latino,22554,VA,Northern,29-01-2025
PAT007387,11-01-1985,Male,Black or African American,Not Hispanic or Latino,23831,VA,Southern,06-05-2024
PAT007388,13-11-1979,Male,Multiple,Not Hispanic or Latino,22405,VA,Northern,19-06-2023
PAT007389,10-02-1946,Male,White,Not Hispanic or Latino,23223,VA,Central,09-08-2024
PAT007390,18-02-1961,Female,Black or African American,Not Hispanic or Latino,23805,VA,Southern,07-12-2024
PAT007391,11-12-1955,Female,Unknown,Not Hispanic or Latino,23221,VA,Central,21-01-2025
PAT007392,15-01-1988,Female,White,Not Hispanic or Latino,22405,VA,Northern,02-06-2023
PAT007393,11-11-1948,Female,Black or African American,Not Hispanic or Latino,22901,VA,Western,18-05-2023
PAT007394,23-11-1981,Female,White,Not Hispanic or Latino,23221,VA,Central,09-07-2023
PAT007395,16-06-1986,Female,Black or African American,Not Hispanic or Latino,23223,VA,Central,28-08-2024
PAT007396,02-03-1950,Male,White,Not Hispanic or Latino,22405,VA,Northern,24-03-2023
PAT007397,05-11-1963,Male,White,Unknown,22911,VA,Western,28-02-2025
PAT007398,09-10-1936,Female,White,Not Hispanic or Latino,23834,VA,Southern,19-02-2024
PAT007399,24-09-2007,Male,White,Not Hispanic or Latino,23221,VA,Central,06-09-2024
PAT007400,27-04-2006,Female,White,Not Hispanic or Latino,22554,VA,Northern,10-05-2024
PAT007401,03-12-1955,Female,White,Not Hispanic or Latino,23805,VA,Southern,05-08-2024
PAT007402,24-01-2016,Male,White,Not Hispanic or Latino,23221,VA,Central,15-02-2024
PAT007403,10-04-1994,Male,Asian,Not Hispanic or Latino,23220,VA,Central,28-05-2024
PAT007404,26-03-2023,Female,Black or African American,Not Hispanic or Latino,22401,VA,Northern,15-07-2025
PAT007405,12-01-1982,Female,White,Not Hispanic or Latino,23805,VA,Southern,25-12-2024
PAT007406,11-10-1945,Female,White,Not Hispanic or Latino,23220,VA,Central,25-02-2023
PAT007407,20-08-1951,Male,White,Not Hispanic or Latino,22554,VA,Northern,01-07-2023
PAT007408,08-11-1956,Female,White,Not Hispanic or Latino,22405,VA,Northern,27-10-2024
PAT007409,01-07-2016,Female,White,Not Hispanic or Latino,22401,VA,Northern,28-06-2023
PAT007410,07-02-1935,Female,Black or African American,Not Hispanic or Latino,23602,VA,Eastern,22-04-2024
PAT007411,23-09-1971,Female,Black or African American,Not Hispanic or Latino,22903,VA,Western,26-08-2025
PAT007412,07-04-1989,Male,White,Hispanic or Latino,23606,VA,Eastern,27-12-2023
PAT007413,14-08-1976,Male,Asian,Not Hispanic or Latino,23225,VA,Central,28-06-2023
PAT007414,08-08-2020,Female,White,Not Hispanic or Latino,23223,VA,Central,21-09-2023
PAT007415,05-02-2004,Female,Black or African American,Not Hispanic or Latino,22901,VA,Western,05-12-2023
PAT007416,23-12-2005,Female,Black or African American,Not Hispanic or Latino,23805,VA,Southern,26-10-2025
PAT007417,02-04-1958,Female,Black or African American,Not Hispanic or Latino,23185,VA,Eastern,16-08-2024
PAT007418,18-05-1942,Female,Black or African American,Not Hispanic or Latino,23185,VA,Eastern,30-11-2023
PAT007419,02-10-2009,Female,White,Not Hispanic or Latino,23803,VA,Southern,16-02-2025
PAT007420,10-07-1965,Female,White,Not Hispanic or Latino,22903,VA,Western,20-11-2023
PAT007421,27-02-2001,Female,Other,Not Hispanic or Latino,22401,VA,Northern,15-03-2023
PAT007422,03-03-1967,Female,White,Not Hispanic or Latino,23601,VA,Eastern,29-01-2024
PAT007423,18-07-2015,Female,Black or African American,Not Hispanic or Latino,23221,VA,Central,12-07-2023
PAT007424,08-03-1968,Male,Black or African American,Hispanic or Latino,23225,VA,Central,27-03-2025
PAT007425,10-01-2010,Male,White,Not Hispanic or Latino,23220,VA,Central,18-09-2025
PAT007426,28-01-2023,F,Black or African American,Not Hispanic or Latino,22405,VA,Northern,04-08-2023
PAT007427,17-02-1966,Female,White,Not Hispanic or Latino,22551,VA,Northern,18-08-2024
PAT007428,27-06-1990,Female,White,Hispanic or Latino,22901,VA,Western,18-08-2023
PAT007429,07-12-1987,Male,Asian,Hispanic or Latino,23221,VA,Central,16-02-2023
PAT007430,26-05-2018,Female,White,Not Hispanic or Latino,23223,VA,Central,23-01-2025
PAT007431,16-01-1969,Male,White,Not Hispanic or Latino,22401,VA,Northern,08-06-2024
PAT007432,16-09-1976,Male,Asian,Not Hispanic or Latino,23834,VA,Southern,07-12-2024
PAT007433,16-12-1975,Male,White,Not Hispanic or Latino,23225,VA,Central,11-12-2024
PAT007434,05-12-1936,Male,White,Hispanic or Latino,23223,VA,Central,29-07-2025
PAT007435,03-04-2003,Male,White,Not Hispanic or Latino,22551,VA,Northern,03-03-2024
PAT007436,01-07-2004,Male,White,Not Hispanic or Latino,22405,VA,Northern,15-10-2025
PAT007437,24-09-1940,Male,White,Not Hispanic or Latino,23220,VA,Central,10-07-2023
PAT007438,24-11-1940,Male,White,Not Hispanic or Latino,22901,VA,Western,08-10-2024
PAT007439,25-12-1963,Male,Native Hawaiian or Other Pacific Islander,Not Hispanic or Latino,23225,VA,Central,05-03-2023
PAT007440,20-10-2019,Male,Black or African American,Not Hispanic or Latino,23606,VA,Eastern,26-02-2024
PAT007441,13-07-1990,Female,Black or African American,Not Hispanic or Latino,22551,VA,Northern,16-02-2023
PAT007442,20-06-1960,Female,Black or African American,Not Hispanic or Latino,22903,VA,Western,04-04-2025
PAT007443,22-07-1995,Female,White,Not Hispanic or Latino,22902,VA,Western,08-10-2023
PAT007444,07-04-1978,Female,White,Hispanic or Latino,23834,VA,Southern,02-05-2023
PAT007445,04-08-2025,Male,White,Not Hispanic or Latino,23831,VA,Southern,15-12-2025
PAT007446,19-01-2025,Female,White,Not Hispanic or Latino,23225,VA,Central,21-02-2025
PAT007447,02-11-2017,Male,White,Not Hispanic or Latino,23225,VA,Central,10-02-2024
PAT007448,07-03-2000,Female,Asian,Not Hispanic or Latino,23223,VA,Central,17-03-2024
PAT007449,26-01-1977,Female,Black or African American,Hispanic or Latino,22551,VA,Northern,22-11-2024
PAT007450,10-08-1943,Male,White,Not Hispanic or Latino,22554,VA,Northern,13-12-2025
PAT007451,20-04-2008,Male,Black or African American,Not Hispanic or Latino,22902,VA,Western,13-05-2024
PAT007452,20-06-1993,Female,White,Not Hispanic or Latino,22901,VA,Western,06-10-2025
PAT007453,17-03-2020,Female,Black or African American,Not Hispanic or Latino,23223,VA,Central,17-10-2023
PAT007454,18-06-1965,Male,Other,Not Hispanic or Latino,22554,VA,Northern,15-07-2024
PAT007455,28-06-1949,Male,Unknown,Not Hispanic or Latino,23220,VA,Central,09-03-2024
PAT007456,19-02-1981,Female,Black or African American,Not Hispanic or Latino,23225,VA,Central,19-02-2023
PAT007457,17-05-2001,Female,White,Not Hispanic or Latino,23221,VA,Central,26-04-2024
PAT007458,18-08-1984,Male,Multiple,Hispanic or Latino,22405,VA,Northern,28-09-2025
PAT007459,19-07-1954,Female,Asian,Not Hispanic or Latino,22902,VA,Western,25-10-2023
PAT007460,01-09-1972,Female,Black or African American,Hispanic or Latino,23803,VA,Southern,12-06-2024
PAT007461,09-07-2000,Female,Black or African American,Unknown,23225,VA,,15-01-2025
PAT007462,14-05-1967,Female,Other,Not Hispanic or Latino,23225,VA,Central,14-07-2024
PAT007463,24-07-1982,Female,White,Unknown,23225,VA,Central,28-06-2024
PAT007464,08-07-1989,Male,White,Unknown,22551,VA,Northern,30-06-2023
PAT007465,13-01-1956,Female,Asian,Not Hispanic or Latino,22902,VA,Western,05-08-2023
PAT007466,12-06-1993,Male,White,Not Hispanic or Latino,22902,VA,Western,24-06-2025
PAT007467,02-07-1983,Female,White,Not Hispanic or Latino,23220,VA,Central,16-06-2024
PAT007468,10-09-1949,male,White,Not Hispanic or Latino,23185,VA,Eastern,16-11-2025
PAT007469,24-02-1989,Male,Asian,Not Hispanic or Latino,23223,VA,Central,02-06-2024
PAT007470,15-06-2023,Female,White,Not Hispanic or Latino,23601,VA,Eastern,23-12-2024
PAT007471,10-12-2004,Male,Black or African American,Not Hispanic or Latino,22405,VA,Northern,15-02-2025
PAT007472,14-02-1958,Male,Black or African American,Hispanic or Latino,23834,VA,Southern,31-08-2023
PAT007473,13-05-1989,Female,Unknown,Unknown,23220,VA,Central,11-02-2024
PAT007474,03-02-1995,Male,White,Not Hispanic or Latino,22405,VA,Northern,29-03-2025
PAT007475,01-12-1937,Female,Native Hawaiian or Other Pacific Islander,Not Hispanic or Latino,22554,VA,Northern,30-11-2024
PAT007476,21-12-1950,Male,White,Not Hispanic or Latino,23223,VA,Central,15-02-2025
PAT007477,06-05-1985,Male,Asian,Not Hispanic or Latino,23834,VA,Southern,22-10-2025
PAT007478,17-07-1972,Male,Black or African American,Not Hispanic or Latino,23223,VA,Central,19-04-2024
PAT007479,03-08-2010,Female,Black or African American,Not Hispanic or Latino,23223,VA,Central,25-02-2023
PAT007480,26-05-1972,Female,White,Not Hispanic or Latino,23223,VA,Central,06-10-2024
PAT007481,28-06-1999,Female,Black or African American,Not Hispanic or Latino,22554,VA,Northern,20-04-2025
PAT007482,01-07-1963,Male,White,Hispanic or Latino,23185,VA,Eastern,17-04-2024
PAT007483,03-02-1975,Male,Asian,Not Hispanic or Latino,23834,VA,Southern,09-10-2023
PAT007484,25-08-1956,Male,White,Not Hispanic or Latino,23805,VA,Southern,27-03-2024
PAT007485,26-07-2009,female,White,Not Hispanic or Latino,23834,VA,Southern,30-06-2024
PAT007486,23-03-1965,Female,White,Not Hispanic or Latino,22401,VA,Northern,30-06-2025
PAT007487,13-04-1979,Male,American Indian or Alaska Native,Not Hispanic or Latino,22405,VA,Northern,31-12-2025
PAT007488,26-11-1949,Female,White,Not Hispanic or Latino,23220,VA,Central,27-10-2024
PAT007489,26-01-1993,Female,Other,Not Hispanic or Latino,23221,VA,Central,13-06-2024
PAT007490,20-12-1990,Male,Black or African American,Not Hispanic or Latino,22401,VA,Northern,12-04-2025
PAT007491,18-01-1996,Female,White,Hispanic or Latino,23803,VA,Southern,23-05-2023
PAT007492,26-07-2001,Female,White,Not Hispanic or Latino,23223,VA,Central,09-02-2023
PAT007493,27-05-2000,Male,Multiple,Not Hispanic or Latino,23223,VA,Central,11-07-2024
PAT007494,16-12-1987,Female,Black or African American,Not Hispanic or Latino,22551,VA,Northern,11-03-2023
PAT007495,14-12-1975,Male,Unknown,Not Hispanic or Latino,23805,VA,Southern,24-09-2025
PAT007496,23-06-1942,Male,Black or African American,Not Hispanic or Latino,22903,VA,Western,12-09-2023
PAT007497,20-03-1986,Female,American Indian or Alaska Native,Not Hispanic or Latino,23223,VA,Central,06-06-2024
PAT007498,24-10-2016,Male,White,Not Hispanic or Latino,23225,VA,Central,26-05-2025
PAT007499,10-06-1981,Male,White,Not Hispanic or Latino,22405,VA,Northern,23-06-2023
PAT007500,23-12-1992,Male,American Indian or Alaska Native,Not Hispanic or Latino,22554,VA,Northern,10-06-2025
PAT007501,11-08-1956,Male,White,Hispanic or Latino,23221,VA,Central,22-10-2025
PAT007502,04-01-1975,Male,Black or African American,Not Hispanic or Latino,23225,VA,Central,17-05-2023
PAT007503,09-04-1993,Male,Asian,Not Hispanic or Latino,22554,VA,Northern,02-08-2025
PAT007504,25-12-2016,Male,Other,Not Hispanic or Latino,23223,VA,Central,13-01-2024
PAT007505,22-06-1987,Male,Other,Not Hispanic or Latino,22901,VA,Western,18-04-2025
PAT007506,18-04-1964,Female,Asian,Not Hispanic or Latino,23221,VA,Central,29-11-2023
PAT007507,24-05-1984,Male,White,Not Hispanic or Latino,23225,VA,Central,06-07-2023
PAT007508,03-01-2024,Male,American Indian or Alaska Native,Not Hispanic or Latino,23606,VA,Eastern,16-01-2024
PAT007509,04-09-1993,Male,White,Not Hispanic or Latino,22405,VA,Northern,04-08-2024
PAT007510,11-11-1940,Female,White,Unknown,23606,VA,Eastern,09-04-2025
PAT007511,24-12-1974,Male,Multiple,Not Hispanic or Latino,23221,VA,Central,25-03-2023
PAT007512,28-05-1962,Male,Multiple,Not Hispanic or Latino,22554,VA,Northern,31-07-2024
PAT007513,28-12-2005,Female,White,Not Hispanic or Latino,22554,VA,Northern,22-12-2023
PAT007514,23-06-2018,Female,White,Not Hispanic or Latino,23223,VA,Central,03-11-2023
PAT007515,07-09-1978,Female,White,Not Hispanic or Latino,23805,VA,Southern,16-09-2025
PAT007516,18-11-1973,Male,Asian,Not Hispanic or Latino,23834,VA,Southern,05-01-2025
PAT007517,16-11-1948,Male,White,Not Hispanic or Latino,23220,VA,Central,02-03-2024
PAT007518,14-03-2006,Male,White,Not Hispanic or Latino,22903,VA,Western,13-02-2025
PAT007519,15-11-1999,Female,White,Not Hispanic or Latino,23225,VA,Central,16-07-2023
PAT007520,11-02-1977,Female,Black or African American,Not Hispanic or Latino,23221,VA,Central,13-05-2023
PAT007521,02-08-1944,Male,White,Not Hispanic or Latino,22554,VA,Northern,30-05-2023
PAT007522,01-12-1976,Female,American Indian or Alaska Native,Not Hispanic or Latino,22911,VA,Western,05-09-2023
PAT007523,04-07-1957,Male,White,Hispanic or Latino,23220,VA,Central,07-09-2024
PAT007524,09-05-1948,Male,White,Hispanic or Latino,23225,VA,Central,17-06-2023
PAT007525,28-10-2004,Male,Other,Not Hispanic or Latino,23221,VA,Central,04-05-2023
PAT007526,15-10-1936,Female,White,Hispanic or Latino,23223,VA,Central,13-09-2024
PAT007527,25-12-1973,Male,Black or African American,Not Hispanic or Latino,23223,VA,Central,29-09-2025
PAT007528,27-12-1987,Female,Asian,Not Hispanic or Latino,22554,VA,Northern,14-01-2024
PAT007529,24-08-1987,Male,Asian,Not Hispanic or Latino,23606,VA,Eastern,21-08-2024
PAT007530,27-11-1943,Female,Black or African American,Not Hispanic or Latino,23225,VA,Central,27-07-2025
PAT007531,16-01-2007,Female,White,Not Hispanic or Latino,22901,VA,Western,29-10-2023
PAT007532,06-04-1950,Female,White,Not Hispanic or Latino,22554,VA,Northern,14-07-2023
PAT007533,25-02-2002,Female,White,Not Hispanic or Latino,23220,VA,Central,01-12-2023
PAT007534,13-03-1963,Female,Multiple,Not Hispanic or Latino,22551,VA,Northern,04-05-2023
PAT007535,22-07-1941,Female,Black or African American,Not Hispanic or Latino,23225,VA,Central,23-04-2025
PAT007536,05-01-1937,Female,White,Not Hispanic or Latino,23606,VA,Eastern,08-01-2025
PAT007537,27-12-1961,Female,White,Not Hispanic or Latino,23805,VA,Southern,16-03-2024
PAT007538,03-08-1996,Male,White,Not Hispanic or Latino,22551,VA,Northern,21-09-2024
PAT007539,17-11-1995,Female,Black or African American,Not Hispanic or Latino,22405,VA,Northern,11-08-2023
PAT007540,01-12-1963,Female,White,Hispanic or Latino,23803,VA,Southern,22-01-2024
PAT007541,27-01-2010,Male,White,Not Hispanic or Latino,23185,VA,Eastern,04-07-2025
PAT007542,16-04-1959,Male,Unknown,Not Hispanic or Latino,23220,VA,Central,16-12-2025
PAT007543,25-09-1940,Female,White,Not Hispanic or Latino,22551,VA,Northern,09-06-2025
PAT007544,08-10-1978,Female,White,Not Hispanic or Latino,23221,VA,Central,16-03-2023
PAT007545,02-12-1983,Female,Black or African American,Not Hispanic or Latino,23601,VA,Eastern,13-07-2024
PAT007546,20-05-2009,Female,Black or African American,Not Hispanic or Latino,23601,VA,Eastern,10-06-2025
PAT007547,10-12-1968,Female,Black or African American,Hispanic or Latino,22551,VA,Northern,18-04-2025
PAT007548,20-03-1939,Male,Black or African American,Not Hispanic or Latino,23225,VA,Central,12-12-2024
PAT007549,26-08-1975,Female,White,Not Hispanic or Latino,23602,VA,Eastern,04-07-2024
PAT007550,11-07-1997,Male,Native Hawaiian or Other Pacific Islander,Hispanic or Latino,23834,VA,Southern,30-09-2023
PAT007551,13-08-1994,Male,Multiple,Not Hispanic or Latino,23223,VA,Central,19-07-2024
PAT007552,17-10-1958,Male,White,Not Hispanic or Latino,22405,VA,Northern,25-10-2025
PAT007553,19-08-1957,Female,White,Not Hispanic or Latino,23223,VA,Central,17-10-2025
PAT007554,12-10-1983,Female,Asian,Not Hispanic or Latino,22901,VA,Western,24-03-2023
PAT007555,11-05-1987,Male,Unknown,Not Hispanic or Latino,22405,VA,Northern,02-11-2023
PAT007556,14-03-1959,Female,Black or African American,Not Hispanic or Latino,23601,VA,Eastern,24-03-2025
PAT007557,02-04-1981,Male,Multiple,Not Hispanic or Latino,23221,VA,Central,14-09-2023
PAT007558,13-12-1977,Male,Black or African American,Not Hispanic or Latino,23223,VA,Central,08-12-2024
PAT007559,15-06-1955,Female,White,Not Hispanic or Latino,23601,VA,Eastern,09-05-2024
PAT007560,23-10-1960,Female,Black or African American,Not Hispanic or Latino,23803,VA,Southern,03-08-2025
PAT007561,25-05-1978,Female,White,Not Hispanic or Latino,23220,VA,Central,19-02-2025
PAT007562,03-06-2018,Male,White,Not Hispanic or Latino,22911,VA,Western,20-11-2025
PAT007563,21-03-1970,Female,Asian,Not Hispanic or Latino,22902,VA,Western,10-07-2024
PAT007564,24-07-1946,Male,Unknown,Not Hispanic or Latino,23225,VA,Central,23-01-2025
PAT007565,11-03-2004,Unknown,Black or African American,Not Hispanic or Latino,23221,VA,Central,14-09-2025
PAT007566,24-01-2025,Female,White,Hispanic or Latino,23223,VA,Central,11-05-2025
PAT007567,25-12-1995,Female,Asian,Not Hispanic or Latino,23225,VA,Central,03-03-2024
PAT007568,16-03-2019,Male,Asian,Not Hispanic or Latino,23225,VA,Central,17-04-2024
PAT007569,05-05-2019,Female,Black or African American,Not Hispanic or Latino,22405,VA,Northern,27-12-2025
PAT007570,13-12-1985,Female,American Indian or Alaska Native,Not Hispanic or Latino,22902,VA,Western,30-11-2025
PAT007571,05-08-1972,Male,Asian,Not Hispanic or Latino,22902,VA,,15-10-2025
PAT007572,11-03-2002,Female,Other,Not Hispanic or Latino,22405,VA,Northern,28-07-2023
PAT007573,26-04-1975,Female,Asian,Not Hispanic or Latino,23221,VA,Central,23-08-2025
PAT007574,23-12-1977,Male,White,Not Hispanic or Latino,23220,VA,Central,15-01-2023
PAT007575,19-12-2008,Male,Black or African American,Not Hispanic or Latino,22554,VA,Northern,19-10-2023
PAT007576,02-05-2001,Male,White,Not Hispanic or Latino,23805,VA,Southern,01-07-2025
PAT007577,07-05-2025,Female,White,Not Hispanic or Latino,23221,VA,Central,05-07-2025
PAT007578,22-04-1961,Female,Asian,Not Hispanic or Latino,23185,VA,Eastern,19-11-2025
PAT007579,09-09-2001,Male,White,Not Hispanic or Latino,23831,VA,Southern,27-03-2025
PAT007580,12-03-2005,Female,White,Not Hispanic or Latino,22911,VA,Western,26-01-2023
PAT007581,08-08-1986,Female,White,Not Hispanic or Latino,22551,VA,Northern,26-07-2023
PAT007582,26-09-1942,Male,Black or African American,Not Hispanic or Latino,22903,VA,Western,21-08-2023
PAT007583,19-07-1945,Female,White,Not Hispanic or Latino,22911,VA,Western,03-02-2023
PAT007584,21-11-1976,Male,White,Not Hispanic or Latino,22551,VA,Northern,28-08-2024
PAT007585,12-12-1970,Female,Asian,Not Hispanic or Latino,22554,VA,Northern,11-09-2024
PAT007586,05-12-1937,Female,Black or African American,Not Hispanic or Latino,23803,VA,Southern,22-01-2025
PAT007587,23-11-1945,Male,White,Not Hispanic or Latino,23601,VA,Eastern,07-08-2025
PAT007588,06-11-1941,Male,White,Not Hispanic or Latino,22911,VA,Western,15-08-2024
PAT007589,07-06-2007,Male,White,Not Hispanic or Latino,23805,VA,Southern,11-07-2025
PAT007590,20-11-1987,Male,Black or African American,Not Hispanic or Latino,22551,VA,Northern,05-12-2025
PAT007591,20-06-1982,Female,Asian,Not Hispanic or Latino,23221,VA,Central,22-06-2024
PAT007592,17-03-1964,Female,White,Hispanic or Latino,23805,VA,Southern,19-03-2023
PAT007593,15-10-2018,Female,Black or African American,Not Hispanic or Latino,23606,VA,Eastern,26-11-2025
PAT007594,22-04-1977,Male,White,Not Hispanic or Latino,23805,VA,Southern,14-06-2023
PAT007595,08-01-1996,Female,White,Hispanic or Latino,22405,VA,Northern,13-07-2023
PAT007596,25-06-1991,Female,White,Not Hispanic or Latino,23834,VA,Southern,08-12-2024
PAT007597,25-06-1935,Male,Black or African American,Not Hispanic or Latino,23220,VA,Central,03-03-2023
PAT007598,01-06-2003,Female,Black or African American,Not Hispanic or Latino,23225,VA,Central,11-06-2025
PAT007599,21-12-2012,Female,Black or African American,Not Hispanic or Latino,22551,VA,Northern,17-03-2023
PAT007600,15-11-1984,Male,White,Not Hispanic or Latino,22902,VA,Western,01-09-2024
PAT007601,16-07-1945,Female,White,Not Hispanic or Latino,22401,VA,Northern,01-09-2024
PAT007602,19-10-1977,Male,Other,Not Hispanic or Latino,23225,VA,Central,20-05-2024
PAT007603,19-09-2003,Male,White,Not Hispanic or Latino,23831,VA,Southern,02-07-2023
PAT007604,17-04-2025,Male,White,Not Hispanic or Latino,22554,VA,Northern,20-07-2025
PAT007605,28-03-2016,Female,White,Not Hispanic or Latino,23225,VA,Central,19-02-2025
PAT007606,04-03-2020,Male,White,Not Hispanic or Latino,22903,VA,Western,22-12-2024
PAT007607,22-04-1995,Male,Black or African American,Not Hispanic or Latino,22551,VA,Northern,27-08-2024
PAT007608,22-10-1954,Male,Multiple,Not Hispanic or Latino,22911,VA,Western,11-04-2024
PAT007609,11-10-1999,Male,Black or African American,Hispanic or Latino,23831,VA,Southern,15-01-2023
PAT007610,19-09-1954,Female,White,Not Hispanic or Latino,23223,VA,Central,18-10-2024
PAT007611,12-07-2016,Male,Asian,Not Hispanic or Latino,22911,VA,Western,23-01-2025
PAT007612,16-02-2001,Female,Asian,Not Hispanic or Latino,22901,VA,Western,17-11-2025
PAT007613,02-04-1983,Female,White,Not Hispanic or Latino,23185,VA,Eastern,03-11-2023
PAT007614,22-01-2005,Female,White,Not Hispanic or Latino,23805,VA,Southern,15-08-2025
PAT007615,22-07-1972,Male,White,Not Hispanic or Latino,23225,VA,Central,29-03-2024
PAT007616,06-12-1939,Female,Black or African American,Not Hispanic or Latino,23223,VA,Central,10-03-2025
PAT007617,07-08-1980,Female,American Indian or Alaska Native,Not Hispanic or Latino,23221,VA,Central,15-12-2023
PAT007618,10-04-1937,Female,Black or African American,Not Hispanic or Latino,23834,VA,Southern,02-07-2024
PAT007619,20-04-1966,Female,White,Not Hispanic or Latino,23220,VA,Central,22-05-2025
PAT007620,01-07-1980,Male,White,Not Hispanic or Latino,22401,VA,Northern,11-09-2023
PAT007621,01-10-1975,Female,White,Not Hispanic or Latino,23602,VA,Eastern,29-11-2025
PAT007622,24-07-1994,Male,White,Not Hispanic or Latino,22901,VA,Western,24-06-2025
PAT007623,05-12-1972,Male,White,Not Hispanic or Latino,23606,VA,Eastern,25-09-2024
PAT007624,25-08-2016,Female,Black or African American,Hispanic or Latino,23805,VA,Southern,18-08-2025
PAT007625,20-06-1991,Male,White,Not Hispanic or Latino,23602,VA,Eastern,26-07-2024
PAT007626,14-08-1974,Other,Black or African American,Hispanic or Latino,22401,VA,Northern,17-02-2023
PAT007627,16-04-1941,Male,White,Not Hispanic or Latino,23220,VA,Central,29-04-2025
PAT007628,22-12-2016,Male,White,Not Hispanic or Latino,23831,VA,Southern,09-08-2023
PAT007629,12-05-1975,Female,White,Not Hispanic or Latino,22551,VA,Northern,20-05-2024
PAT007630,14-05-1938,Female,White,Hispanic or Latino,23834,VA,Southern,06-09-2024
PAT007631,26-08-1986,Male,White,Hispanic or Latino,22405,VA,Northern,23-04-2024
PAT007632,02-09-1993,Female,White,Not Hispanic or Latino,22554,VA,Northern,25-09-2023
PAT007633,01-10-2009,Female,Black or African American,Not Hispanic or Latino,23831,VA,Southern,07-03-2025
PAT007634,03-06-1947,Female,Black or African American,Not Hispanic or Latino,23221,VA,Central,25-06-2025
PAT007635,24-05-1943,Male,White,Unknown,23225,VA,Central,25-06-2025
PAT007636,17-10-1989,Male,Asian,Not Hispanic or Latino,22405,VA,Northern,30-06-2025
PAT007637,27-04-2017,Male,Asian,Not Hispanic or Latino,23223,VA,Central,27-12-2024
PAT007638,27-10-2006,Male,Black or African American,Hispanic or Latino,23225,VA,Central,06-11-2025
PAT007639,07-10-1997,Female,Black or African American,Not Hispanic or Latino,23220,VA,Central,20-03-2025
PAT007640,11-12-1988,Female,Black or African American,Not Hispanic or Latino,22901,VA,Western,03-11-2023
PAT007641,17-01-1987,Male,Black or African American,Not Hispanic or Latino,23225,VA,Central,28-07-2024
PAT007642,21-10-1948,Male,Asian,Unknown,23805,VA,Southern,27-06-2024
PAT007643,10-04-1961,Female,Black or African American,Not Hispanic or Latino,22902,VA,Western,03-01-2025
PAT007644,13-09-2017,Male,White,Not Hispanic or Latino,22903,VA,Western,29-12-2023
PAT007645,27-03-1989,Male,White,Not Hispanic or Latino,23220,VA,Central,29-12-2024
PAT007646,27-01-1984,Female,Black or African American,Not Hispanic or Latino,23221,VA,Central,30-10-2025
PAT007647,01-02-1968,Male,White,Not Hispanic or Latino,23220,VA,Central,05-03-2024
PAT007648,14-05-2015,Male,White,Not Hispanic or Latino,23223,VA,Central,20-02-2025
PAT007649,10-01-1994,Female,Black or African American,Not Hispanic or Latino,23803,VA,Southern,10-03-2024
PAT007650,09-07-1968,Female,White,Not Hispanic or Latino,23834,VA,Southern,19-07-2024
PAT007651,24-07-1983,Male,Unknown,Not Hispanic or Latino,23803,VA,Southern,17-06-2023
PAT007652,06-02-1984,Female,Black or African American,Unknown,23805,VA,Southern,26-08-2023
PAT007653,25-01-2015,Male,Black or African American,Not Hispanic or Latino,23601,VA,Eastern,09-04-2025
PAT007654,12-06-1938,Female,White,Not Hispanic or Latino,23225,VA,Central,26-10-2025
PAT007655,03-12-1938,Female,Unknown,Not Hispanic or Latino,23220,VA,Central,28-03-2023
PAT007656,04-05-1978,Male,Black or African American,Not Hispanic or Latino,23602,VA,Eastern,03-12-2025
PAT007657,07-04-2000,Female,Black or African American,Unknown,23223,VA,Central,26-09-2023
PAT007658,23-07-2008,Female,White,Not Hispanic or Latino,22911,VA,Western,03-01-2023
PAT007659,17-04-1989,Male,White,Not Hispanic or Latino,23831,VA,Southern,08-10-2024
PAT007660,06-01-2007,Female,White,Not Hispanic or Latino,23223,VA,Central,13-09-2025
PAT007661,01-09-1972,Female,Black or African American,Not Hispanic or Latino,23220,VA,Central,05-03-2023
PAT007662,28-03-2023,Female,White,Not Hispanic or Latino,22903,VA,Western,05-07-2025
PAT007663,04-08-2014,Male,Other,Not Hispanic or Latino,22401,VA,Northern,06-02-2025
PAT007664,13-01-1967,Male,Unknown,Not Hispanic or Latino,23220,VA,Central,27-08-2024
PAT007665,13-04-2022,Female,Black or African American,Hispanic or Latino,23223,VA,Central,16-03-2023
PAT007666,04-06-2014,Female,White,Not Hispanic or Latino,22901,VA,Western,31-03-2024
PAT007667,14-10-1977,Female,Unknown,Hispanic or Latino,22911,VA,Western,16-06-2023
PAT007668,26-07-2009,Male,White,Not Hispanic or Latino,22551,VA,Northern,07-06-2023
PAT007669,18-01-2010,Male,White,Not Hispanic or Latino,23803,VA,Southern,29-09-2024
PAT007670,20-03-1941,Female,Black or African American,Not Hispanic or Latino,23221,VA,Central,30-11-2023
PAT007671,23-09-1936,Male,White,Not Hispanic or Latino,22903,VA,Western,05-02-2023
PAT007672,04-12-1983,Female,White,Not Hispanic or Latino,23225,VA,Central,21-06-2023
PAT007673,08-10-1973,Male,White,Hispanic or Latino,22405,VA,Northern,15-10-2023
PAT007674,09-04-2023,Male,White,Not Hispanic or Latino,23223,VA,Central,23-09-2023
PAT007675,19-01-2003,Male,White,Not Hispanic or Latino,23602,VA,Eastern,26-03-2023
PAT007676,27-01-1980,Male,Black or African American,Not Hispanic or Latino,23601,VA,Eastern,05-09-2025
PAT007677,03-11-1977,Female,Black or African American,Not Hispanic or Latino,23225,VA,Central,12-10-2025
PAT007678,18-09-1949,Female,Unknown,Not Hispanic or Latino,23831,VA,Southern,28-02-2025
PAT007679,15-12-1973,Female,White,Not Hispanic or Latino,23831,VA,,15-01-2023
PAT007680,04-07-1984,Female,White,Not Hispanic or Latino,23185,VA,Eastern,07-01-2024
PAT007681,26-07-1961,Male,Black or African American,Not Hispanic or Latino,23221,VA,Central,09-03-2023
PAT007682,02-04-1965,Female,White,Not Hispanic or Latino,23225,VA,Central,28-01-2025
PAT007683,11-07-1958,Female,White,Hispanic or Latino,23834,VA,Southern,11-07-2023
PAT007684,04-02-1988,Female,White,Hispanic or Latino,23225,VA,Central,09-04-2023
PAT007685,03-11-1977,Male,Unknown,Not Hispanic or Latino,23803,VA,Southern,06-09-2023
PAT007686,05-12-1980,Female,Other,Not Hispanic or Latino,23221,VA,Central,29-03-2024
PAT007687,06-01-2001,Female,Unknown,Not Hispanic or Latino,23831,VA,Southern,01-01-2025
PAT007688,17-12-1981,Female,Other,Not Hispanic or Latino,23606,VA,Eastern,05-10-2023
PAT007689,26-07-1990,Female,White,Not Hispanic or Latino,23221,VA,Central,28-03-2024
PAT007690,27-05-1989,Female,White,Not Hispanic or Latino,22554,VA,Northern,31-05-2025
PAT007691,23-11-2008,Female,Asian,Not Hispanic or Latino,23185,VA,Eastern,11-02-2023
PAT007692,23-10-1961,Male,White,Not Hispanic or Latino,22551,VA,Northern,09-08-2023
PAT007693,02-09-1995,Female,Black or African American,Not Hispanic or Latino,22903,VA,Western,05-01-2025
PAT007694,06-06-2025,Female,Unknown,Not Hispanic or Latino,23803,VA,Southern,22-06-2025
PAT007695,27-01-1988,Male,Black or African American,Unknown,23221,VA,Central,14-05-2025
PAT007696,04-09-1990,Female,White,Not Hispanic or Latino,22551,VA,Northern,15-07-2024
PAT007697,18-12-2004,Male,White,Not Hispanic or Latino,22401,VA,Northern,02-06-2024
PAT007698,26-12-1986,Male,White,Unknown,22551,VA,Northern,29-03-2023
PAT007699,23-09-1976,Male,White,Not Hispanic or Latino,22401,VA,Northern,20-10-2025
PAT007700,09-02-1961,Female,White,Not Hispanic or Latino,23803,VA,Southern,28-04-2024
PAT007701,19-07-1986,Female,White,Not Hispanic or Latino,23602,VA,Eastern,23-06-2024
PAT007702,12-10-1999,Female,White,Not Hispanic or Latino,22901,VA,Western,07-04-2025
PAT007703,22-10-1975,Female,Asian,Not Hispanic or Latino,22903,VA,Western,24-10-2025
PAT007704,27-07-1990,Male,Multiple,Not Hispanic or Latino,22405,VA,Northern,24-07-2025
PAT007705,13-06-1952,Female,White,Not Hispanic or Latino,22551,VA,Northern,27-03-2024
PAT007706,21-10-1965,Male,White,Not Hispanic or Latino,23223,VA,Central,25-03-2023
PAT007707,05-05-1992,Male,Black or African American,Hispanic or Latino,22554,VA,Northern,10-06-2023
PAT007708,22-03-1986,Female,White,Not Hispanic or Latino,22401,VA,Northern,17-08-2024
PAT007709,15-06-1966,Male,White,Not Hispanic or Latino,22551,VA,Northern,01-06-2025
PAT007710,28-06-1955,Female,White,Not Hispanic or Latino,23221,VA,Central,28-12-2025
PAT007711,13-08-2016,Female,White,Not Hispanic or Latino,22911,VA,Western,25-06-2023
PAT007712,02-04-2014,Male,White,Not Hispanic or Latino,22401,VA,Northern,11-03-2025
PAT007713,16-05-1962,Female,Black or African American,Not Hispanic or Latino,22902,VA,Western,10-12-2025
PAT007714,04-07-1965,Female,White,Hispanic or Latino,22551,VA,Northern,24-08-2024
PAT007715,13-12-1980,Male,White,Not Hispanic or Latino,23223,VA,Central,30-01-2023
PAT007716,13-11-2021,Male,Asian,Not Hispanic or Latino,23805,VA,Southern,02-07-2025
PAT007717,04-02-1995,Male,White,Not Hispanic or Latino,22911,VA,Western,03-03-2025
PAT007718,18-12-2021,Female,White,Not Hispanic or Latino,22551,VA,Northern,10-06-2025
PAT007719,10-04-1960,M,White,Not Hispanic or Latino,22405,VA,Northern,07-07-2024
PAT007720,18-07-1935,Male,White,Not Hispanic or Latino,23834,VA,Southern,16-09-2025
PAT007721,04-01-1965,Male,Black or African American,Not Hispanic or Latino,22911,VA,Western,26-01-2025
PAT007722,27-03-1995,Male,White,Not Hispanic or Latino,22551,VA,Northern,02-10-2025
PAT007723,10-11-1977,Female,Other,Not Hispanic or Latino,23220,VA,Central,20-11-2023
PAT007724,27-06-1974,Female,White,Not Hispanic or Latino,23834,VA,Southern,28-09-2023
PAT007725,23-02-1972,Unknown,White,Not Hispanic or Latino,23221,VA,Central,22-10-2024
PAT007726,06-05-1956,Male,Other,Not Hispanic or Latino,23221,VA,Central,27-11-2024
PAT007727,27-06-2003,Female,Unknown,Unknown,23834,VA,Southern,11-03-2023
PAT007728,11-09-2025,Male,White,Not Hispanic or Latino,22554,VA,Northern,26-11-2025
PAT007729,15-02-1969,Male,Asian,Not Hispanic or Latino,23805,VA,Southern,10-08-2023
PAT007730,11-01-1949,Male,White,Unknown,23221,VA,Central,17-01-2023
PAT007731,08-12-1996,Male,Black or African American,Not Hispanic or Latino,23223,VA,Central,12-02-2024
PAT007732,07-02-1936,Female,White,Not Hispanic or Latino,22901,VA,Western,20-11-2025
PAT007733,14-06-1999,Male,White,Not Hispanic or Latino,22401,VA,Northern,05-11-2024
PAT007734,08-10-1966,Female,White,Not Hispanic or Latino,23223,VA,Central,02-11-2023
PAT007735,05-03-2018,Male,White,Not Hispanic or Latino,23220,VA,Central,14-01-2023
PAT007736,05-02-1981,Male,Black or African American,Not Hispanic or Latino,23223,VA,Central,12-06-2024
PAT007737,04-12-2000,Female,Black or African American,Hispanic or Latino,23602,VA,Eastern,03-06-2023
PAT007738,26-01-1999,Male,White,Not Hispanic or Latino,23834,VA,Southern,14-11-2025
PAT007739,23-05-1953,Female,White,Not Hispanic or Latino,23805,VA,Southern,11-08-2025
PAT007740,19-08-1976,Female,Black or African American,Not Hispanic or Latino,23221,VA,Central,14-09-2024
PAT007741,04-03-1975,Male,White,Not Hispanic or Latino,23220,VA,Central,24-05-2025
PAT007742,08-03-1991,Female,White,Not Hispanic or Latino,23803,VA,Southern,20-03-2024
PAT007743,19-10-2010,Female,White,Not Hispanic or Latino,23220,VA,Central,25-10-2025
PAT007744,01-11-2004,Male,White,Not Hispanic or Latino,23803,VA,Southern,23-02-2025
PAT007745,06-05-1956,Male,White,Not Hispanic or Latino,22551,VA,Northern,05-12-2024
PAT007746,25-09-1993,Male,White,Not Hispanic or Latino,23834,VA,Southern,20-03-2024
PAT007747,17-06-1997,Male,Black or African American,Not Hispanic or Latino,23225,VA,Central,13-07-2025
PAT007748,28-06-1971,Female,Black or African American,Not Hispanic or Latino,22902,VA,Western,04-05-2025
PAT007749,10-12-2001,Female,Black or African American,Not Hispanic or Latino,23805,VA,Southern,05-02-2024
PAT007750,27-08-1937,Female,Other,Not Hispanic or Latino,22405,VA,Northern,06-10-2024
PAT007751,24-05-1971,Female,White,Not Hispanic or Latino,23805,VA,Southern,20-09-2023
PAT007752,07-06-1940,Male,White,Not Hispanic or Latino,22554,VA,Northern,28-08-2023
PAT007753,17-08-2023,Female,Other,Not Hispanic or Latino,22902,VA,Western,05-03-2025
PAT007754,02-06-1960,Male,Asian,Not Hispanic or Latino,22902,VA,Western,30-05-2024
PAT007755,08-06-1997,Male,White,Hispanic or Latino,23221,VA,Central,12-11-2025
PAT007756,01-03-1992,Male,White,Not Hispanic or Latino,23831,VA,Southern,22-06-2025
PAT007757,14-08-1995,Male,Black or African American,Hispanic or Latino,22551,VA,Northern,14-02-2025
PAT007758,05-09-2024,Female,Asian,Hispanic or Latino,23834,VA,Southern,05-02-2025
PAT007759,23-12-1997,Male,White,Not Hispanic or Latino,23225,VA,Central,11-06-2023
PAT007760,05-11-1964,Female,White,Not Hispanic or Latino,22901,VA,Western,25-08-2025
PAT007761,03-04-1970,Male,Black or African American,Not Hispanic or Latino,23805,VA,Southern,09-03-2025
PAT007762,07-10-1996,Female,Other,Not Hispanic or Latino,23803,VA,Southern,30-01-2025
PAT007763,05-12-1978,Male,White,Not Hispanic or Latino,23834,VA,Southern,20-09-2023
PAT007764,21-11-1974,Male,White,Not Hispanic or Latino,23185,VA,Eastern,11-09-2025
PAT007765,03-12-2016,Male,Multiple,Not Hispanic or Latino,23831,VA,Southern,23-06-2024
PAT007766,21-01-1987,Male,White,Not Hispanic or Latino,22401,VA,Northern,01-02-2023
PAT007767,03-07-1978,Female,White,Hispanic or Latino,23602,VA,Eastern,09-08-2024
PAT007768,19-03-1996,Female,Native Hawaiian or Other Pacific Islander,Not Hispanic or Latino,22911,VA,Western,18-09-2024
PAT007769,15-12-1949,Other,Black or African American,Not Hispanic or Latino,23831,VA,Southern,09-07-2024
PAT007770,03-04-1954,Female,Multiple,Not Hispanic or Latino,23606,VA,Eastern,18-07-2023
PAT007771,22-02-1935,Male,White,Hispanic or Latino,22903,VA,Western,09-04-2024
PAT007772,09-04-1953,Male,Other,Not Hispanic or Latino,23225,VA,Central,04-12-2023
PAT007773,27-07-1966,Male,White,Not Hispanic or Latino,23225,VA,Central,28-02-2023
PAT007774,25-01-1974,Male,Unknown,Not Hispanic or Latino,23803,VA,Southern,26-02-2024
PAT007775,10-04-1998,Female,White,Not Hispanic or Latino,23223,VA,Central,13-10-2025
PAT007776,23-12-1949,Female,Other,Not Hispanic or Latino,23223,VA,Central,26-04-2025
PAT007777,24-02-1940,Male,White,Not Hispanic or Latino,23220,VA,Central,02-09-2025
PAT007778,02-07-1944,Male,White,Not Hispanic or Latino,23221,VA,Central,25-08-2023
PAT007779,19-10-2014,female,White,Not Hispanic or Latino,22405,VA,Northern,19-10-2025
PAT007780,15-04-2017,Female,White,Not Hispanic or Latino,23225,VA,Central,25-03-2024
PAT007781,16-03-2009,Female,White,Not Hispanic or Latino,22903,VA,Western,03-04-2023
PAT007782,04-04-2019,Male,Black or African American,Not Hispanic or Latino,23221,VA,Central,09-12-2023
PAT007783,28-04-2002,Male,White,Not Hispanic or Latino,23223,VA,Central,24-06-2024
PAT007784,01-08-2006,Male,White,Not Hispanic or Latino,23223,VA,Central,11-07-2025
PAT007785,04-11-1987,Male,White,Not Hispanic or Latino,22903,VA,Western,11-12-2025
PAT007786,18-07-2001,Male,Black or African American,Hispanic or Latino,22911,VA,Western,26-09-2024
PAT007787,24-08-2011,Female,White,Not Hispanic or Latino,23225,VA,Central,07-06-2024
PAT007788,01-08-1975,Female,Other,Not Hispanic or Latino,23805,VA,Southern,04-04-2025
PAT007789,28-07-1984,Female,White,Not Hispanic or Latino,23602,VA,Eastern,03-04-2025
PAT007790,22-01-1960,Male,White,Not Hispanic or Latino,22911,VA,Western,12-02-2025
PAT007791,28-03-2003,Female,Unknown,Not Hispanic or Latino,23805,VA,Southern,04-09-2023
PAT007792,26-03-1962,Female,White,Not Hispanic or Latino,23221,VA,Central,05-09-2023
PAT007793,28-04-1966,Female,Black or African American,Hispanic or Latino,22911,VA,Western,04-12-2023
PAT007794,26-09-2010,Female,Black or African American,Not Hispanic or Latino,23831,VA,Southern,20-06-2025
PAT007795,09-07-2021,Female,White,Not Hispanic or Latino,22405,VA,Northern,26-02-2024
PAT007796,10-01-1972,Other,White,Not Hispanic or Latino,22903,VA,Western,01-06-2025
PAT007797,25-11-2020,Female,White,Not Hispanic or Latino,22901,VA,Western,03-04-2025
PAT007798,13-11-1948,Male,White,Not Hispanic or Latino,22901,VA,Western,13-07-2024
PAT007799,08-06-1967,Male,Asian,Not Hispanic or Latino,22901,VA,Western,08-01-2024
PAT007800,21-05-1987,Female,White,Not Hispanic or Latino,23602,VA,Eastern,26-02-2024
PAT007801,26-09-1985,Female,Black or African American,Hispanic or Latino,23831,VA,Southern,07-07-2023
PAT007802,22-09-1974,Male,White,Hispanic or Latino,22554,VA,Northern,05-06-2025
PAT007803,05-02-1996,Female,Black or African American,Not Hispanic or Latino,23602,VA,Eastern,07-01-2024
PAT007804,28-01-1974,Male,White,Not Hispanic or Latino,23225,VA,Central,26-04-2024
PAT007805,22-09-1946,Male,Black or African American,Not Hispanic or Latino,23220,VA,Central,28-08-2025
PAT007806,01-12-1978,Female,Asian,Not Hispanic or Latino,22903,VA,Western,06-04-2024
PAT007807,21-05-2013,Male,Black or African American,Not Hispanic or Latino,22401,VA,Northern,20-06-2023
PAT007808,24-07-1964,Other,White,Hispanic or Latino,23602,VA,Eastern,17-12-2024
PAT007809,27-12-2014,Male,Asian,Not Hispanic or Latino,23223,VA,Central,12-06-2024
PAT007810,20-02-2002,Male,Black or African American,Not Hispanic or Latino,23221,VA,Central,20-10-2025
PAT007811,04-04-1981,Female,Multiple,Not Hispanic or Latino,22405,VA,Northern,19-04-2025
PAT007812,13-12-2001,Female,White,Not Hispanic or Latino,23223,VA,Central,13-10-2025
PAT007813,13-08-1988,Male,White,Not Hispanic or Latino,23834,VA,Southern,25-05-2025
PAT007814,16-08-2009,Female,White,Not Hispanic or Latino,23834,VA,Southern,19-01-2025
PAT007815,12-04-1966,Female,Asian,Not Hispanic or Latino,23225,VA,Central,28-05-2023
PAT007816,03-05-2001,Female,Black or African American,Not Hispanic or Latino,23225,VA,Central,10-06-2024
PAT007817,19-02-1981,Female,Black or African American,Not Hispanic or Latino,22554,VA,Northern,26-03-2024
PAT007818,01-09-1978,Female,White,Not Hispanic or Latino,23223,VA,Central,02-01-2024
PAT007819,28-08-1994,Female,Black or African American,Not Hispanic or Latino,22902,VA,Western,29-01-2024
PAT007820,20-10-2019,Other,White,Hispanic or Latino,23185,VA,Eastern,30-09-2025
PAT007821,12-02-1995,Female,Black or African American,Not Hispanic or Latino,23220,VA,Central,09-03-2023
PAT007822,03-02-1989,Male,White,Not Hispanic or Latino,22902,VA,Western,06-08-2023
PAT007823,17-05-1997,Male,White,Not Hispanic or Latino,23220,VA,Central,22-09-2024
PAT007824,24-03-1998,Female,White,Hispanic or Latino,22902,VA,Western,25-04-2025
PAT007825,20-08-1971,Male,Black or African American,Not Hispanic or Latino,23601,VA,Eastern,02-06-2023
PAT007826,20-10-1952,Male,Black or African American,Not Hispanic or Latino,23803,VA,Southern,28-06-2023
PAT007827,17-12-1960,Female,Asian,Not Hispanic or Latino,23834,VA,Southern,19-07-2023
PAT007828,27-05-2013,Female,Asian,Not Hispanic or Latino,23225,VA,Central,07-02-2023
PAT007829,26-11-1951,Female,Black or African American,Not Hispanic or Latino,22401,VA,Northern,02-12-2024
PAT007830,17-04-1945,Female,Other,Not Hispanic or Latino,22901,VA,Western,20-02-2025
PAT007831,19-10-1983,Male,White,Not Hispanic or Latino,23834,VA,Southern,03-08-2025
PAT007832,13-04-1939,Female,Asian,Not Hispanic or Latino,23225,VA,Central,07-01-2024
PAT007833,22-10-2006,Male,White,Not Hispanic or Latino,23834,VA,Southern,31-08-2023
PAT007834,25-03-1990,Female,White,Not Hispanic or Latino,23221,VA,Central,27-07-2025
PAT007835,10-07-1973,Male,White,Not Hispanic or Latino,23805,VA,Southern,22-12-2023
PAT007836,17-06-1975,Male,White,Not Hispanic or Latino,22551,VA,Northern,17-06-2025
PAT007837,12-05-1955,Male,White,Not Hispanic or Latino,23834,VA,Southern,01-08-2023
PAT007838,12-11-1939,Male,Black or African American,Not Hispanic or Latino,23602,VA,Eastern,28-06-2025
PAT007839,06-04-1981,Male,Black or African American,Not Hispanic or Latino,22911,VA,Western,14-08-2025
PAT007840,04-02-1990,Male,White,Not Hispanic or Latino,22554,VA,Northern,23-09-2024
PAT007841,04-10-1965,Male,White,Not Hispanic or Latino,23225,VA,Central,19-10-2025
PAT007842,26-11-1987,Female,White,Not Hispanic or Latino,23221,VA,Central,27-04-2025
PAT007843,14-10-1975,Male,White,Not Hispanic or Latino,23831,VA,Southern,12-04-2025
PAT007844,23-09-1991,Male,Unknown,Not Hispanic or Latino,22551,VA,Northern,09-05-2023
PAT007845,11-09-2024,Female,White,Not Hispanic or Latino,22551,VA,Northern,22-12-2024
PAT007846,13-09-1949,Male,Black or African American,Not Hispanic or Latino,23225,VA,Central,23-08-2024
PAT007847,07-12-1954,Female,White,Not Hispanic or Latino,23606,VA,Eastern,14-07-2024
PAT007848,02-08-1986,Female,White,Hispanic or Latino,23221,VA,Central,22-02-2025
PAT007849,16-03-1987,Other,Asian,Hispanic or Latino,23834,VA,Southern,06-10-2025
PAT007850,26-07-1939,Male,White,Not Hispanic or Latino,22554,VA,Northern,17-03-2025
PAT007851,11-12-1999,Male,Black or African American,Not Hispanic or Latino,22551,VA,Northern,04-03-2025
PAT007852,09-10-1948,Male,White,Not Hispanic or Latino,23831,VA,Southern,25-06-2025
PAT007853,12-02-1937,Female,Black or African American,Not Hispanic or Latino,23223,VA,Central,03-05-2024
PAT007854,09-08-1971,Male,White,Hispanic or Latino,23602,VA,Eastern,15-03-2023
PAT007855,05-11-1938,Male,Black or African American,Not Hispanic or Latino,23831,VA,Southern,18-02-2023
PAT007856,08-06-1963,Male,White,Not Hispanic or Latino,22911,VA,Western,11-10-2025
PAT007857,21-10-1973,Female,White,Not Hispanic or Latino,23185,VA,Eastern,12-07-2024
PAT007858,17-12-1980,Female,White,Hispanic or Latino,23225,VA,Central,06-10-2024
PAT007859,20-11-2018,Male,White,Not Hispanic or Latino,23602,VA,Eastern,12-11-2024
PAT007860,08-01-1976,Male,White,Not Hispanic or Latino,22551,VA,Northern,16-12-2024
PAT007861,28-09-2017,Female,White,Not Hispanic or Latino,23220,VA,Central,14-09-2025
PAT007862,12-01-1982,Female,White,Not Hispanic or Latino,22405,VA,Northern,25-12-2025
PAT007863,24-04-1954,Female,White,Hispanic or Latino,23223,VA,Central,05-04-2025
PAT007864,24-03-2019,Male,Asian,Not Hispanic or Latino,22401,VA,Northern,22-05-2024
PAT007865,13-10-1969,Female,White,Not Hispanic or Latino,23831,VA,Southern,10-12-2025
PAT007866,09-12-1975,Male,White,Not Hispanic or Latino,23220,VA,Central,30-08-2025
PAT007867,07-08-1972,Male,White,Not Hispanic or Latino,23220,VA,Central,16-07-2024
PAT007868,01-06-2005,Female,White,Hispanic or Latino,23834,VA,Southern,23-03-2024
PAT007869,09-12-2002,Male,Black or African American,Not Hispanic or Latino,22401,VA,Northern,05-10-2024
PAT007870,26-01-1974,Male,Other,Hispanic or Latino,23601,VA,Eastern,14-04-2025
PAT007871,08-09-1970,Male,White,Not Hispanic or Latino,23834,VA,Southern,03-06-2025
PAT007872,10-04-2001,Male,Other,Not Hispanic or Latino,23225,VA,Central,14-08-2025
PAT007873,14-11-1952,Male,White,Not Hispanic or Latino,23602,VA,Eastern,18-03-2025
PAT007874,02-12-2012,Female,Other,Not Hispanic or Latino,22405,VA,Northern,23-03-2024
PAT007875,07-08-1956,Female,White,Not Hispanic or Latino,23606,VA,Eastern,25-06-2024
PAT007876,20-06-1974,Female,White,Not Hispanic or Latino,23221,VA,,20-04-2023
PAT007877,10-10-1979,Male,Black or African American,Not Hispanic or Latino,22401,VA,Northern,20-04-2023
PAT007878,01-02-1961,Male,White,Not Hispanic or Latino,22902,VA,Western,28-09-2025
PAT007879,16-01-1969,Male,Other,Hispanic or Latino,23803,VA,Southern,02-11-2024
PAT007880,10-07-1989,Male,White,Not Hispanic or Latino,23223,VA,Central,03-08-2025
PAT007881,21-10-1983,Female,White,Not Hispanic or Latino,23225,VA,Central,19-02-2024
PAT007882,08-04-1991,Female,Multiple,Not Hispanic or Latino,23220,VA,Central,24-05-2025
PAT007883,09-05-1958,Male,White,Not Hispanic or Latino,23221,VA,Central,20-10-2024
PAT007884,12-11-1983,Female,White,Not Hispanic or Latino,23223,VA,Central,26-08-2025
PAT007885,07-10-1944,Female,White,Not Hispanic or Latino,22554,VA,Northern,16-02-2023
PAT007886,22-06-1963,Female,White,Not Hispanic or Latino,23221,VA,Central,19-04-2025
PAT007887,25-03-1959,Male,Black or African American,Not Hispanic or Latino,23834,VA,Southern,01-03-2023
PAT007888,28-07-1937,Female,Black or African American,Not Hispanic or Latino,22551,VA,Northern,15-11-2024
PAT007889,02-08-1994,Female,Black or African American,Not Hispanic or Latino,23225,VA,Central,24-06-2023
PAT007890,18-12-1980,Male,Native Hawaiian or Other Pacific Islander,Not Hispanic or Latino,23220,VA,Central,24-11-2023
PAT007891,24-04-2020,Male,White,Not Hispanic or Latino,22911,VA,Western,14-07-2023
PAT007892,19-04-1977,Male,White,Not Hispanic or Latino,23185,VA,Eastern,18-09-2023
PAT007893,15-08-1987,Male,Other,Not Hispanic or Latino,23602,VA,Eastern,15-01-2025
PAT007894,19-11-1981,Female,White,Not Hispanic or Latino,23602,VA,Eastern,29-07-2023
PAT007895,16-04-2001,Male,White,Not Hispanic or Latino,23225,VA,Central,22-10-2025
PAT007896,11-01-2011,Female,Black or African American,Not Hispanic or Latino,23803,VA,Southern,29-09-2025
PAT007897,25-02-1942,Female,White,Not Hispanic or Latino,23220,VA,Central,08-04-2025
PAT007898,12-11-1977,Male,Black or African American,Not Hispanic or Latino,23220,VA,Central,03-03-2023
PAT007899,09-07-1962,Male,American Indian or Alaska Native,Not Hispanic or Latino,22401,VA,Northern,12-10-2025
PAT007900,17-08-2006,Female,White,Not Hispanic or Latino,22405,VA,Northern,09-09-2024
PAT007901,24-09-1983,Female,White,Not Hispanic or Latino,23831,VA,Southern,15-11-2025
PAT007902,08-01-2001,Female,White,Not Hispanic or Latino,22554,VA,Northern,25-11-2025
PAT007903,15-06-1962,Female,Black or African American,Not Hispanic or Latino,22902,VA,Western,05-06-2025
PAT007904,22-06-1976,Male,White,Not Hispanic or Latino,23223,VA,Central,15-01-2023
PAT007905,09-05-1962,Female,Asian,Not Hispanic or Latino,23601,VA,Eastern,08-09-2025
PAT007906,02-09-1973,Female,Black or African American,Hispanic or Latino,22401,VA,Northern,23-01-2024
PAT007907,18-08-1989,Male,Asian,Not Hispanic or Latino,23601,VA,Eastern,09-03-2025
PAT007908,08-05-1963,Female,White,Not Hispanic or Latino,23185,VA,Eastern,26-05-2025
PAT007909,17-12-1968,Female,Unknown,Not Hispanic or Latino,22554,VA,Northern,26-10-2025
PAT007910,09-05-1999,Female,White,Not Hispanic or Latino,23220,VA,Central,08-10-2024
PAT007911,07-10-1964,Female,White,Not Hispanic or Latino,23220,VA,Central,14-02-2024
PAT007912,02-11-1973,Male,White,Not Hispanic or Latino,22911,VA,Western,31-01-2025
PAT007913,28-01-1994,Male,White,Not Hispanic or Latino,23831,VA,Southern,13-11-2023
PAT007914,20-10-1984,Female,Black or African American,Not Hispanic or Latino,23185,VA,Eastern,12-09-2023
PAT007915,06-06-1979,Female,Unknown,Not Hispanic or Latino,22902,VA,Western,19-03-2023
PAT007916,20-03-1961,Male,Unknown,Not Hispanic or Latino,22911,VA,Western,19-02-2025
PAT007917,01-04-1954,Female,White,Not Hispanic or Latino,23805,VA,Southern,18-05-2024
PAT007918,12-07-1970,Female,White,Not Hispanic or Latino,23831,VA,Southern,07-01-2023
PAT007919,15-01-2018,Female,White,Not Hispanic or Latino,23220,VA,Central,24-12-2024
PAT007920,26-01-2017,Female,Black or African American,Not Hispanic or Latino,23601,VA,Eastern,06-08-2025
PAT007921,01-03-1987,Female,White,Not Hispanic or Latino,23220,VA,Central,26-10-2023
PAT007922,03-04-2014,Female,Unknown,Not Hispanic or Latino,22554,VA,Northern,09-01-2023
PAT007923,05-05-2007,Female,Black or African American,Not Hispanic or Latino,23221,VA,Central,10-06-2023
PAT007924,02-12-2003,Unknown,Unknown,Not Hispanic or Latino,22551,VA,Northern,25-11-2025
PAT007925,10-01-1956,Male,White,Not Hispanic or Latino,22901,VA,Western,08-03-2023
PAT007926,12-01-2018,Female,Black or African American,Not Hispanic or Latino,23223,VA,Central,22-12-2025
PAT007927,15-12-2016,Female,Black or African American,Not Hispanic or Latino,22405,VA,Northern,23-11-2025
PAT007928,25-08-2014,Male,White,Hispanic or Latino,23225,VA,Central,04-07-2025
PAT007929,19-04-1961,Female,Asian,Not Hispanic or Latino,23805,VA,Southern,08-07-2024
PAT007930,22-11-2015,Male,White,Not Hispanic or Latino,23223,VA,Central,29-04-2024
PAT007931,12-02-2009,Male,Other,Not Hispanic or Latino,23220,VA,Central,18-11-2023
PAT007932,28-03-1992,Male,White,Not Hispanic or Latino,22405,VA,Northern,21-11-2025
PAT007933,14-03-1962,Male,Other,Not Hispanic or Latino,22903,VA,Western,27-09-2023
PAT007934,28-06-1966,Female,Black or African American,Not Hispanic or Latino,22401,VA,Northern,30-10-2025
PAT007935,28-03-1997,Male,White,Not Hispanic or Latino,23223,VA,Central,17-01-2025
PAT007936,22-08-1980,Female,Native Hawaiian or Other Pacific Islander,Not Hispanic or Latino,23225,VA,Central,17-12-2025
PAT007937,24-11-1991,Male,Black or African American,Unknown,23220,VA,Central,20-11-2024
PAT007938,19-06-1976,Female,White,Not Hispanic or Latino,23220,VA,Central,14-05-2024
PAT007939,04-09-1959,Female,White,Not Hispanic or Latino,23225,VA,Central,03-11-2024
PAT007940,09-05-1977,Female,Asian,Not Hispanic or Latino,22551,VA,Northern,04-03-2025
PAT007941,26-11-2004,Male,White,Not Hispanic or Latino,22554,VA,Northern,31-01-2023
PAT007942,25-12-1977,Male,Unknown,Hispanic or Latino,23223,VA,Central,15-11-2025
PAT007943,19-05-1967,Female,Unknown,Not Hispanic or Latino,23220,VA,Central,28-10-2024
PAT007944,17-01-1937,Other,Multiple,Not Hispanic or Latino,23221,VA,Central,06-06-2024
PAT007945,23-07-1951,Female,Black or African American,Not Hispanic or Latino,23831,VA,Southern,26-03-2023
PAT007946,01-06-2000,Female,Multiple,Not Hispanic or Latino,23834,VA,Southern,25-04-2025
PAT007947,12-06-1981,Male,Black or African American,Not Hispanic or Latino,23223,VA,Central,06-03-2024
PAT007948,17-06-1949,Female,White,Not Hispanic or Latino,22401,VA,Northern,07-05-2023
PAT007949,05-12-1982,Male,White,Not Hispanic or Latino,23221,VA,Central,03-07-2025
PAT007950,10-06-1993,Female,White,Not Hispanic or Latino,23225,VA,Central,14-07-2025
PAT007951,09-08-1992,Male,White,Not Hispanic or Latino,23831,VA,Southern,04-01-2024
PAT007952,23-05-1970,Female,Multiple,Not Hispanic or Latino,23220,VA,Central,16-09-2023
PAT007953,15-09-1954,Male,Unknown,Not Hispanic or Latino,23221,VA,Central,13-08-2024
PAT007954,26-10-1937,Male,White,Not Hispanic or Latino,23805,VA,Southern,15-09-2025
PAT007955,02-10-2010,Female,Asian,Not Hispanic or Latino,23803,VA,Southern,07-10-2025
PAT007956,10-12-1959,Female,White,Not Hispanic or Latino,23602,VA,Eastern,15-01-2025
PAT007957,18-05-1941,Male,White,Hispanic or Latino,22554,VA,Northern,02-05-2025
PAT007958,24-05-2011,Female,White,Not Hispanic or Latino,23220,VA,Central,12-06-2025
PAT007959,07-03-1984,Male,Black or African American,Not Hispanic or Latino,23831,VA,Southern,13-05-2025
PAT007960,05-02-2010,Male,Black or African American,Not Hispanic or Latino,23223,VA,Central,15-01-2025
PAT007961,01-06-2000,Female,Black or African American,Not Hispanic or Latino,23221,VA,Central,11-07-2025
PAT007962,09-08-1994,Male,Black or African American,Not Hispanic or Latino,22401,VA,Northern,08-02-2025
PAT007963,26-02-1971,Female,White,Hispanic or Latino,22405,VA,Northern,10-11-2023
PAT007964,22-03-1992,Female,White,Not Hispanic or Latino,23606,VA,Eastern,24-03-2025
PAT007965,26-04-1985,Male,Black or African American,Not Hispanic or Latino,23803,VA,Southern,02-08-2024
PAT007966,23-02-2014,Male,Multiple,Not Hispanic or Latino,23221,VA,Central,19-07-2024
PAT007967,21-08-1974,Male,White,Not Hispanic or Latino,23803,VA,Southern,25-04-2023
PAT007968,12-05-1997,Male,Black or African American,Not Hispanic or Latino,23223,VA,Central,07-05-2024
PAT007969,12-06-1998,Male,Black or African American,Not Hispanic or Latino,23223,VA,Central,14-01-2025
PAT007970,26-07-1976,Female,Multiple,Not Hispanic or Latino,22405,VA,Northern,09-09-2023
PAT007971,22-09-1994,Male,Black or African American,Not Hispanic or Latino,22902,VA,Western,21-02-2024
PAT007972,16-11-1949,Female,White,Unknown,22551,VA,Northern,29-04-2025
PAT007973,18-01-1944,Male,White,Hispanic or Latino,23223,VA,Central,16-01-2023
PAT007974,19-12-1971,Female,White,Hispanic or Latino,23220,VA,Central,03-03-2023
PAT007975,25-07-1991,Male,White,Not Hispanic or Latino,22901,VA,Western,24-08-2024
PAT007976,16-02-1954,Male,Unknown,Not Hispanic or Latino,23803,VA,Southern,28-01-2025
PAT007977,22-06-1961,Male,White,Not Hispanic or Latino,23225,VA,Central,19-10-2024
PAT007978,21-02-2020,Female,White,Not Hispanic or Latino,22911,VA,Western,19-04-2024
PAT007979,18-07-1953,Female,White,Hispanic or Latino,23606,VA,Eastern,05-04-2023
PAT007980,22-10-1963,Female,Multiple,Not Hispanic or Latino,23805,VA,Southern,21-05-2023
PAT007981,17-01-2012,Male,White,Not Hispanic or Latino,23223,VA,Central,20-02-2023
PAT007982,12-01-1974,Female,Black or African American,Not Hispanic or Latino,23223,VA,Central,08-02-2024
PAT007983,04-02-2005,Female,Black or African American,Not Hispanic or Latino,23223,VA,Central,24-02-2024
PAT007984,06-01-2002,Female,White,Not Hispanic or Latino,23225,VA,Central,06-08-2024
PAT007985,20-01-2006,Male,Multiple,Not Hispanic or Latino,22902,VA,Western,01-05-2024
PAT007986,19-04-1938,Female,White,Not Hispanic or Latino,22551,VA,Northern,12-05-2024
PAT007987,02-10-1992,Female,White,Not Hispanic or Latino,22902,VA,Western,05-01-2023
PAT007988,08-11-1965,Female,White,Not Hispanic or Latino,23834,VA,Southern,28-11-2025
PAT007989,03-11-1988,Female,White,Not Hispanic or Latino,22902,VA,Western,17-12-2025
PAT007990,15-05-1951,Male,Black or African American,Not Hispanic or Latino,23803,VA,Southern,24-04-2025
PAT007991,13-07-2011,Male,White,Unknown,23601,VA,Eastern,13-07-2024
PAT007992,01-12-2021,Female,Multiple,Not Hispanic or Latino,23805,VA,Southern,04-09-2024
PAT007993,03-12-1967,Female,Black or African American,Not Hispanic or Latino,22902,VA,Western,25-08-2024
PAT007994,25-12-1988,Male,White,Hispanic or Latino,22551,VA,Northern,09-06-2025
PAT007995,09-08-1998,Female,American Indian or Alaska Native,Not Hispanic or Latino,22902,VA,Western,25-04-2025
PAT007996,28-05-1998,Male,White,Hispanic or Latino,22901,VA,Western,11-06-2024
PAT007997,18-11-1968,Male,White,Not Hispanic or Latino,23221,VA,Central,07-12-2023
PAT007998,27-10-1992,Female,Multiple,Not Hispanic or Latino,22551,VA,Northern,12-04-2025
PAT007999,20-08-2000,Female,Asian,Not Hispanic or Latino,23602,VA,Eastern,27-11-2025
PAT008000,23-11-1989,Male,Other,Not Hispanic or Latino,23834,VA,Southern,27-06-2025
PAT008001,09-05-1977,Male,White,Hispanic or Latino,23221,VA,Central,29-09-2024
PAT008002,15-09-1995,Female,Unknown,Not Hispanic or Latino,23220,VA,Central,18-09-2024
PAT008003,27-07-1952,Female,Black or African American,Not Hispanic or Latino,22405,VA,Northern,16-11-2024
PAT008004,26-02-1953,Male,White,Not Hispanic or Latino,23223,VA,Central,07-11-2024
PAT008005,13-07-1963,Female,Black or African American,Not Hispanic or Latino,23602,VA,Eastern,23-10-2023
PAT008006,09-10-2019,Male,White,Hispanic or Latino,23185,VA,Eastern,09-11-2023
PAT008007,25-10-2013,Male,White,Not Hispanic or Latino,23803,VA,Southern,07-02-2025
PAT008008,13-10-1952,Male,Black or African American,Hispanic or Latino,23225,VA,Central,06-05-2025
PAT008009,04-02-2009,Male,Black or African American,Hispanic or Latino,22405,VA,Northern,12-10-2023
PAT008010,22-04-2021,Female,Black or African American,Not Hispanic or Latino,22405,VA,Northern,29-06-2024
PAT008011,16-09-1969,Male,White,Not Hispanic or Latino,23805,VA,Southern,16-01-2024
PAT008012,15-04-1959,Other,Asian,Unknown,23805,VA,Southern,16-04-2024
PAT008013,18-12-2010,Male,Asian,Not Hispanic or Latino,23223,VA,Central,20-04-2023
PAT008014,23-11-1984,Male,Black or African American,Not Hispanic or Latino,23803,VA,Southern,22-02-2024
PAT008015,16-07-1982,Male,White,Not Hispanic or Latino,23223,VA,Central,02-12-2025
PAT008016,17-08-1985,Female,White,Not Hispanic or Latino,23221,VA,Central,16-04-2023
PAT008017,11-06-1999,Male,Other,Not Hispanic or Latino,23225,VA,Central,28-10-2024
PAT008018,22-08-1965,Male,White,Not Hispanic or Latino,22911,VA,Western,31-01-2025
PAT008019,17-08-1962,Female,Multiple,Not Hispanic or Latino,22911,VA,Western,05-01-2023
PAT008020,11-06-1990,Male,Asian,Not Hispanic or Latino,23220,VA,Central,27-09-2023
PAT008021,24-11-1995,Female,White,Not Hispanic or Latino,22551,VA,Northern,19-05-2025
PAT008022,09-11-1971,Male,Black or African American,Unknown,23223,VA,Central,15-03-2024
PAT008023,06-04-1947,Male,White,Not Hispanic or Latino,22911,VA,Western,16-03-2023
PAT008024,04-07-2014,Female,White,Not Hispanic or Latino,23602,VA,Eastern,08-06-2025
PAT008025,09-04-2014,Female,White,Not Hispanic or Latino,23831,VA,Southern,30-12-2023
PAT008026,10-01-1975,Male,White,Not Hispanic or Latino,22902,VA,Western,29-06-2023
PAT008027,14-09-1980,Female,Asian,Not Hispanic or Latino,23225,VA,Central,27-05-2024
PAT008028,04-12-1968,Male,Multiple,Not Hispanic or Latino,22554,VA,Northern,09-10-2023
PAT008029,11-04-1975,Male,Black or African American,Not Hispanic or Latino,23220,VA,Central,09-07-2023
PAT008030,12-09-1981,Male,Black or African American,Hispanic or Latino,23185,VA,Eastern,27-11-2024
PAT008031,21-06-2012,Female,Asian,Not Hispanic or Latino,23185,VA,Eastern,27-04-2024
PAT008032,28-06-2000,Female,White,Not Hispanic or Latino,23223,VA,Central,12-04-2023
PAT008033,21-02-1967,Female,Asian,Not Hispanic or Latino,23223,VA,Central,20-01-2024
PAT008034,27-03-1961,Female,White,Not Hispanic or Latino,23805,VA,Southern,22-10-2025
PAT008035,14-08-1962,Male,Asian,Unknown,23225,VA,Central,24-02-2024
PAT008036,22-08-1988,Female,White,Not Hispanic or Latino,23220,VA,Central,25-07-2024
PAT008037,07-04-1973,Male,White,Not Hispanic or Latino,23220,VA,Central,04-01-2023
PAT008038,24-01-1969,Male,Native Hawaiian or Other Pacific Islander,Not Hispanic or Latino,23803,VA,,02-10-2025
PAT008039,12-01-1975,Male,Asian,Not Hispanic or Latino,22405,VA,Northern,17-09-2023
PAT008040,17-02-1981,Female,Black or African American,Not Hispanic or Latino,22903,VA,Western,16-12-2024
PAT008041,25-11-1968,Male,White,Not Hispanic or Latino,23831,VA,Southern,12-04-2025
PAT008042,20-10-2014,Male,Multiple,Not Hispanic or Latino,22401,VA,Northern,14-11-2024
PAT008043,01-08-2021,Male,White,Not Hispanic or Latino,22902,VA,Western,20-12-2024
PAT008044,04-02-1994,Female,Black or African American,Not Hispanic or Latino,22554,VA,Northern,17-03-2024
PAT008045,27-09-1950,Female,White,Not Hispanic or Latino,23805,VA,Southern,02-04-2023
PAT008046,21-01-1986,Male,White,Not Hispanic or Latino,22911,VA,Western,08-09-2025
PAT008047,08-02-2014,Female,Other,Not Hispanic or Latino,23220,VA,Central,26-05-2025
PAT008048,20-01-1958,Female,Black or African American,Not Hispanic or Latino,22405,VA,Northern,14-10-2023
PAT008049,18-07-1974,Female,White,Hispanic or Latino,23225,VA,Central,11-08-2024
PAT008050,27-04-1997,Female,Black or African American,Not Hispanic or Latino,23606,VA,Eastern,14-08-2023
PAT000893,08-08-1998,Unknown,Asian,Not Hispanic or Latino,23221,VA,Central,31-03-2023
PAT008052,03-04-2016,Male,White,Not Hispanic or Latino,23221,VA,Central,27-06-2025
PAT008053,26-04-1986,Female,White,Not Hispanic or Latino,22901,VA,Western,03-01-2024
PAT008054,14-07-2012,Male,Asian,Not Hispanic or Latino,23602,VA,Eastern,26-03-2025
PAT008055,08-03-1959,Female,White,Not Hispanic or Latino,23805,VA,Southern,02-04-2025
PAT008056,12-07-1974,Female,Black or African American,Not Hispanic or Latino,22554,VA,Northern,10-11-2025
PAT008057,25-07-1960,Male,Multiple,Not Hispanic or Latino,23805,VA,Southern,28-05-2024
PAT008058,11-06-1983,Male,American Indian or Alaska Native,Hispanic or Latino,23223,VA,Central,03-11-2023
PAT008059,05-08-2012,Male,White,Not Hispanic or Latino,23803,VA,Southern,10-05-2024
PAT008060,16-11-1969,Female,White,Not Hispanic or Latino,23220,VA,Central,22-10-2023
PAT008061,11-12-1968,Male,Black or African American,Not Hispanic or Latino,23220,VA,Central,16-01-2023
PAT008062,24-06-2025,Female,White,Not Hispanic or Latino,22911,VA,Western,11-11-2025
PAT008063,14-01-1983,Female,White,Hispanic or Latino,23220,VA,Central,15-10-2024
PAT008064,25-02-1993,Male,White,Hispanic or Latino,23803,VA,Southern,31-12-2023
PAT008065,17-12-2005,Male,Asian,Not Hispanic or Latino,23185,VA,Eastern,23-02-2025
PAT008066,20-12-1946,Female,Asian,Not Hispanic or Latino,22405,VA,Northern,05-01-2024
PAT008067,26-06-1987,Female,Black or African American,Not Hispanic or Latino,23805,VA,Southern,15-04-2024
PAT008068,21-01-2018,Male,Black or African American,Not Hispanic or Latino,23223,VA,Central,12-07-2024
PAT008069,24-05-1944,Female,Asian,Hispanic or Latino,22554,VA,Northern,17-06-2023
PAT008070,11-07-1977,Female,White,Not Hispanic or Latino,23606,VA,Eastern,25-04-2023
PAT008071,10-10-1946,Female,Other,Unknown,22405,VA,Northern,25-10-2023
PAT008072,23-02-1962,Male,White,Hispanic or Latino,23221,VA,Central,07-03-2023
PAT008073,06-05-1956,Female,White,Not Hispanic or Latino,22551,VA,Northern,26-06-2024
PAT008074,17-12-1984,Male,Asian,Not Hispanic or Latino,23223,VA,Central,08-11-2024
PAT008075,19-02-1964,Female,Multiple,Not Hispanic or Latino,23220,VA,Central,20-10-2023
PAT008076,10-01-1964,Female,White,Not Hispanic or Latino,23220,VA,Central,13-05-2023
PAT008077,10-12-1970,Male,Asian,Hispanic or Latino,23220,VA,Central,09-10-2024
PAT008078,20-01-1974,Male,Multiple,Not Hispanic or Latino,22902,VA,Western,25-01-2024
PAT008079,25-07-2016,Female,Multiple,Not Hispanic or Latino,22903,VA,Western,22-05-2024
PAT008080,07-07-1972,Male,Black or African American,Not Hispanic or Latino,22902,VA,Western,14-01-2023
PAT008081,23-08-1985,Male,White,Not Hispanic or Latino,23223,VA,Central,11-09-2024
PAT008082,23-08-1987,Female,White,Not Hispanic or Latino,23220,VA,Central,06-01-2023
PAT008083,10-09-1966,Male,White,Not Hispanic or Latino,23220,VA,Central,10-04-2025
PAT008084,08-05-1978,Female,White,Not Hispanic or Latino,23834,VA,Southern,08-07-2025
PAT008085,21-11-1990,Male,Black or African American,Not Hispanic or Latino,23601,VA,Eastern,16-07-2023
PAT008086,27-01-1993,Female,Other,Not Hispanic or Latino,22903,VA,Western,21-06-2025
PAT008087,27-02-1990,Male,White,Not Hispanic or Latino,23221,VA,Central,29-11-2024
PAT008088,22-09-2020,Male,White,Hispanic or Latino,23221,VA,Central,10-03-2024
PAT008089,24-10-1940,Female,Asian,Hispanic or Latino,23225,VA,Central,09-07-2023
PAT008090,27-11-2011,Male,Unknown,Not Hispanic or Latino,23223,VA,Central,18-02-2025
PAT008091,15-02-1982,Female,Asian,Not Hispanic or Latino,23225,VA,Central,29-06-2025
PAT008092,12-01-1985,Male,Asian,Not Hispanic or Latino,23220,VA,Central,07-10-2025
PAT008093,25-12-2000,Male,Black or African American,Not Hispanic or Latino,23221,VA,Central,04-03-2023
PAT008094,03-12-1963,Male,White,Not Hispanic or Latino,23220,VA,Central,11-12-2024
PAT008095,27-06-1979,Male,Black or African American,Not Hispanic or Latino,23803,VA,Southern,14-02-2025
PAT008096,07-09-1941,Male,Black or African American,Not Hispanic or Latino,22902,VA,Western,31-05-2023
PAT008097,07-10-1968,Male,White,Not Hispanic or Latino,22911,VA,Western,11-08-2024
PAT008098,01-08-1980,Female,Black or African American,Not Hispanic or Latino,23223,VA,Central,06-09-2024
PAT008099,12-07-1959,Female,Black or African American,Not Hispanic or Latino,22554,VA,Northern,27-12-2024
PAT008100,11-12-2021,Male,White,Not Hispanic or Latino,23221,VA,Central,24-01-2025
PAT008101,22-01-1993,Female,Multiple,Hispanic or Latino,23225,VA,Central,21-02-2025
PAT008102,01-06-1962,Female,Black or African American,Not Hispanic or Latino,23223,VA,Central,13-03-2025
PAT008103,16-01-1955,Female,Black or African American,Not Hispanic or Latino,23223,VA,Central,21-05-2025
PAT008104,24-11-2003,Male,White,Not Hispanic or Latino,23601,VA,Eastern,10-07-2025
PAT008105,22-10-1974,Male,Asian,Not Hispanic or Latino,23221,VA,Central,21-04-2025
PAT008106,27-03-1975,Male,Other,Not Hispanic or Latino,22551,VA,Northern,13-05-2023
PAT008107,14-09-1957,Male,White,Not Hispanic or Latino,22401,VA,Northern,29-08-2023
PAT008108,26-10-1990,Female,Other,Not Hispanic or Latino,22405,VA,Northern,11-06-2025
PAT008109,21-10-1960,Female,Multiple,Not Hispanic or Latino,22901,VA,Western,24-07-2024
PAT008110,27-01-1942,Female,White,Not Hispanic or Latino,23185,VA,Eastern,15-08-2025
PAT008111,28-01-2024,Male,Other,Not Hispanic or Latino,23221,VA,Central,15-06-2024
PAT008112,13-12-1983,Male,Asian,Not Hispanic or Latino,23601,VA,Eastern,16-12-2025
PAT008113,28-06-2025,Male,White,Hispanic or Latino,23606,VA,Eastern,25-10-2025
PAT008114,28-08-1977,Male,White,Not Hispanic or Latino,23606,VA,Eastern,12-04-2023
PAT008115,22-05-2023,Male,White,Not Hispanic or Latino,22551,VA,Northern,06-10-2023
PAT008116,17-07-1964,Female,White,Hispanic or Latino,22902,VA,Western,25-07-2023
PAT008117,11-10-1974,Male,White,Not Hispanic or Latino,23834,VA,Southern,01-04-2025
PAT008118,01-07-1951,Female,White,Not Hispanic or Latino,22911,VA,Western,09-07-2025
PAT008119,11-11-2001,Female,Black or African American,Not Hispanic or Latino,23223,VA,Central,10-03-2025
PAT008120,27-10-2022,Female,Black or African American,Not Hispanic or Latino,23221,VA,Central,02-11-2023
PAT008121,28-06-1959,Male,White,Hispanic or Latino,23220,VA,Central,24-02-2024
PAT008122,08-07-1949,Male,White,Not Hispanic or Latino,23834,VA,Southern,01-08-2024
PAT008123,20-11-2009,Male,White,Not Hispanic or Latino,23805,VA,Southern,21-12-2024
PAT008124,16-01-1959,Male,White,Not Hispanic or Latino,23223,VA,Central,05-08-2023
PAT008125,24-08-1969,Male,White,Not Hispanic or Latino,22554,VA,Northern,11-12-2025
PAT008126,16-11-1947,Female,Black or African American,Not Hispanic or Latino,23601,VA,Eastern,13-01-2025
PAT008127,18-02-2008,Male,Black or African American,Not Hispanic or Latino,23601,VA,Eastern,20-08-2023
PAT008128,16-12-1945,Female,Unknown,Not Hispanic or Latino,23223,VA,Central,09-11-2025
PAT008129,16-05-1983,Female,Black or African American,Not Hispanic or Latino,22911,VA,Western,03-05-2024
PAT008130,20-10-2014,Male,White,Unknown,23223,VA,Central,20-09-2024
PAT008131,08-09-1954,Female,White,Not Hispanic or Latino,23223,VA,Central,02-03-2025
PAT008132,19-10-1981,Male,Multiple,Not Hispanic or Latino,22551,VA,Northern,12-09-2023
PAT008133,05-06-1973,Male,Black or African American,Not Hispanic or Latino,23220,VA,Central,14-06-2023
PAT008134,02-04-1981,Male,Asian,Hispanic or Latino,23225,VA,Central,04-06-2024
PAT008135,19-11-1947,Male,Black or African American,Not Hispanic or Latino,22401,VA,Northern,01-11-2023
PAT008136,04-08-1995,Male,Black or African American,Not Hispanic or Latino,23803,VA,Southern,10-05-2025
PAT008137,12-04-2001,Male,White,Not Hispanic or Latino,23221,VA,Central,18-03-2023
PAT008138,03-11-2001,Female,White,Not Hispanic or Latino,22405,VA,Northern,06-09-2025
PAT008139,02-04-2008,Female,White,Not Hispanic or Latino,23223,VA,Central,16-03-2025
PAT008140,17-03-1991,Female,White,Not Hispanic or Latino,23834,VA,Southern,04-02-2025
PAT008141,11-04-2018,Female,White,Not Hispanic or Latino,22903,VA,Western,31-12-2023
PAT008142,06-12-2012,Female,Black or African American,Not Hispanic or Latino,23803,VA,Southern,06-10-2023
PAT008143,16-09-2017,Female,Other,Hispanic or Latino,23223,VA,Central,10-09-2025
PAT008144,04-02-1982,Male,Black or African American,Not Hispanic or Latino,23221,VA,Central,19-11-2023
PAT008145,28-10-1984,Male,White,Not Hispanic or Latino,23221,VA,Central,17-08-2024
PAT008146,04-06-1979,Male,Black or African American,Not Hispanic or Latino,22911,VA,Western,17-04-2024
PAT008147,26-03-1942,Female,White,Not Hispanic or Latino,22902,VA,Western,09-10-2023
PAT008148,03-04-1966,Male,White,Not Hispanic or Latino,23225,VA,Central,31-07-2025
PAT008149,11-07-1991,Female,Black or African American,Not Hispanic or Latino,22401,VA,Northern,15-05-2024
PAT008150,24-11-1999,Female,White,Not Hispanic or Latino,23225,VA,Central,03-02-2025
PAT008151,21-11-1962,Male,Black or African American,Not Hispanic or Latino,23803,VA,Southern,09-10-2024
PAT008152,23-08-1985,Female,White,Not Hispanic or Latino,22911,VA,Western,15-09-2025
PAT008153,03-10-1936,Male,Multiple,Hispanic or Latino,23606,VA,Eastern,07-09-2024
PAT008154,05-02-2001,Male,White,Not Hispanic or Latino,23602,VA,Eastern,09-03-2024
PAT008155,11-11-1951,Female,Black or African American,Hispanic or Latino,23221,VA,Central,17-12-2024
PAT008156,23-09-1987,Female,Asian,Not Hispanic or Latino,23803,VA,Southern,21-05-2023
PAT008157,16-06-1938,Male,Black or African American,Not Hispanic or Latino,22903,VA,Western,06-03-2023
PAT008158,06-08-2021,Male,White,Not Hispanic or Latino,23220,VA,Central,10-07-2024
PAT008159,24-01-1982,Female,White,Not Hispanic or Latino,23221,VA,Central,18-02-2025
PAT008160,21-08-2014,Female,Black or African American,Not Hispanic or Latino,22554,VA,Northern,05-05-2025
PAT008161,09-10-2002,Male,White,Not Hispanic or Latino,23805,VA,Southern,13-02-2024
PAT008162,14-02-1981,Female,White,Not Hispanic or Latino,23225,VA,Central,01-08-2025
PAT008163,18-09-1960,Female,White,Not Hispanic or Latino,22903,VA,Western,26-10-2024
PAT008164,19-07-1990,Male,Multiple,Not Hispanic or Latino,22554,VA,Northern,11-04-2024
PAT008165,26-05-2017,Male,Asian,Not Hispanic or Latino,22901,VA,Western,04-05-2023
PAT008166,03-12-1963,Female,White,Not Hispanic or Latino,22401,VA,Northern,06-09-2024
PAT008167,25-08-2003,Female,Black or African American,Not Hispanic or Latino,23225,VA,Central,17-06-2024
PAT008168,09-06-2019,Male,Black or African American,Not Hispanic or Latino,22902,VA,Western,23-08-2023
PAT008169,04-01-1961,Female,White,Unknown,23803,VA,Southern,31-10-2025
PAT008170,20-10-1994,Male,American Indian or Alaska Native,Not Hispanic or Latino,23220,VA,Central,14-03-2024
PAT008171,19-11-2003,Male,White,Not Hispanic or Latino,22405,VA,Northern,27-01-2025
PAT008172,07-06-1968,Male,White,Not Hispanic or Latino,23602,VA,Eastern,26-10-2025
PAT008173,03-02-2023,Female,White,Not Hispanic or Latino,23831,VA,Southern,21-11-2025
PAT008174,10-04-2024,Female,White,Not Hispanic or Latino,23606,VA,Eastern,23-04-2025
PAT008175,21-01-2013,Female,White,Not Hispanic or Latino,23220,VA,Central,23-04-2025
PAT008176,06-11-1998,Male,Black or African American,Not Hispanic or Latino,23606,VA,Eastern,19-01-2024
PAT008177,11-06-1971,Female,White,Hispanic or Latino,22903,VA,Western,02-05-2025
PAT008178,06-01-1988,Male,White,Hispanic or Latino,22901,VA,Western,17-04-2024
PAT008179,09-12-1970,Male,Multiple,Not Hispanic or Latino,23606,VA,Eastern,14-12-2023
PAT008180,08-11-1988,Male,White,Not Hispanic or Latino,23223,VA,Central,09-01-2023
PAT008181,25-02-1968,Male,White,Not Hispanic or Latino,22551,VA,Northern,19-05-2024
PAT008182,09-04-2016,Female,White,Not Hispanic or Latino,22551,VA,Northern,23-02-2025
PAT008183,26-01-1961,Male,Multiple,Not Hispanic or Latino,23223,VA,Central,14-06-2024
PAT008184,02-11-1992,Male,White,Not Hispanic or Latino,23220,VA,Central,04-05-2025
PAT008185,19-04-2006,Female,White,Not Hispanic or Latino,23220,VA,Central,16-04-2023
PAT008186,25-10-1993,Male,White,Not Hispanic or Latino,23223,VA,Central,10-08-2023
PAT008187,11-04-2013,Female,Asian,Not Hispanic or Latino,23221,VA,Central,02-06-2023
PAT008188,25-11-1999,Female,Black or African American,Not Hispanic or Latino,23220,VA,Central,30-12-2023
PAT008189,06-03-2025,Female,American Indian or Alaska Native,Not Hispanic or Latino,22903,VA,Western,29-04-2025
PAT008190,13-06-1992,Female,White,Not Hispanic or Latino,23803,VA,Southern,23-02-2025
PAT008191,20-01-2009,Male,White,Not Hispanic or Latino,22554,VA,Northern,12-06-2025
PAT008192,27-11-1986,Male,Black or African American,Hispanic or Latino,23220,VA,Central,18-12-2025
PAT008193,09-06-1964,Female,White,Not Hispanic or Latino,23803,VA,Southern,28-01-2024
PAT008194,07-11-2001,Other,American Indian or Alaska Native,Not Hispanic or Latino,22911,VA,Western,13-03-2025
PAT008195,26-12-1996,Female,White,Hispanic or Latino,22901,VA,Western,15-10-2023
PAT008196,20-06-1967,Male,White,Not Hispanic or Latino,22401,VA,Northern,04-11-2024
PAT008197,23-07-1976,Male,Multiple,Not Hispanic or Latino,23223,VA,Central,27-08-2023
PAT008198,20-11-1983,Female,White,Not Hispanic or Latino,23220,VA,Central,03-02-2025
PAT008199,18-08-1964,Female,Black or African American,Not Hispanic or Latino,23221,VA,Central,02-05-2023
PAT008200,06-06-1938,Female,White,Not Hispanic or Latino,23602,VA,Eastern,01-01-2024
PAT008201,27-02-1988,Male,Multiple,Hispanic or Latino,22401,VA,Northern,30-07-2023
PAT008202,06-05-1965,Unknown,White,Not Hispanic or Latino,22554,VA,Northern,28-10-2025
PAT008203,04-05-2004,Female,Asian,Not Hispanic or Latino,22903,VA,Western,15-01-2023
PAT008204,07-02-1963,Female,White,Not Hispanic or Latino,23831,VA,Southern,23-03-2025
PAT008205,19-10-1976,Female,Black or African American,Not Hispanic or Latino,23601,VA,Eastern,05-09-2023
PAT008206,14-03-2016,Male,Black or African American,Not Hispanic or Latino,22903,VA,Western,12-11-2023
PAT008207,27-02-2025,Female,Unknown,Not Hispanic or Latino,23805,VA,Southern,14-03-2025
PAT008208,10-08-1957,Female,Unknown,Not Hispanic or Latino,23803,VA,Southern,08-11-2023
PAT008209,17-10-1975,Male,Asian,Unknown,23831,VA,Southern,21-09-2024
PAT008210,17-10-2012,Male,White,Not Hispanic or Latino,22551,VA,Northern,05-04-2025
PAT008211,10-10-1949,Female,White,Not Hispanic or Latino,23803,VA,Southern,28-10-2023
PAT008212,26-03-1993,Female,White,Not Hispanic or Latino,23803,VA,Southern,21-05-2024
PAT008213,15-07-1965,Female,White,Not Hispanic or Latino,23831,VA,Southern,28-07-2023
PAT008214,09-05-1947,Female,White,Not Hispanic or Latino,22401,VA,Northern,03-10-2024
PAT008215,24-03-1954,Female,Black or African American,Not Hispanic or Latino,22401,VA,Northern,22-02-2023
PAT008216,07-02-2022,Female,Asian,Hispanic or Latino,23185,VA,Eastern,25-11-2025
PAT008217,07-03-1970,Male,Black or African American,Hispanic or Latino,23220,VA,Central,05-01-2025
PAT008218,25-09-1948,Male,White,Not Hispanic or Latino,22902,VA,Western,27-04-2024
PAT008219,18-03-1971,Male,Other,Not Hispanic or Latino,22554,VA,Northern,26-01-2023
PAT008220,24-03-2021,Female,Black or African American,Unknown,23223,VA,Central,19-03-2025
PAT008221,16-07-1988,Male,Black or African American,Not Hispanic or Latino,23220,VA,Central,12-05-2024
PAT008222,05-01-2002,Female,White,Not Hispanic or Latino,23223,VA,Central,20-05-2024
PAT008223,06-05-1936,Male,American Indian or Alaska Native,Not Hispanic or Latino,23221,VA,Central,18-05-2025
PAT008224,27-01-1993,Female,Black or African American,Not Hispanic or Latino,23225,VA,Central,28-08-2025
PAT008225,10-01-2013,Female,Black or African American,Not Hispanic or Latino,23601,VA,Eastern,10-02-2024
PAT008226,22-11-1980,Male,Asian,Not Hispanic or Latino,22911,VA,Western,23-05-2025
PAT008227,16-07-1964,Male,White,Not Hispanic or Latino,22554,VA,Northern,17-04-2023
PAT008228,28-12-1967,Female,White,Not Hispanic or Latino,23225,VA,Central,23-09-2025
PAT008229,02-02-2021,Male,Black or African American,Not Hispanic or Latino,22551,VA,Northern,23-11-2024
PAT008230,27-05-1973,Male,White,Not Hispanic or Latino,23220,VA,Central,11-02-2023
PAT008231,23-04-2000,Male,White,Not Hispanic or Latino,23185,VA,Eastern,28-01-2025
PAT008232,23-01-1958,Male,Unknown,Not Hispanic or Latino,22911,VA,Western,24-10-2023
PAT008233,26-08-1951,Female,White,Not Hispanic or Latino,23221,VA,Central,06-12-2024
PAT008234,14-03-1999,Male,Black or African American,Hispanic or Latino,23602,VA,Eastern,15-08-2024
PAT008235,24-07-2005,Female,White,Not Hispanic or Latino,23805,VA,Southern,31-12-2023
PAT008236,25-07-1992,Female,White,Not Hispanic or Latino,22405,VA,Northern,15-10-2024
PAT008237,18-04-2020,male,White,Not Hispanic or Latino,23803,VA,Southern,13-12-2023
PAT008238,19-09-1963,Female,Black or African American,Not Hispanic or Latino,22902,VA,Western,19-02-2025
PAT008239,22-04-1940,Female,Other,Unknown,23221,VA,Central,29-07-2025
PAT008240,01-09-1994,Male,Unknown,Hispanic or Latino,23834,VA,Southern,23-03-2023
PAT008241,21-03-1952,Unknown,Black or African American,Not Hispanic or Latino,23221,VA,Central,22-12-2024
PAT008242,08-11-1946,Female,Asian,Not Hispanic or Latino,23220,VA,Central,03-12-2025
PAT008243,12-10-1966,Male,Asian,Hispanic or Latino,23221,VA,Central,25-05-2023
PAT008244,14-12-1958,Female,Unknown,Not Hispanic or Latino,23221,VA,Central,15-06-2023
PAT008245,11-04-1980,Female,Black or African American,Not Hispanic or Latino,23221,VA,Central,01-10-2024
PAT008246,02-12-1993,Female,White,Not Hispanic or Latino,23223,VA,Central,15-01-2023
PAT008247,28-08-1962,Male,Black or African American,Unknown,23220,VA,Central,12-10-2025
PAT008248,01-06-1983,Male,White,Not Hispanic or Latino,23831,VA,Southern,01-08-2024
PAT008249,26-04-1995,Male,Black or African American,Not Hispanic or Latino,23223,VA,Central,23-07-2025
PAT008250,14-09-1969,Female,White,Not Hispanic or Latino,23834,VA,Southern,14-09-2023
PAT008251,08-02-1963,Male,American Indian or Alaska Native,Hispanic or Latino,23220,VA,Central,28-10-2024
PAT008252,12-10-1961,Male,White,Not Hispanic or Latino,23803,VA,Southern,10-06-2024
PAT008253,24-05-1982,Female,American Indian or Alaska Native,Not Hispanic or Latino,23223,VA,Central,23-07-2024
PAT008254,06-03-1964,Male,Native Hawaiian or Other Pacific Islander,Not Hispanic or Latino,23223,VA,Central,12-11-2024
PAT008255,07-02-1970,Female,Black or African American,Not Hispanic or Latino,23601,VA,Eastern,12-03-2023
PAT008256,20-06-1937,Female,Other,Not Hispanic or Latino,23220,VA,Central,19-12-2024
PAT008257,19-02-1971,Male,White,Not Hispanic or Latino,22911,VA,Western,02-03-2024
PAT008258,12-12-1939,Male,White,Unknown,22901,VA,Western,23-07-2023
PAT008259,14-10-1960,Male,Asian,Not Hispanic or Latino,23225,VA,Central,24-09-2024
PAT008260,22-02-1997,Female,White,Not Hispanic or Latino,23221,VA,Central,28-05-2025
PAT008261,25-07-2000,Male,White,Not Hispanic or Latino,22903,VA,Western,21-01-2023
PAT008262,01-12-2015,Male,White,Not Hispanic or Latino,23223,VA,Central,13-05-2023
PAT008263,16-04-1992,Male,Multiple,Not Hispanic or Latino,23221,VA,Central,16-10-2023
PAT008264,05-05-1953,Male,White,Not Hispanic or Latino,22551,VA,Northern,24-09-2025
PAT008265,26-09-1962,Male,Asian,Not Hispanic or Latino,23225,VA,Central,22-03-2023
PAT008266,27-04-1964,Female,White,Not Hispanic or Latino,23805,VA,Southern,19-03-2024
PAT008267,04-09-1940,Male,Black or African American,Not Hispanic or Latino,23221,VA,Central,22-11-2025
PAT008268,03-08-1989,Male,Asian,Not Hispanic or Latino,23221,VA,Central,24-12-2024
PAT008269,15-11-1998,Female,Black or African American,Not Hispanic or Latino,22554,VA,Northern,12-10-2023
PAT008270,06-02-1957,Male,White,Not Hispanic or Latino,23606,VA,Eastern,11-10-2024
PAT008271,08-07-1966,Male,Unknown,Hispanic or Latino,22551,VA,Northern,21-03-2024
PAT008272,10-02-1989,Male,Black or African American,Not Hispanic or Latino,22405,VA,Northern,03-05-2024
PAT008273,18-01-1989,Female,Other,Not Hispanic or Latino,22911,VA,Western,28-11-2023
PAT008274,27-01-1953,Male,Multiple,Not Hispanic or Latino,22911,VA,Western,15-11-2024
PAT008275,09-10-1935,Female,White,Not Hispanic or Latino,22401,VA,Northern,24-02-2023
PAT008276,04-09-2000,Male,White,Not Hispanic or Latino,23185,VA,Eastern,13-05-2024
PAT008277,10-07-1938,Male,Black or African American,Not Hispanic or Latino,23223,VA,Central,09-07-2023
PAT008278,05-01-2006,Male,Unknown,Not Hispanic or Latino,23185,VA,Eastern,22-10-2025
PAT008279,03-05-1988,Male,Multiple,Not Hispanic or Latino,22554,VA,Northern,18-02-2023
PAT008280,02-08-2005,Female,White,Not Hispanic or Latino,23601,VA,Eastern,26-11-2025
PAT008281,03-07-2017,Female,White,Not Hispanic or Latino,23834,VA,Southern,21-08-2025
PAT008282,21-08-1967,Female,Black or African American,Not Hispanic or Latino,23221,VA,Central,12-01-2024
PAT008283,19-05-2023,Female,White,Not Hispanic or Latino,22551,VA,Northern,17-10-2025
PAT008284,07-01-1961,Male,Asian,Not Hispanic or Latino,23601,VA,Eastern,12-02-2023
PAT008285,21-04-1952,Male,Asian,Not Hispanic or Latino,22903,VA,Western,11-10-2025
PAT008286,24-04-1986,Male,Multiple,Not Hispanic or Latino,23221,VA,Central,20-09-2024
PAT008287,04-03-1951,Female,White,Hispanic or Latino,23803,VA,Southern,22-04-2025
PAT008288,28-02-1949,Male,Black or African American,Not Hispanic or Latino,23220,VA,Central,12-02-2023
PAT008289,01-07-1986,Male,Black or African American,Not Hispanic or Latino,23220,VA,Central,25-01-2023
PAT008290,04-05-1940,Male,Black or African American,Not Hispanic or Latino,23221,VA,Central,07-09-2023
PAT008291,12-06-2018,Male,White,Not Hispanic or Latino,23602,VA,Eastern,21-07-2025
PAT008292,05-05-1942,Female,White,Not Hispanic or Latino,23220,VA,Central,25-08-2025
PAT008293,22-11-2021,Male,White,Not Hispanic or Latino,23221,VA,Central,20-04-2024
PAT008294,14-06-1966,Male,White,Not Hispanic or Latino,23225,VA,Central,25-09-2023
PAT008295,13-08-2005,male,White,Hispanic or Latino,22901,VA,Western,06-12-2025
PAT008296,18-10-2008,Female,White,Not Hispanic or Latino,23606,VA,Eastern,18-07-2025
PAT008297,16-07-1968,Male,White,Not Hispanic or Latino,23225,VA,Central,29-01-2025
PAT008298,07-02-1962,Female,Black or African American,Not Hispanic or Latino,23225,VA,Central,09-08-2025
PAT008299,26-03-2023,Female,Black or African American,Not Hispanic or Latino,23221,VA,Central,06-12-2024
PAT008300,19-09-2005,Female,White,Not Hispanic or Latino,23221,VA,Central,23-07-2025
PAT008301,09-01-2002,Female,White,Not Hispanic or Latino,23225,VA,Central,05-04-2024
PAT008302,12-05-1975,Female,White,Hispanic or Latino,23220,VA,Central,01-06-2024
PAT008303,24-06-1985,Female,Other,Hispanic or Latino,23606,VA,Eastern,10-11-2025
PAT008304,24-11-2023,Male,Black or African American,Not Hispanic or Latino,23225,VA,Central,04-12-2025
PAT008305,04-05-2000,Female,Asian,Not Hispanic or Latino,23220,VA,Central,18-10-2025
PAT008306,13-11-1966,Male,Black or African American,Not Hispanic or Latino,23223,VA,Central,24-03-2023
PAT008307,21-11-1953,Female,White,Not Hispanic or Latino,23803,VA,Southern,13-12-2024
PAT008308,17-06-1992,Male,White,Not Hispanic or Latino,22903,VA,Western,30-01-2024
PAT008309,04-10-1976,Female,Black or African American,Not Hispanic or Latino,23223,VA,Central,03-05-2024
PAT008310,24-07-1980,Female,White,Not Hispanic or Latino,23221,VA,Central,09-03-2023
PAT008311,27-05-1949,Female,Black or African American,Hispanic or Latino,23831,VA,Southern,27-01-2024
PAT008312,19-04-1963,Female,White,Not Hispanic or Latino,23221,VA,Central,06-07-2025
PAT008313,19-11-1974,Female,American Indian or Alaska Native,Not Hispanic or Latino,22554,VA,Northern,30-05-2024
PAT008314,08-07-1960,Female,White,Not Hispanic or Latino,22554,VA,Northern,11-05-2025
PAT008315,01-08-1961,Male,White,Not Hispanic or Latino,23805,VA,Southern,22-04-2023
PAT008316,03-11-1993,Male,White,Not Hispanic or Latino,22554,VA,Northern,08-02-2024
PAT008317,22-09-1946,Male,Other,Not Hispanic or Latino,23223,VA,Central,16-01-2024
PAT008318,12-11-2024,Female,Other,Unknown,22554,VA,Northern,27-10-2025
PAT008319,11-12-2014,Male,White,Hispanic or Latino,22405,VA,Northern,16-10-2024
PAT008320,25-05-1971,Female,White,Not Hispanic or Latino,22401,VA,Northern,10-07-2025
PAT008321,23-09-1936,Female,White,Not Hispanic or Latino,22551,VA,Northern,22-07-2025
PAT008322,17-12-1983,Male,White,Not Hispanic or Latino,23805,VA,Southern,05-10-2023
PAT008323,24-01-2004,Female,Black or African American,Not Hispanic or Latino,23220,VA,Central,21-07-2025
PAT008324,22-03-1978,Female,White,Not Hispanic or Latino,23220,VA,Central,21-07-2024
PAT008325,10-10-1975,Male,Black or African American,Not Hispanic or Latino,23225,VA,Central,20-05-2023
PAT008326,10-03-1974,Female,White,Not Hispanic or Latino,22551,VA,Northern,05-08-2023
PAT008327,22-06-1993,Male,Asian,Not Hispanic or Latino,23225,VA,Central,01-02-2023
PAT008328,01-02-2017,Male,Asian,Not Hispanic or Latino,22554,VA,Northern,25-05-2025
PAT008329,03-08-1947,Female,Unknown,Unknown,23606,VA,Eastern,10-06-2024
PAT008330,14-03-1999,Male,Asian,Not Hispanic or Latino,23221,VA,Central,21-08-2024
PAT008331,02-08-2016,Female,White,Not Hispanic or Latino,23831,VA,Southern,28-04-2025
PAT008332,04-02-1945,Female,Black or African American,Not Hispanic or Latino,23220,VA,Central,29-08-2023
PAT008333,15-08-1982,Female,Multiple,Not Hispanic or Latino,22401,VA,Northern,17-04-2024
PAT008334,11-03-1972,Male,White,Not Hispanic or Latino,23606,VA,Eastern,07-04-2023
PAT008335,22-05-1938,Female,Multiple,Hispanic or Latino,23223,VA,Central,04-04-2024
PAT008336,15-01-1935,Male,White,Not Hispanic or Latino,23601,VA,Eastern,03-10-2023
PAT008337,22-07-1986,Male,Asian,Not Hispanic or Latino,22911,VA,Western,21-12-2025
PAT008338,28-10-1966,Male,Black or African American,Not Hispanic or Latino,23225,VA,Central,09-06-2024
PAT008339,21-04-2006,Male,White,Not Hispanic or Latino,22401,VA,Northern,18-06-2024
PAT008340,04-09-2000,Male,Black or African American,Not Hispanic or Latino,23834,VA,Southern,24-06-2025
PAT008341,24-10-1966,Female,White,Not Hispanic or Latino,23805,VA,Southern,18-06-2024
PAT008342,06-10-1984,Female,Black or African American,Not Hispanic or Latino,23831,VA,Southern,14-08-2025
PAT008343,28-05-1960,Female,Unknown,Hispanic or Latino,22401,VA,Northern,04-08-2023
PAT008344,07-11-1976,Male,White,Not Hispanic or Latino,23803,VA,Southern,10-07-2023
PAT008345,25-07-1967,Male,White,Not Hispanic or Latino,22554,VA,Northern,16-05-2024
PAT008346,03-04-1973,Male,White,Not Hispanic or Latino,23223,VA,Central,01-01-2025
PAT008347,27-07-1964,Male,Other,Not Hispanic or Latino,23831,VA,Southern,18-07-2023
PAT008348,06-02-1991,Male,Black or African American,Not Hispanic or Latino,23225,VA,Central,22-01-2025
PAT008349,27-02-1981,Male,Asian,Not Hispanic or Latino,23225,VA,Central,27-04-2023
PAT008350,09-04-1975,Other,Black or African American,Not Hispanic or Latino,23221,VA,Central,31-07-2025
PAT008351,24-04-1952,Female,White,Not Hispanic or Latino,22902,VA,Western,26-12-2024
PAT008352,26-07-1961,Male,White,Not Hispanic or Latino,23834,VA,Southern,29-08-2024
PAT008353,11-12-2025,Female,White,Not Hispanic or Latino,23221,VA,Central,23-12-2025
PAT008354,03-06-1988,Male,White,Not Hispanic or Latino,23221,VA,Central,25-02-2024
PAT008355,27-02-2022,Female,Asian,Not Hispanic or Latino,23831,VA,Southern,12-06-2024
PAT008356,03-11-1974,Male,White,Not Hispanic or Latino,22401,VA,Northern,25-02-2023
PAT008357,01-03-1965,Female,White,Not Hispanic or Latino,23225,VA,Central,24-01-2023
PAT008358,08-02-1992,Female,Asian,Not Hispanic or Latino,23225,VA,Central,22-02-2024
PAT008359,12-01-1975,Female,Other,Not Hispanic or Latino,23221,VA,Central,28-12-2023
PAT008360,10-11-1958,Male,White,Not Hispanic or Latino,23223,VA,Central,02-12-2023
PAT008361,21-08-1994,Male,Unknown,Not Hispanic or Latino,22405,VA,Northern,18-01-2025
PAT008362,18-04-1977,Female,Native Hawaiian or Other Pacific Islander,Not Hispanic or Latino,23831,VA,Southern,06-10-2023
PAT008363,04-07-1997,Female,Black or African American,Hispanic or Latino,23803,VA,Southern,18-04-2025
PAT008364,11-11-1974,Male,White,Not Hispanic or Latino,23831,VA,Southern,07-07-2024
PAT008365,14-03-1979,Female,White,Not Hispanic or Latino,22401,VA,Northern,29-12-2025
PAT008366,11-06-1986,Female,White,Not Hispanic or Latino,23601,VA,Eastern,17-06-2025
PAT008367,05-09-2015,Male,White,Not Hispanic or Latino,22551,VA,Northern,21-12-2025
PAT008368,21-12-2021,Male,White,Not Hispanic or Latino,23602,VA,Eastern,03-05-2023
PAT008369,09-02-1943,Male,White,Not Hispanic or Latino,23223,VA,Central,06-03-2023
PAT008370,05-04-1973,Female,White,Not Hispanic or Latino,22405,VA,Northern,12-12-2024
PAT008371,19-06-1943,Female,Unknown,Not Hispanic or Latino,23805,VA,Southern,13-12-2024
PAT008372,23-01-2009,Female,Black or African American,Not Hispanic or Latino,22405,VA,Northern,13-11-2024
PAT008373,17-09-2020,Male,White,Unknown,23185,VA,Eastern,19-11-2024
PAT008374,11-08-1975,Female,White,Hispanic or Latino,23220,VA,Central,15-10-2025
PAT008375,17-11-1938,Male,Black or African American,Not Hispanic or Latino,22401,VA,Northern,12-07-2025
PAT008376,12-04-1935,Male,Asian,Not Hispanic or Latino,22903,VA,Western,26-08-2024
PAT008377,06-06-1956,Male,White,Not Hispanic or Latino,23223,VA,Central,27-08-2025
PAT008378,16-08-1992,Female,Black or African American,Not Hispanic or Latino,23831,VA,Southern,07-08-2024
PAT008379,19-05-1963,Female,Unknown,Not Hispanic or Latino,23225,VA,Central,25-06-2024
PAT008380,10-01-2000,Female,White,Not Hispanic or Latino,22551,VA,Northern,01-08-2024
PAT008381,02-01-1935,Female,Asian,Hispanic or Latino,23225,VA,Central,18-01-2023
PAT008382,18-10-2013,Male,White,Not Hispanic or Latino,23221,VA,Central,10-03-2025
PAT008383,14-09-1971,Female,White,Not Hispanic or Latino,23221,VA,Central,25-07-2025
PAT008384,26-06-2014,Male,Unknown,Not Hispanic or Latino,22902,VA,Western,14-10-2025
PAT008385,08-10-1993,Female,White,Not Hispanic or Latino,22903,VA,Western,17-08-2024
PAT008386,01-07-1940,Female,White,Not Hispanic or Latino,23185,VA,Eastern,14-10-2023
PAT008387,28-01-1989,Female,White,Not Hispanic or Latino,23831,VA,Southern,19-02-2023
PAT008388,28-03-1983,Male,White,Not Hispanic or Latino,23831,VA,Southern,02-06-2024
PAT008389,07-12-1996,Female,White,Not Hispanic or Latino,23225,VA,Central,31-03-2023
PAT008390,02-07-1989,Female,Black or African American,Not Hispanic or Latino,23601,VA,Eastern,17-10-2023
PAT008391,01-08-2017,Female,White,Not Hispanic or Latino,23834,VA,Southern,21-10-2023
PAT008392,12-03-2013,Female,Multiple,Hispanic or Latino,22401,VA,Northern,03-09-2025
PAT008393,04-04-1971,Male,Black or African American,Hispanic or Latino,22911,VA,Western,27-04-2023
PAT008394,12-03-1972,Female,White,Hispanic or Latino,23220,VA,Central,18-04-2024
PAT008395,23-11-1979,Female,Multiple,Not Hispanic or Latino,23831,VA,Southern,19-05-2024
PAT008396,20-11-1939,Female,Black or African American,Not Hispanic or Latino,22554,VA,,01-07-2024
PAT008397,18-08-1973,Female,White,Not Hispanic or Latino,23602,VA,Eastern,15-11-2023
PAT008398,14-04-1965,Female,White,Not Hispanic or Latino,23803,VA,Southern,19-10-2025
PAT008399,19-05-1981,Female,Black or African American,Not Hispanic or Latino,23225,VA,Central,21-06-2024
PAT008400,20-05-1970,Female,White,Not Hispanic or Latino,22554,VA,Northern,26-12-2024
PAT008401,24-08-1977,Male,Black or African American,Not Hispanic or Latino,23185,VA,Eastern,21-12-2023
PAT008402,07-12-1968,Male,White,Not Hispanic or Latino,22901,VA,Western,06-10-2025
PAT008403,22-05-1979,Female,Unknown,Unknown,23221,VA,Central,18-06-2025
PAT008404,17-02-1979,Female,White,Not Hispanic or Latino,22405,VA,Northern,29-09-2023
PAT008405,22-03-1977,Male,White,Hispanic or Latino,22903,VA,Western,18-02-2023
PAT008406,20-04-1988,Male,White,Not Hispanic or Latino,23805,VA,Southern,18-03-2025
PAT008407,05-11-1962,Female,Black or African American,Not Hispanic or Latino,22551,VA,Northern,04-03-2025
PAT008408,14-08-1989,Female,Black or African American,Not Hispanic or Latino,23223,VA,Central,04-03-2023
PAT008409,09-11-1978,Male,White,Not Hispanic or Latino,23803,VA,Southern,23-07-2024
PAT008410,22-06-1995,Male,White,Not Hispanic or Latino,22903,VA,Western,23-07-2023
PAT008411,18-03-1958,Female,Black or African American,Not Hispanic or Latino,23606,VA,Eastern,18-04-2024
PAT008412,04-02-1991,Female,Black or African American,Not Hispanic or Latino,23185,VA,Eastern,18-12-2024
PAT008413,23-03-1990,Female,White,Not Hispanic or Latino,23221,VA,Central,25-12-2025
PAT008414,06-10-1938,female,White,Not Hispanic or Latino,22401,VA,Northern,03-09-2025
PAT008415,10-11-1963,Male,White,Not Hispanic or Latino,22554,VA,Northern,31-12-2024
PAT008416,23-09-1988,Female,Unknown,Not Hispanic or Latino,22902,VA,Western,24-06-2025
PAT008417,16-07-1963,Male,White,Not Hispanic or Latino,23225,VA,Central,12-07-2024
PAT008418,20-04-1988,Female,Black or African American,Unknown,23221,VA,Central,13-10-2024
PAT008419,07-05-1979,Female,White,Not Hispanic or Latino,23601,VA,Eastern,24-07-2025
PAT008420,26-12-1987,Female,White,Not Hispanic or Latino,23221,VA,Central,21-06-2025
PAT008421,20-04-1991,Male,Black or African American,Not Hispanic or Latino,22911,VA,Western,19-01-2024
PAT008422,04-06-1974,Male,Black or African American,Not Hispanic or Latino,23220,VA,Central,25-01-2023
PAT008423,01-07-1973,Male,Other,Not Hispanic or Latino,23834,VA,Southern,22-06-2025
PAT008424,03-03-1936,Male,Black or African American,Not Hispanic or Latino,22554,VA,Northern,01-02-2024
PAT008425,21-11-1976,Male,Black or African American,Not Hispanic or Latino,22554,VA,Northern,04-12-2025
PAT008426,22-10-1948,Male,White,Not Hispanic or Latino,23834,VA,Southern,04-12-2024
PAT008427,03-08-2001,Female,White,Not Hispanic or Latino,23831,VA,Southern,31-12-2024
PAT008428,04-04-1992,Male,White,Not Hispanic or Latino,23220,VA,Central,30-12-2024
PAT008429,18-01-2020,Female,Unknown,Not Hispanic or Latino,22902,VA,Western,15-05-2023
PAT008430,08-08-1943,Male,White,Not Hispanic or Latino,22401,VA,Northern,10-01-2025
PAT008431,20-08-2024,Female,Black or African American,Not Hispanic or Latino,23601,VA,Eastern,24-10-2025
PAT008432,15-08-2000,Female,Asian,Not Hispanic or Latino,23601,VA,Eastern,04-08-2023
PAT008433,16-10-2003,Female,White,Not Hispanic or Latino,23805,VA,Southern,17-07-2024
PAT008434,10-12-2023,Male,White,Not Hispanic or Latino,23223,VA,Central,31-01-2024
PAT008435,22-03-1936,Female,Black or African American,Not Hispanic or Latino,22911,VA,Western,03-02-2025
PAT008436,27-11-1941,Male,White,Unknown,22401,VA,Northern,12-12-2025
PAT008437,18-07-1956,Female,White,Not Hispanic or Latino,23220,VA,Central,01-01-2023
PAT008438,05-08-2024,Male,White,Not Hispanic or Latino,23221,VA,Central,02-09-2024
PAT008439,21-11-2008,Male,Asian,Not Hispanic or Latino,23606,VA,Eastern,24-06-2023
PAT008440,17-02-2020,Male,White,Not Hispanic or Latino,23831,VA,Southern,12-12-2024
PAT008441,20-04-1988,Male,White,Not Hispanic or Latino,23602,VA,Eastern,26-04-2025
PAT008442,08-03-2024,Female,White,Not Hispanic or Latino,22405,VA,Northern,24-05-2024
PAT008443,25-10-2015,Female,White,Not Hispanic or Latino,23834,VA,Southern,19-12-2024
PAT008444,12-08-1974,Female,White,Not Hispanic or Latino,23225,VA,Central,02-03-2023
PAT008445,07-03-1972,Female,Black or African American,Not Hispanic or Latino,23220,VA,Central,12-12-2025
PAT008446,26-01-1967,Male,White,Hispanic or Latino,22551,VA,Northern,07-01-2023
PAT008447,15-02-2016,Female,White,Hispanic or Latino,23223,VA,Central,25-01-2023
PAT008448,09-12-2020,Female,White,Not Hispanic or Latino,22901,VA,Western,28-03-2024
PAT008449,15-01-2025,Male,White,Not Hispanic or Latino,23606,VA,Eastern,24-09-2025
PAT008450,17-06-1940,Female,Black or African American,Unknown,23606,VA,Eastern,26-10-2024
PAT008451,18-11-2015,Male,Black or African American,Not Hispanic or Latino,23223,VA,Central,11-01-2023
PAT008452,19-06-1966,Male,Black or African American,Not Hispanic or Latino,22401,VA,Northern,13-09-2024
PAT008453,10-01-1997,Male,Black or African American,Not Hispanic or Latino,22551,VA,Northern,27-12-2023
PAT008454,13-04-1961,Female,White,Not Hispanic or Latino,22551,VA,Northern,19-08-2024
PAT008455,15-03-1995,Other,Black or African American,Not Hispanic or Latino,23805,VA,Southern,24-10-2025
PAT008456,04-06-1947,Male,Black or African American,Not Hispanic or Latino,23185,VA,Eastern,12-08-2024
PAT008457,05-12-1963,Female,White,Not Hispanic or Latino,22901,VA,Western,23-09-2024
PAT008458,21-04-1935,Male,White,Not Hispanic or Latino,22554,VA,Northern,25-10-2024
PAT008459,23-11-1959,Male,Black or African American,Not Hispanic or Latino,23223,VA,Central,01-04-2025
PAT008460,16-02-2003,Female,Multiple,Not Hispanic or Latino,23834,VA,Southern,18-06-2024
PAT008461,20-05-2019,Male,White,Hispanic or Latino,23805,VA,Southern,09-08-2024
PAT008462,26-07-1989,Male,White,Not Hispanic or Latino,22911,VA,Western,08-07-2025
PAT008463,15-01-1986,Male,Black or African American,Not Hispanic or Latino,23834,VA,Southern,12-11-2025
PAT008464,27-12-1937,Female,White,Not Hispanic or Latino,23831,VA,Southern,27-12-2025
PAT008465,09-08-1950,Male,White,Not Hispanic or Latino,22901,VA,Western,26-06-2023
PAT008466,21-07-1959,Female,White,Not Hispanic or Latino,23225,VA,Central,26-07-2025
PAT008467,14-03-1980,Male,Multiple,Not Hispanic or Latino,23602,VA,Eastern,07-07-2023
PAT008468,20-08-2009,Female,White,Unknown,23805,VA,Southern,10-07-2025
PAT008469,15-04-1997,Male,Black or African American,Not Hispanic or Latino,23225,VA,Central,18-04-2023
PAT008470,09-03-1974,Female,White,Not Hispanic or Latino,23805,VA,Southern,13-08-2023
PAT008471,09-12-1947,Female,White,Not Hispanic or Latino,22554,VA,Northern,04-12-2025
PAT008472,08-05-2021,female,Asian,Not Hispanic or Latino,22911,VA,Western,30-01-2023
PAT008473,01-08-1971,Male,White,Hispanic or Latino,22554,VA,Northern,22-03-2023
PAT008474,19-11-1968,Male,Black or African American,Not Hispanic or Latino,22902,VA,Western,07-03-2025
PAT008475,26-02-1996,Female,White,Not Hispanic or Latino,22551,VA,Northern,03-02-2025
PAT008476,06-10-1995,Female,Black or African American,Not Hispanic or Latino,23606,VA,Eastern,13-10-2023
PAT008477,22-04-2006,Female,American Indian or Alaska Native,Not Hispanic or Latino,23221,VA,Central,19-08-2025
PAT008478,25-06-2001,Female,White,Not Hispanic or Latino,22551,VA,Northern,30-08-2023
PAT008479,13-06-2003,Female,Multiple,Not Hispanic or Latino,23225,VA,Central,14-01-2024
PAT008480,28-03-2005,Male,White,Not Hispanic or Latino,23221,VA,Central,10-01-2023
PAT008481,25-09-1990,Male,White,Hispanic or Latino,22554,VA,Northern,26-07-2025
PAT008482,12-10-1991,Female,White,Not Hispanic or Latino,22901,VA,Western,22-01-2025
PAT008483,23-03-1972,Female,White,Not Hispanic or Latino,23831,VA,Southern,07-01-2024
PAT008484,13-07-2015,Male,Black or African American,Hispanic or Latino,23803,VA,Southern,15-01-2023
PAT008485,16-06-2007,Female,White,Not Hispanic or Latino,23221,VA,Central,14-04-2025
PAT008486,02-10-1965,Female,Asian,Not Hispanic or Latino,22405,VA,Northern,05-03-2023
PAT008487,03-05-1987,Female,Asian,Hispanic or Latino,23221,VA,Central,10-04-2025
PAT008488,07-11-1970,Male,Other,Unknown,23601,VA,Eastern,21-11-2025
PAT008489,24-07-2015,Male,White,Not Hispanic or Latino,23223,VA,Central,27-06-2025
PAT008490,26-12-1977,Male,White,Unknown,22911,VA,Western,26-02-2023
PAT008491,26-08-1964,Female,White,Not Hispanic or Latino,22401,VA,Northern,22-05-2025
PAT008492,16-01-1990,Male,American Indian or Alaska Native,Not Hispanic or Latino,23831,VA,Southern,11-02-2025
PAT008493,26-05-1974,Male,White,Not Hispanic or Latino,22405,VA,Northern,21-05-2024
PAT008494,02-01-1946,Male,American Indian or Alaska Native,Not Hispanic or Latino,22554,VA,Northern,12-06-2023
PAT008495,16-11-1979,Male,White,Not Hispanic or Latino,23223,VA,Central,04-08-2024
PAT008496,18-07-1954,Female,Black or African American,Not Hispanic or Latino,23225,VA,Central,18-06-2023
PAT008497,21-12-1939,Female,White,Not Hispanic or Latino,22551,VA,Northern,03-05-2024
PAT008498,15-12-1944,Female,White,Not Hispanic or Latino,23225,VA,Central,17-01-2024
PAT008499,12-02-1962,Female,Asian,Not Hispanic or Latino,23225,VA,Central,30-09-2025
PAT008500,27-05-1963,Female,Black or African American,Not Hispanic or Latino,23220,VA,Central,27-10-2024
PAT008501,27-06-1999,Male,White,Not Hispanic or Latino,22911,VA,Western,28-05-2025
PAT008502,05-09-1974,Male,White,Unknown,22554,VA,Northern,19-10-2025
PAT008503,09-02-1951,Female,White,Not Hispanic or Latino,22405,VA,Northern,28-09-2025
PAT008504,08-06-1982,Female,Asian,Not Hispanic or Latino,23185,VA,Eastern,28-05-2024
PAT008505,24-12-1974,Female,American Indian or Alaska Native,Not Hispanic or Latino,23225,VA,Central,21-12-2023
PAT008506,23-04-1969,Male,White,Not Hispanic or Latino,23223,VA,Central,19-12-2023
PAT008507,06-11-2023,Male,Black or African American,Not Hispanic or Latino,23221,VA,Central,02-06-2024
PAT008508,19-04-1938,Female,White,Not Hispanic or Latino,23805,VA,Southern,09-09-2023
PAT008509,26-10-1997,Female,Multiple,Not Hispanic or Latino,23220,VA,Central,30-01-2023
PAT008510,27-12-2011,Male,White,Not Hispanic or Latino,22401,VA,Northern,09-03-2024
PAT008511,22-03-1977,Male,White,Hispanic or Latino,22401,VA,Northern,15-08-2024
PAT008512,17-05-1938,Female,White,Hispanic or Latino,23223,VA,Central,20-12-2024
PAT008513,26-08-1984,Female,White,Hispanic or Latino,22551,VA,Northern,26-05-2023
PAT008514,09-11-2014,Female,White,Unknown,23803,VA,Southern,09-08-2025
PAT008515,13-12-1980,Female,White,Not Hispanic or Latino,23225,VA,Central,15-01-2023
PAT008516,14-06-2016,Female,White,Not Hispanic or Latino,22902,VA,Western,23-06-2023
PAT008517,22-07-1957,Female,Black or African American,Hispanic or Latino,23223,VA,Central,28-01-2025
PAT008518,13-11-1946,Female,White,Not Hispanic or Latino,22911,VA,Western,10-07-2025
PAT008519,12-07-1963,Female,White,Not Hispanic or Latino,23834,VA,Southern,05-06-2025
PAT008520,28-07-1969,Other,Asian,Hispanic or Latino,23223,VA,Central,11-09-2025
PAT008521,18-01-1969,Male,White,Not Hispanic or Latino,22554,VA,Northern,15-09-2023
PAT008522,22-09-1960,Male,White,Not Hispanic or Latino,23831,VA,Southern,14-10-2023
PAT008523,10-07-1966,Male,White,Not Hispanic or Latino,23602,VA,Eastern,18-10-2024
PAT008524,16-02-2002,Male,White,Not Hispanic or Latino,23223,VA,Central,08-05-2023
PAT008525,20-10-2016,Male,White,Not Hispanic or Latino,22551,VA,Northern,19-12-2025
PAT008526,18-10-1988,Female,Asian,Not Hispanic or Latino,23225,VA,Central,22-10-2023
PAT008527,10-06-1968,Female,Other,Not Hispanic or Latino,23831,VA,Southern,18-10-2023
PAT008528,14-01-2020,Male,Asian,Not Hispanic or Latino,23803,VA,Southern,10-01-2025
PAT008529,14-01-1964,Female,Black or African American,Not Hispanic or Latino,22405,VA,Northern,15-08-2025
PAT008530,17-11-2018,Female,White,Not Hispanic or Latino,22911,VA,Western,18-07-2024
PAT008531,13-01-1975,Male,White,Not Hispanic or Latino,22911,VA,Western,14-10-2023
PAT008532,28-07-1971,Male,White,Not Hispanic or Latino,22551,VA,Northern,19-02-2024
PAT008533,06-04-2006,Male,White,Not Hispanic or Latino,23803,VA,Southern,10-06-2024
PAT008534,07-01-2000,Male,White,Not Hispanic or Latino,23220,VA,Central,24-01-2024
PAT008535,08-04-1981,Male,Asian,Not Hispanic or Latino,22901,VA,Western,11-06-2023
PAT008536,26-02-1974,Female,Black or African American,Not Hispanic or Latino,23602,VA,Eastern,13-02-2023
PAT008537,09-06-1984,Female,White,Not Hispanic or Latino,23602,VA,Eastern,03-12-2024
PAT008538,11-08-1944,Female,White,Not Hispanic or Latino,22903,VA,Western,01-10-2023
PAT008539,12-05-1938,Female,Black or African American,Not Hispanic or Latino,23221,VA,Central,15-03-2025
PAT008540,03-06-2004,Male,Other,Not Hispanic or Latino,22903,VA,Western,30-01-2024
PAT008541,15-10-1984,Male,White,Not Hispanic or Latino,22903,VA,Western,10-12-2024
PAT008542,17-12-1968,Male,Black or African American,Not Hispanic or Latino,23221,VA,Central,11-10-2024
PAT008543,19-08-1958,Female,American Indian or Alaska Native,Not Hispanic or Latino,23221,VA,Central,24-10-2025
PAT008544,03-12-1983,Male,American Indian or Alaska Native,Not Hispanic or Latino,23221,VA,Central,03-11-2024
PAT008545,14-07-1996,Female,Asian,Not Hispanic or Latino,22551,VA,Northern,21-05-2024
PAT008546,26-04-1939,Male,White,Not Hispanic or Latino,22903,VA,Western,14-06-2025
PAT008547,03-05-1980,Male,Black or African American,Not Hispanic or Latino,23834,VA,Southern,29-12-2025
PAT008548,22-06-1956,Female,White,Not Hispanic or Latino,23225,VA,Central,05-04-2023
PAT008549,20-02-1938,Female,Black or African American,Unknown,22401,VA,Northern,04-06-2025
PAT008550,28-05-1988,Female,White,Hispanic or Latino,23834,VA,Southern,19-09-2024
PAT008551,23-07-2010,Male,Unknown,Not Hispanic or Latino,22902,VA,Western,06-02-2024
PAT008552,18-11-1948,Male,Multiple,Not Hispanic or Latino,23223,VA,Central,09-10-2023
PAT008553,28-09-1947,Male,Unknown,Not Hispanic or Latino,22554,VA,Northern,28-08-2023
PAT008554,15-10-1983,Male,White,Hispanic or Latino,22902,VA,Western,08-06-2025
PAT008555,24-10-1968,Female,Black or African American,Not Hispanic or Latino,22401,VA,Northern,05-07-2023
PAT008556,21-03-2007,Male,Black or African American,Not Hispanic or Latino,23834,VA,Southern,07-06-2023
PAT008557,26-11-2006,Female,White,Not Hispanic or Latino,22903,VA,Western,18-09-2023
PAT008558,18-04-2025,Male,White,Not Hispanic or Latino,23225,VA,Central,08-07-2025
PAT008559,04-03-1974,Female,Black or African American,Hispanic or Latino,22903,VA,Western,04-06-2023
PAT008560,21-01-1942,Male,Black or African American,Not Hispanic or Latino,23831,VA,Southern,21-12-2024
PAT008561,06-07-1937,Other,Black or African American,Hispanic or Latino,23223,VA,Central,08-07-2024
PAT008562,06-12-1984,Female,Other,Not Hispanic or Latino,22405,VA,Northern,15-03-2023
PAT008563,11-07-2004,Female,Unknown,Not Hispanic or Latino,23225,VA,Central,15-04-2025
PAT008564,26-11-2001,Male,Black or African American,Hispanic or Latino,22902,VA,Western,10-03-2024
PAT008565,02-06-1939,Male,White,Not Hispanic or Latino,23221,VA,Central,12-08-2024
PAT008566,05-12-2019,Female,Multiple,Not Hispanic or Latino,23225,VA,Central,20-09-2023
PAT008567,22-04-1950,Female,White,Not Hispanic or Latino,22901,VA,Western,20-07-2024
PAT008568,02-04-2007,Male,Black or African American,Hispanic or Latino,23606,VA,Eastern,04-10-2024
PAT008569,25-10-1970,Female,White,Not Hispanic or Latino,22554,VA,Northern,15-05-2023
PAT008570,02-03-2017,Female,Black or African American,Not Hispanic or Latino,23221,VA,Central,02-08-2024
PAT008571,07-05-1991,Female,Multiple,Not Hispanic or Latino,22554,VA,Northern,11-04-2023
PAT008572,12-05-1992,Female,White,Not Hispanic or Latino,23803,VA,Southern,10-03-2024
PAT008573,06-04-1937,Female,Other,Not Hispanic or Latino,23803,VA,Southern,11-08-2025
PAT008574,09-03-2007,Female,White,Not Hispanic or Latino,23602,VA,Eastern,09-01-2023
PAT008575,03-04-1951,Male,Black or African American,Not Hispanic or Latino,22401,VA,Northern,25-01-2023
PAT008576,04-08-1983,Female,Asian,Unknown,22405,VA,Northern,27-04-2024
PAT008577,23-12-2015,Female,White,Not Hispanic or Latino,23221,VA,Central,22-09-2023
PAT008578,16-08-1963,Male,White,Not Hispanic or Latino,23805,VA,Southern,29-09-2025
PAT008579,11-06-1947,Male,White,Not Hispanic or Latino,23223,VA,Central,21-06-2025
PAT008580,15-02-1984,Male,White,Not Hispanic or Latino,22902,VA,Western,27-06-2025
PAT008581,08-08-1949,Female,Black or African American,Not Hispanic or Latino,23223,VA,Central,18-10-2024
PAT008582,04-09-1998,Female,Black or African American,Unknown,23831,VA,Southern,16-08-2025
PAT008583,13-03-2004,Male,Multiple,Not Hispanic or Latino,23225,VA,Central,26-05-2025
PAT008584,22-06-2004,Female,White,Hispanic or Latino,22405,VA,Northern,20-03-2024
PAT008585,09-10-2021,Male,White,Not Hispanic or Latino,22405,VA,Northern,05-08-2025
PAT008586,03-03-2006,Male,White,Not Hispanic or Latino,23831,VA,Southern,01-05-2023
PAT008587,07-02-1940,Female,White,Not Hispanic or Latino,23602,VA,Eastern,31-03-2024
PAT008588,19-04-1940,Male,White,Not Hispanic or Latino,22401,VA,Northern,13-06-2025
PAT008589,20-08-1988,Female,White,Not Hispanic or Latino,23602,VA,Eastern,29-10-2025
PAT008590,26-05-1955,Male,Black or African American,Hispanic or Latino,22911,VA,Western,27-08-2025
PAT008591,23-04-1987,Female,Black or African American,Not Hispanic or Latino,22901,VA,Western,27-09-2023
PAT008592,15-04-2006,Male,Black or African American,Not Hispanic or Latino,22901,VA,Western,13-08-2023
PAT008593,12-08-2003,Male,White,Not Hispanic or Latino,22902,VA,Western,12-01-2025
PAT008594,22-08-1970,Male,White,Unknown,23220,VA,Central,12-08-2024
PAT008595,03-03-1935,Female,Black or African American,Not Hispanic or Latino,23220,VA,Central,13-05-2025
PAT008596,06-03-1939,Male,Black or African American,Not Hispanic or Latino,22401,VA,Northern,12-03-2025
PAT008597,03-10-1997,Female,Black or African American,Not Hispanic or Latino,22401,VA,Northern,08-01-2023
PAT008598,27-05-1979,Female,Multiple,Not Hispanic or Latino,23602,VA,Eastern,24-01-2024
PAT008599,07-05-1984,Male,American Indian or Alaska Native,Not Hispanic or Latino,23225,VA,Central,30-06-2024
PAT008600,07-05-2016,Female,Asian,Not Hispanic or Latino,23601,VA,Eastern,06-05-2025
PAT008601,09-02-1981,Male,White,Not Hispanic or Latino,23221,VA,Central,17-11-2023
PAT008602,02-11-2007,Male,White,Not Hispanic or Latino,22551,VA,Northern,04-11-2023
PAT008603,13-08-1988,Female,White,Not Hispanic or Latino,23221,VA,Central,15-10-2024
PAT008604,17-08-1955,Male,American Indian or Alaska Native,Not Hispanic or Latino,22401,VA,Northern,04-11-2025
PAT008605,11-09-1993,Male,Black or African American,Not Hispanic or Latino,22911,VA,Western,06-08-2023
PAT008606,07-10-1990,Male,Unknown,Not Hispanic or Latino,22405,VA,Northern,01-02-2025
PAT008607,01-01-1954,Female,White,Hispanic or Latino,23220,VA,Central,30-03-2023
PAT008608,22-01-1961,Female,Black or African American,Not Hispanic or Latino,23225,VA,Central,09-03-2024
PAT008609,17-06-2021,Female,Multiple,Not Hispanic or Latino,23225,VA,Central,01-09-2025
PAT008610,10-06-1993,Male,White,Not Hispanic or Latino,23225,VA,Central,27-01-2025
PAT008611,04-07-1967,Female,Multiple,Not Hispanic or Latino,23834,VA,Southern,06-12-2023
PAT008612,10-11-1982,Male,Black or African American,Not Hispanic or Latino,23225,VA,Central,26-02-2023
PAT008613,09-05-1987,Male,Multiple,Not Hispanic or Latino,23225,VA,Central,19-03-2024
PAT008614,23-03-2018,Male,Multiple,Not Hispanic or Latino,22554,VA,Northern,14-02-2025
PAT008615,26-11-2014,Male,Asian,Not Hispanic or Latino,23606,VA,Eastern,18-12-2025
PAT008616,11-02-1971,Female,Black or African American,Not Hispanic or Latino,23602,VA,,21-04-2025
PAT008617,11-04-1964,Female,White,Not Hispanic or Latino,23220,VA,Central,11-08-2025
PAT008618,07-08-1997,female,White,Not Hispanic or Latino,23223,VA,Central,20-05-2023
PAT008619,04-06-1944,Female,Black or African American,Not Hispanic or Latino,23225,VA,Central,21-03-2025
PAT008620,13-11-1942,Male,White,Unknown,23831,VA,Southern,09-01-2025
PAT008621,26-06-2012,Female,Asian,Not Hispanic or Latino,23225,VA,Central,26-01-2023
PAT008622,25-11-1990,Female,White,Not Hispanic or Latino,23805,VA,Southern,24-03-2024
PAT008623,11-12-1983,Female,Asian,Not Hispanic or Latino,22405,VA,Northern,09-01-2024
PAT008624,24-07-1966,Male,White,Not Hispanic or Latino,23602,VA,Eastern,22-11-2025
PAT008625,05-11-1986,Male,White,Not Hispanic or Latino,22901,VA,Western,18-01-2023
PAT008626,05-03-2020,Male,Multiple,Not Hispanic or Latino,23223,VA,Central,09-07-2023
PAT008627,11-05-1964,Male,White,Not Hispanic or Latino,22554,VA,Northern,09-09-2025
PAT008628,21-10-1961,Female,Other,Not Hispanic or Latino,22554,VA,Northern,10-02-2024
PAT008629,05-11-1983,Male,White,Hispanic or Latino,23221,VA,Central,19-09-2025
PAT008630,02-07-1969,Male,Asian,Not Hispanic or Latino,23602,VA,Eastern,24-05-2023
PAT008631,14-03-1971,Male,White,Not Hispanic or Latino,23223,VA,Central,14-03-2024
PAT008632,20-03-2006,Female,White,Not Hispanic or Latino,23225,VA,Central,05-04-2023
PAT008633,08-02-1943,Male,Multiple,Not Hispanic or Latino,23834,VA,Southern,14-11-2023
PAT008634,18-10-2020,Female,White,Not Hispanic or Latino,22405,VA,Northern,07-09-2023
PAT008635,25-10-2025,Male,Asian,Hispanic or Latino,23805,VA,Southern,10-12-2025
PAT008636,10-03-1980,Male,Asian,Hispanic or Latino,22405,VA,Northern,09-11-2023
PAT008637,21-10-1988,Male,White,Not Hispanic or Latino,22554,VA,Northern,09-03-2023
PAT008638,22-12-2023,Male,White,Not Hispanic or Latino,23223,VA,Central,25-07-2025
PAT008639,18-03-1969,Male,Asian,Not Hispanic or Latino,23223,VA,Central,22-02-2023
PAT008640,22-07-1983,Male,White,Not Hispanic or Latino,23223,VA,Central,10-02-2024
PAT008641,15-09-2024,Male,Unknown,Not Hispanic or Latino,23221,VA,Central,18-08-2025
PAT008642,13-08-2016,Female,Black or African American,Not Hispanic or Latino,22911,VA,Western,19-02-2023
PAT008643,17-08-1990,Female,Black or African American,Not Hispanic or Latino,23221,VA,Central,28-09-2024
PAT008644,14-07-1971,Male,Black or African American,Not Hispanic or Latino,23225,VA,Central,11-02-2025
PAT008645,23-05-1966,Male,White,Not Hispanic or Latino,22405,VA,Northern,02-06-2025
PAT008646,22-01-1939,Female,Asian,Not Hispanic or Latino,22554,VA,Northern,06-03-2024
PAT008647,17-07-1991,Male,Black or African American,Not Hispanic or Latino,22902,VA,Western,30-12-2024
PAT008648,01-12-1976,Male,White,Not Hispanic or Latino,23602,VA,Eastern,17-11-2024
PAT008649,26-06-2002,Male,Black or African American,Hispanic or Latino,22551,VA,Northern,05-12-2023
PAT008650,26-08-1966,Male,White,Not Hispanic or Latino,23221,VA,Central,11-02-2025
PAT008651,25-10-1995,Male,White,Not Hispanic or Latino,23805,VA,Southern,07-03-2024
PAT008652,15-06-2021,Female,White,Not Hispanic or Latino,23805,VA,Southern,26-09-2025
PAT008653,10-11-2000,Male,Asian,Not Hispanic or Latino,23606,VA,Eastern,06-12-2023
PAT008654,24-01-1983,Male,White,Not Hispanic or Latino,23831,VA,Southern,15-08-2025
PAT008655,25-04-1955,Male,White,Not Hispanic or Latino,22405,VA,Northern,02-06-2024
PAT008656,14-05-1980,Female,Multiple,Not Hispanic or Latino,23834,VA,Southern,25-03-2025
PAT008657,12-01-1989,Male,White,Hispanic or Latino,22901,VA,Western,02-09-2024
PAT008658,24-12-1966,Male,Asian,Hispanic or Latino,23834,VA,Southern,28-06-2023
PAT008659,13-01-1967,Male,White,Not Hispanic or Latino,23225,VA,Central,12-12-2023
PAT008660,13-09-2009,Female,Black or African American,Not Hispanic or Latino,23606,VA,Eastern,13-12-2023
PAT008661,20-05-1971,Male,Multiple,Not Hispanic or Latino,23223,VA,Central,08-02-2023
PAT008662,26-11-2000,Male,White,Not Hispanic or Latino,22554,VA,Northern,20-06-2023
PAT008663,20-07-1991,Male,White,Not Hispanic or Latino,22903,VA,Western,04-05-2025
PAT008664,22-04-2023,Female,Multiple,Not Hispanic or Latino,23602,VA,Eastern,26-01-2024
PAT008665,18-09-1959,Male,White,Not Hispanic or Latino,23221,VA,Central,26-04-2024
PAT008666,08-09-2022,Male,White,Not Hispanic or Latino,23220,VA,Central,06-09-2023
PAT008667,24-10-1995,Female,Asian,Not Hispanic or Latino,22405,VA,Northern,02-07-2024
PAT008668,19-07-1945,Female,Asian,Not Hispanic or Latino,22901,VA,Western,04-10-2023
PAT008669,16-04-1965,Male,White,Not Hispanic or Latino,23606,VA,Eastern,22-05-2024
PAT008670,25-02-2007,Female,American Indian or Alaska Native,Hispanic or Latino,23221,VA,Central,24-11-2023
PAT008671,03-01-1961,Male,White,Not Hispanic or Latino,23606,VA,Eastern,16-03-2024
PAT008672,25-09-2022,Male,White,Not Hispanic or Latino,23223,VA,Central,05-01-2024
PAT008673,21-01-2007,Male,White,Hispanic or Latino,23805,VA,Southern,07-05-2024
PAT008674,12-02-1942,Female,Asian,Unknown,23221,VA,Central,18-03-2024
PAT008675,08-04-1989,Female,White,Not Hispanic or Latino,23834,VA,Southern,20-03-2024
PAT008676,10-02-1939,Female,White,Not Hispanic or Latino,23220,VA,Central,30-12-2023
PAT008677,16-03-2005,Female,White,Not Hispanic or Latino,23220,VA,Central,11-01-2024
PAT008678,18-02-2000,Female,Black or African American,Not Hispanic or Latino,23834,VA,Southern,18-09-2025
PAT008679,27-01-2002,Female,White,Hispanic or Latino,23220,VA,Central,10-01-2024
PAT008680,20-06-1941,Male,Asian,Not Hispanic or Latino,23220,VA,Central,16-05-2024
PAT008681,25-11-2022,Female,Black or African American,Not Hispanic or Latino,22551,VA,Northern,22-09-2025
PAT008682,13-06-1965,Male,Black or African American,Not Hispanic or Latino,23220,VA,Central,16-01-2023
PAT008683,23-01-1964,Female,White,Not Hispanic or Latino,23803,VA,Southern,12-06-2023
PAT008684,28-07-2011,Female,White,Not Hispanic or Latino,23831,VA,Southern,11-03-2024
PAT008685,28-05-2002,Male,Black or African American,Not Hispanic or Latino,22903,VA,Western,20-12-2025
PAT008686,07-05-1972,Male,Black or African American,Not Hispanic or Latino,23225,VA,Central,21-08-2023
PAT008687,11-02-1996,Male,Multiple,Not Hispanic or Latino,23831,VA,Southern,06-10-2025
PAT008688,20-07-1986,Female,Black or African American,Not Hispanic or Latino,22401,VA,Northern,21-08-2023
PAT008689,02-11-1946,Male,White,Unknown,22911,VA,Western,23-01-2023
PAT008690,05-08-2021,Female,White,Not Hispanic or Latino,23601,VA,Eastern,09-03-2023
PAT008691,02-01-2017,Female,White,Not Hispanic or Latino,22902,VA,Western,30-11-2025
PAT008692,24-09-2007,Female,White,Hispanic or Latino,22902,VA,Western,02-08-2024
PAT008693,27-03-2004,Male,Multiple,Hispanic or Latino,23805,VA,Southern,10-12-2023
PAT008694,22-07-1989,Female,Asian,Not Hispanic or Latino,23185,VA,Eastern,21-02-2023
PAT008695,28-10-1949,Female,Black or African American,Not Hispanic or Latino,23805,VA,Southern,31-12-2023
PAT008696,03-12-1952,Female,White,Not Hispanic or Latino,23805,VA,Southern,12-10-2023
PAT008697,25-12-1965,Female,White,Not Hispanic or Latino,23223,VA,Central,18-01-2024
PAT008698,13-08-1979,Male,Unknown,Not Hispanic or Latino,23805,VA,Southern,09-01-2025
PAT008699,28-11-2021,Male,White,Not Hispanic or Latino,22401,VA,Northern,02-12-2023
PAT008700,04-04-2023,Male,Black or African American,Not Hispanic or Latino,23220,VA,Central,24-06-2024
PAT008701,12-10-1946,Male,Multiple,Not Hispanic or Latino,23831,VA,Southern,06-12-2023
PAT008702,07-12-1982,Female,White,Hispanic or Latino,22405,VA,Northern,02-03-2025
PAT008703,01-11-2010,Female,American Indian or Alaska Native,Not Hispanic or Latino,22401,VA,Northern,20-06-2023
PAT008704,17-08-2013,Male,White,Hispanic or Latino,23220,VA,Central,20-08-2023
PAT008705,15-07-1935,Other,Native Hawaiian or Other Pacific Islander,Not Hispanic or Latino,23606,VA,Eastern,05-10-2023
PAT008706,11-03-2025,Female,Black or African American,Not Hispanic or Latino,23803,VA,Southern,28-08-2025
PAT008707,13-09-1972,Male,White,Not Hispanic or Latino,23223,VA,Central,13-12-2023
PAT008708,08-08-2012,Female,White,Not Hispanic or Latino,23803,VA,Southern,16-12-2023
PAT008709,20-01-2002,Female,White,Not Hispanic or Latino,23831,VA,Southern,21-06-2023
PAT008710,26-11-1945,Female,White,Not Hispanic or Latino,23831,VA,Southern,03-03-2024
PAT008711,22-05-2025,Female,Multiple,Hispanic or Latino,22901,VA,Western,22-08-2025
PAT008712,03-04-1963,Male,Black or African American,Not Hispanic or Latino,22554,VA,Northern,02-06-2023
PAT008713,11-11-1975,Female,American Indian or Alaska Native,Not Hispanic or Latino,22401,VA,Northern,05-07-2025
PAT008714,01-06-2015,Female,Other,Not Hispanic or Latino,22554,VA,,24-10-2025
PAT008715,18-03-1950,Female,White,Not Hispanic or Latino,22903,VA,Western,25-04-2025
PAT008716,15-08-1976,Female,Black or African American,Not Hispanic or Latino,22401,VA,Northern,21-04-2024
PAT008717,09-09-2010,Female,Other,Not Hispanic or Latino,23834,VA,Southern,14-07-2025
PAT008718,02-08-1981,Male,White,Not Hispanic or Latino,23220,VA,Central,10-04-2024
PAT001931,15-11-2007,Female,Black or African American,Not Hispanic or Latino,23606,VA,Eastern,12-07-2024
PAT008720,27-05-1980,Male,Unknown,Not Hispanic or Latino,22401,VA,Northern,26-11-2024
PAT008721,08-09-1976,Male,Black or African American,Not Hispanic or Latino,23223,VA,Central,02-11-2024
PAT008722,03-01-1979,Female,Unknown,Not Hispanic or Latino,23606,VA,Eastern,01-12-2023
PAT008723,15-03-1993,Male,Asian,Not Hispanic or Latino,22551,VA,Northern,11-05-2024
PAT008724,05-12-1961,Female,Asian,Not Hispanic or Latino,23221,VA,Central,22-02-2023
PAT008725,18-12-1957,Male,White,Hispanic or Latino,23601,VA,Eastern,25-09-2023
PAT008726,04-06-2007,Male,Black or African American,Not Hispanic or Latino,23803,VA,Southern,19-11-2023
PAT008727,09-04-1974,Female,American Indian or Alaska Native,Not Hispanic or Latino,22901,VA,Western,24-05-2025
PAT008728,18-07-2001,Female,Native Hawaiian or Other Pacific Islander,Not Hispanic or Latino,23185,VA,Eastern,30-05-2023
PAT008729,02-10-1941,Female,White,Unknown,23223,VA,Central,02-03-2023
PAT008730,02-05-1988,Female,Unknown,Hispanic or Latino,22911,VA,Western,06-10-2024
PAT008731,22-02-1958,Female,White,Not Hispanic or Latino,23834,VA,Southern,13-07-2024
PAT008732,24-02-2010,Other,White,Not Hispanic or Latino,23220,VA,,01-08-2025
PAT008733,13-11-2006,Female,Other,Unknown,22554,VA,Northern,21-12-2024
PAT008734,19-08-1978,Male,White,Not Hispanic or Latino,23225,VA,Central,10-11-2025
PAT008735,21-04-1995,Female,Black or African American,Not Hispanic or Latino,23185,VA,Eastern,01-12-2023
PAT008736,15-01-2017,Female,Black or African American,Not Hispanic or Latino,22401,VA,Northern,22-09-2024
PAT008737,22-09-1998,Female,White,Not Hispanic or Latino,22401,VA,Northern,19-05-2024
PAT008738,17-11-1982,Female,Black or African American,Not Hispanic or Latino,23220,VA,Central,08-05-2023
PAT008739,25-02-1957,Male,Black or African American,Not Hispanic or Latino,22554,VA,Northern,17-11-2024
PAT008740,16-07-1964,Female,Black or African American,Not Hispanic or Latino,22551,VA,Northern,09-08-2025
PAT008741,03-07-1983,Male,White,Not Hispanic or Latino,23223,VA,Central,22-09-2023
PAT008742,13-10-1971,Female,Other,Not Hispanic or Latino,23803,VA,Southern,17-07-2023
PAT008743,19-01-1968,Female,White,Not Hispanic or Latino,23805,VA,Southern,13-07-2023
PAT008744,10-07-1946,Female,White,Not Hispanic or Latino,23602,VA,Eastern,03-06-2023
PAT008745,25-08-1945,Male,Asian,Not Hispanic or Latino,22901,VA,Western,22-09-2023
PAT008746,22-03-1961,Male,White,Not Hispanic or Latino,23805,VA,Southern,09-01-2023
PAT008747,12-12-1971,Male,Black or African American,Not Hispanic or Latino,22902,VA,Western,17-09-2024
PAT008748,28-09-1993,Female,White,Not Hispanic or Latino,23601,VA,Eastern,20-06-2025
PAT008749,05-11-1983,Male,American Indian or Alaska Native,Hispanic or Latino,22903,VA,Western,24-01-2024
PAT008750,20-01-2003,Male,White,Not Hispanic or Latino,22903,VA,Western,09-01-2024
PAT008751,17-05-1967,Male,Black or African American,Not Hispanic or Latino,22911,VA,Western,27-04-2024
PAT008752,17-12-1949,Female,Black or African American,Not Hispanic or Latino,23225,VA,Central,24-12-2023
PAT008753,20-03-1983,Male,White,Not Hispanic or Latino,23805,VA,Southern,16-03-2024
PAT008754,11-12-1965,Male,White,Not Hispanic or Latino,22911,VA,Western,02-02-2023
PAT008755,09-12-2020,Female,White,Not Hispanic or Latino,23220,VA,Central,12-05-2024
PAT008756,22-07-1991,Female,American Indian or Alaska Native,Not Hispanic or Latino,22551,VA,Northern,05-02-2024
PAT008757,25-05-1991,Male,White,Not Hispanic or Latino,23225,VA,Central,09-08-2024
PAT008758,09-05-1967,Male,Black or African American,Not Hispanic or Latino,23601,VA,Eastern,20-07-2025
PAT008759,18-10-2000,Male,White,Unknown,23601,VA,Eastern,15-10-2024
PAT008760,26-07-1979,Male,White,Not Hispanic or Latino,23602,VA,Eastern,26-09-2023
PAT008761,20-04-1979,Male,Black or African American,Not Hispanic or Latino,22401,VA,Northern,02-05-2025
PAT008762,06-07-1993,Male,Black or African American,Not Hispanic or Latino,23601,VA,Eastern,27-08-2025
PAT008763,28-06-1972,Female,White,Not Hispanic or Latino,23221,VA,Central,25-04-2024
PAT008764,13-01-1951,Female,Asian,Not Hispanic or Latino,22405,VA,Northern,26-04-2023
PAT008765,14-07-2004,Female,White,Not Hispanic or Latino,23221,VA,Central,18-05-2024
PAT008766,04-01-2017,Male,Multiple,Hispanic or Latino,22554,VA,Northern,30-09-2023
PAT008767,13-06-2005,Male,Black or African American,Unknown,22902,VA,Western,07-06-2024
PAT008768,28-03-2015,Female,White,Not Hispanic or Latino,23834,VA,Southern,09-03-2024
PAT008769,26-03-1995,Female,Black or African American,Not Hispanic or Latino,23834,VA,Southern,08-01-2024
PAT008770,07-04-1976,Male,White,Not Hispanic or Latino,23831,VA,Southern,29-07-2025
PAT008771,09-05-1975,Female,White,Not Hispanic or Latino,23602,VA,Eastern,15-01-2025
PAT008772,04-12-2014,Female,White,Not Hispanic or Latino,23831,VA,Southern,21-02-2024
PAT008773,05-05-1986,Female,Other,Unknown,23803,VA,Southern,08-06-2023
PAT008774,11-08-2004,Female,Black or African American,Not Hispanic or Latino,22903,VA,Western,26-06-2024
PAT008775,11-10-1971,Male,White,Unknown,22551,VA,Northern,14-08-2024
PAT008776,21-02-2020,Female,Multiple,Not Hispanic or Latino,23602,VA,Eastern,03-01-2024
PAT008777,08-07-2016,Female,White,Not Hispanic or Latino,22401,VA,Northern,21-01-2025
PAT008778,20-03-1958,Male,White,Not Hispanic or Latino,23220,VA,Central,09-09-2023
PAT008779,25-05-1994,Female,White,Not Hispanic or Latino,23225,VA,Central,22-12-2023
PAT008780,13-11-1952,Male,Other,Not Hispanic or Latino,22554,VA,Northern,31-12-2023
PAT008781,17-10-1981,Female,Black or African American,Not Hispanic or Latino,23834,VA,Southern,22-12-2023
PAT008782,24-08-1952,Other,Black or African American,Not Hispanic or Latino,23601,VA,Eastern,23-10-2024
PAT008783,20-11-1954,Male,White,Not Hispanic or Latino,23225,VA,Central,06-02-2025
PAT008784,19-11-1936,Female,White,Not Hispanic or Latino,22901,VA,Western,07-01-2025
PAT008785,02-01-2000,Female,White,Hispanic or Latino,22551,VA,Northern,09-10-2024
PAT008786,12-05-2022,Female,Multiple,Hispanic or Latino,23220,VA,Central,19-12-2025
PAT008787,16-05-2000,Female,Asian,Not Hispanic or Latino,23601,VA,Eastern,25-04-2024
PAT008788,15-06-2006,Male,White,Not Hispanic or Latino,23805,VA,Southern,16-06-2024
PAT008789,07-12-1997,Male,Black or African American,Not Hispanic or Latino,23220,VA,Central,22-02-2023
PAT008790,05-02-1991,Male,Black or African American,Hispanic or Latino,22903,VA,Western,08-04-2025
PAT008791,24-04-2016,Female,Multiple,Hispanic or Latino,22551,VA,Northern,31-12-2025
PAT008792,10-03-1995,Male,Black or African American,Not Hispanic or Latino,23221,VA,Central,08-04-2023
PAT008793,09-02-1940,Female,White,Not Hispanic or Latino,23225,VA,Central,28-01-2023
PAT008794,24-07-2012,Male,Asian,Not Hispanic or Latino,23606,VA,Eastern,22-08-2023
PAT008795,26-07-2007,Female,White,Not Hispanic or Latino,22551,VA,Northern,11-05-2024
PAT008796,20-05-1993,Female,White,Not Hispanic or Latino,23185,VA,Eastern,29-10-2023
PAT008797,16-09-2005,Unknown,White,Not Hispanic or Latino,22901,VA,Western,01-03-2025
PAT008798,14-01-1950,Male,Black or African American,Not Hispanic or Latino,23185,VA,Eastern,29-06-2024
PAT008799,09-06-2030,Male,White,Not Hispanic or Latino,23803,VA,Southern,29-07-2023
PAT008800,11-03-2004,Female,Black or African American,Not Hispanic or Latino,22401,VA,Northern,12-10-2023
PAT008801,14-02-2019,Male,White,Hispanic or Latino,22401,VA,Northern,04-01-2023
PAT008802,25-05-1961,Male,Black or African American,Not Hispanic or Latino,23185,VA,Eastern,19-01-2024
PAT008803,06-08-1976,Male,Asian,Hispanic or Latino,23225,VA,Central,13-11-2025
PAT008804,05-11-1972,Female,White,Hispanic or Latino,23220,VA,Central,20-12-2023
PAT008805,13-09-2006,Female,Other,Hispanic or Latino,23220,VA,Central,25-06-2024
PAT008806,20-12-1937,Male,White,Not Hispanic or Latino,23223,VA,Central,16-10-2023
PAT008807,28-01-1996,Male,Black or African American,Not Hispanic or Latino,22551,VA,Northern,20-03-2025
PAT008808,20-07-1936,Female,White,Not Hispanic or Latino,23606,VA,Eastern,31-10-2025
PAT008809,02-03-1952,Male,White,Not Hispanic or Latino,23803,VA,Southern,19-05-2023
PAT008810,09-02-1998,Male,Black or African American,Not Hispanic or Latino,23223,VA,Central,07-10-2023
PAT008811,01-07-1952,Male,White,Not Hispanic or Latino,23225,VA,Central,01-04-2024
PAT008812,08-03-1992,Female,White,Not Hispanic or Latino,23225,VA,Central,19-05-2023
PAT008813,12-10-1996,Female,Multiple,Not Hispanic or Latino,23221,VA,Central,28-11-2025
PAT008814,20-12-2015,Male,Asian,Not Hispanic or Latino,23223,VA,Central,24-07-2025
PAT008815,16-11-1997,Male,Asian,Not Hispanic or Latino,22551,VA,Northern,12-03-2024
PAT008816,23-08-1936,Female,White,Not Hispanic or Latino,23221,VA,Central,15-04-2024
PAT008817,11-06-2025,Female,Black or African American,Not Hispanic or Latino,23225,VA,Central,11-10-2025
PAT008818,22-08-1966,Female,White,Not Hispanic or Latino,22902,VA,Western,09-03-2025
PAT008819,01-07-1983,Male,White,Hispanic or Latino,23606,VA,Eastern,30-09-2024
PAT008820,04-11-1964,Female,Asian,Unknown,22401,VA,Northern,25-01-2025
PAT008821,20-04-1966,Male,White,Not Hispanic or Latino,23831,VA,Southern,31-07-2023
PAT008822,25-01-2015,Male,Asian,Not Hispanic or Latino,23831,VA,Southern,15-04-2024
PAT008823,08-01-1981,Male,White,Not Hispanic or Latino,23223,VA,Central,07-06-2025
PAT008824,17-03-2007,Female,Black or African American,Not Hispanic or Latino,22903,VA,Western,19-04-2025
PAT008825,13-11-1981,Male,Asian,Not Hispanic or Latino,23225,VA,Central,31-01-2023
PAT008826,14-10-1977,Male,White,Not Hispanic or Latino,22902,VA,Western,01-01-2025
PAT008827,15-11-1971,Male,White,Not Hispanic or Latino,23225,VA,Central,05-02-2023
PAT008828,11-08-1976,Female,Black or African American,Not Hispanic or Latino,22401,VA,Northern,18-12-2023
PAT008829,03-01-1989,Male,Asian,Not Hispanic or Latino,22903,VA,Western,23-09-2023
PAT008830,22-03-1948,Other,Black or African American,Not Hispanic or Latino,23221,VA,Central,16-02-2025
PAT008831,10-11-1971,Female,Asian,Not Hispanic or Latino,22901,VA,Western,14-12-2025
PAT008832,28-03-1975,Male,White,Not Hispanic or Latino,22554,VA,Northern,08-12-2024
PAT008833,17-01-1998,Male,White,Not Hispanic or Latino,23223,VA,Central,24-04-2024
PAT008834,12-07-1997,Female,Native Hawaiian or Other Pacific Islander,Not Hispanic or Latino,23221,VA,Central,19-11-2024
PAT008835,21-05-1955,Female,White,Not Hispanic or Latino,23601,VA,Eastern,21-08-2025
PAT008836,25-08-1963,Unknown,Black or African American,Not Hispanic or Latino,23223,VA,Central,19-03-2023
PAT008837,14-12-1946,Female,Black or African American,Not Hispanic or Latino,23831,VA,Southern,22-10-2024
PAT008838,16-04-1968,Female,Black or African American,Not Hispanic or Latino,22554,VA,Northern,23-12-2024
PAT008839,05-12-1979,Female,White,Not Hispanic or Latino,23223,VA,Central,05-06-2023
PAT008840,11-03-1973,Female,White,Not Hispanic or Latino,23223,VA,Central,08-05-2025
PAT008841,28-10-1993,Male,White,Hispanic or Latino,22401,VA,Northern,18-06-2023
PAT008842,26-08-1980,Female,Black or African American,Not Hispanic or Latino,22554,VA,Northern,14-12-2023
PAT008843,28-03-1977,Female,Unknown,Not Hispanic or Latino,23834,VA,Southern,25-12-2023
PAT008844,19-05-1941,Male,Black or African American,Not Hispanic or Latino,23225,VA,Central,02-11-2024
PAT008845,26-04-2020,Male,White,Not Hispanic or Latino,23225,VA,Central,13-10-2025
PAT008846,28-11-1971,Male,Black or African American,Not Hispanic or Latino,23803,VA,Southern,19-10-2023
PAT008847,22-04-2006,Male,White,Not Hispanic or Latino,23223,VA,Central,05-07-2024
PAT008848,01-08-1975,Male,Multiple,Not Hispanic or Latino,23803,VA,Southern,21-06-2024
PAT008849,11-02-1963,Male,White,Hispanic or Latino,23803,VA,Southern,21-09-2023
PAT008850,14-03-1986,Male,White,Not Hispanic or Latino,23223,VA,Central,20-08-2025
PAT008851,27-04-1997,Male,White,Not Hispanic or Latino,23831,VA,Southern,22-05-2023
PAT008852,20-11-2019,Male,American Indian or Alaska Native,Not Hispanic or Latino,23225,VA,Central,07-02-2025
PAT008853,06-06-2000,Female,White,Unknown,23223,VA,Central,04-05-2025
PAT008854,05-05-2005,Female,White,Not Hispanic or Latino,22551,VA,Northern,10-12-2023
PAT008855,02-05-2025,Female,Black or African American,Not Hispanic or Latino,22554,VA,Northern,07-06-2025
PAT008856,26-07-2025,Female,Black or African American,Not Hispanic or Latino,22405,VA,Northern,16-09-2025
PAT008857,03-07-1952,Male,White,Not Hispanic or Latino,23220,VA,Central,15-12-2025
PAT008858,17-08-1941,Male,White,Not Hispanic or Latino,23606,VA,Eastern,22-01-2024
PAT008859,17-03-1946,Female,White,Not Hispanic or Latino,23601,VA,Eastern,22-02-2025
PAT008860,20-06-1976,Female,White,Hispanic or Latino,23805,VA,Southern,23-03-2024
PAT008861,10-01-1991,Male,Black or African American,Not Hispanic or Latino,23220,VA,Central,16-05-2023
PAT008862,26-02-1992,Female,Multiple,Not Hispanic or Latino,23834,VA,Southern,09-04-2023
PAT008863,27-04-1987,Female,Black or African American,Not Hispanic or Latino,23601,VA,Eastern,06-05-2023
PAT008864,10-06-1944,Male,White,Not Hispanic or Latino,23831,VA,Southern,27-06-2023
PAT008865,10-11-1967,Male,White,Not Hispanic or Latino,22902,VA,Western,09-05-2025
PAT008866,02-07-1940,Female,White,Not Hispanic or Latino,23221,VA,Central,02-02-2023
PAT008867,07-10-1980,Female,White,Not Hispanic or Latino,23220,VA,Central,31-03-2024
PAT008868,18-09-1945,Male,Black or African American,Not Hispanic or Latino,23803,VA,Southern,21-11-2023
PAT008869,02-02-1965,Male,Black or African American,Not Hispanic or Latino,23805,VA,Southern,30-04-2025
PAT008870,24-12-2010,Female,White,Not Hispanic or Latino,23225,VA,Central,18-10-2025
PAT008871,15-08-1993,Male,Multiple,Not Hispanic or Latino,22902,VA,Western,02-05-2025
PAT008872,13-08-1970,Female,Black or African American,Not Hispanic or Latino,23602,VA,Eastern,01-01-2025
PAT008873,11-05-1970,Female,Multiple,Not Hispanic or Latino,22401,VA,Northern,02-03-2024
PAT008874,04-09-1999,Female,White,Not Hispanic or Latino,22903,VA,Western,27-05-2024
PAT008875,25-06-1972,Female,White,Not Hispanic or Latino,22901,VA,Western,09-08-2023
PAT008876,13-03-2024,Male,White,Not Hispanic or Latino,23221,VA,Central,21-10-2025
PAT008877,07-06-1997,Male,Black or African American,Unknown,23601,VA,Eastern,11-04-2023
PAT008878,24-10-1982,Male,Black or African American,Not Hispanic or Latino,23221,VA,Central,29-01-2024
PAT008879,21-04-2000,Male,White,Not Hispanic or Latino,23220,VA,Central,26-02-2024
PAT008880,24-11-1970,Female,White,Not Hispanic or Latino,22901,VA,Western,29-09-2024
PAT008881,11-06-1991,Female,White,Not Hispanic or Latino,23220,VA,Central,09-08-2025
PAT008882,13-03-2025,Female,White,Not Hispanic or Latino,23831,VA,Southern,21-03-2025
PAT008883,26-03-1947,Female,White,Not Hispanic or Latino,22551,VA,Northern,30-01-2023
PAT008884,10-08-1948,Female,Black or African American,Not Hispanic or Latino,22401,VA,Northern,17-10-2024
PAT008885,24-02-1980,Female,White,Not Hispanic or Latino,23223,VA,Central,18-09-2024
PAT008886,14-08-1944,Female,Asian,Not Hispanic or Latino,22902,VA,,08-08-2023
PAT008887,18-05-1994,Male,White,Hispanic or Latino,22902,VA,Western,06-06-2024
PAT008888,23-08-2021,Female,White,Hispanic or Latino,23225,VA,Central,25-05-2024
PAT008889,19-03-2006,Male,Other,Not Hispanic or Latino,23223,VA,Central,20-04-2023
PAT008890,11-10-1969,Male,Asian,Not Hispanic or Latino,22911,VA,Western,12-12-2023
PAT008891,22-03-1949,Male,Black or African American,Not Hispanic or Latino,22401,VA,Northern,19-11-2023
PAT008892,26-12-2000,Male,Black or African American,Hispanic or Latino,23223,VA,Central,04-11-2025
PAT008893,15-04-1981,Female,American Indian or Alaska Native,Not Hispanic or Latino,23606,VA,Eastern,17-08-2023
PAT008894,18-06-2020,Male,White,Not Hispanic or Latino,22902,VA,Western,25-06-2024
PAT008895,20-09-2009,Female,Asian,Not Hispanic or Latino,23220,VA,Central,06-09-2024
PAT008896,13-02-2014,Male,White,Not Hispanic or Latino,22554,VA,Northern,18-05-2023
PAT008897,23-12-1964,Male,White,Not Hispanic or Latino,23831,VA,Southern,04-10-2024
PAT008898,10-11-2013,Female,White,Not Hispanic or Latino,23223,VA,Central,04-06-2025
PAT008899,05-06-1986,Female,Multiple,Not Hispanic or Latino,22902,VA,Western,13-01-2023
PAT008900,03-05-2007,Female,Black or African American,Not Hispanic or Latino,22903,VA,Western,14-12-2023
PAT008901,28-03-1986,M,White,Not Hispanic or Latino,23606,VA,Eastern,11-10-2025
PAT008902,09-06-1996,Male,White,Not Hispanic or Latino,23225,VA,Central,20-01-2023
PAT008903,17-02-1978,Male,White,Not Hispanic or Latino,23225,VA,Central,26-09-2025
PAT008904,12-11-1941,Male,Black or African American,Not Hispanic or Latino,23220,VA,Central,13-09-2023
PAT008905,13-05-1939,Male,White,Not Hispanic or Latino,22911,VA,Western,31-03-2023
PAT008906,22-10-1964,Male,White,Not Hispanic or Latino,23221,VA,Central,17-05-2025
PAT008907,25-03-1983,Female,Black or African American,Not Hispanic or Latino,22903,VA,Western,02-04-2023
PAT008908,17-03-1937,Male,White,Not Hispanic or Latino,23220,VA,Central,28-04-2023
PAT008909,03-11-1998,Female,Black or African American,Not Hispanic or Latino,22551,VA,Northern,17-09-2025
PAT008910,27-01-1938,Female,Black or African American,Not Hispanic or Latino,22551,VA,Northern,09-05-2024
PAT008911,28-12-2017,Female,American Indian or Alaska Native,Not Hispanic or Latino,22551,VA,Northern,29-03-2023
PAT008912,04-04-1939,Female,Asian,Unknown,23606,VA,Eastern,20-07-2023
PAT008913,10-11-2000,Female,White,Not Hispanic or Latino,23185,VA,Eastern,25-09-2025
PAT008914,24-11-2003,Male,Black or African American,Not Hispanic or Latino,22901,VA,Western,28-02-2025
PAT008915,12-05-1961,Female,Asian,Hispanic or Latino,23225,VA,Central,24-10-2024
PAT008916,12-08-2002,Male,Asian,Not Hispanic or Latino,23602,VA,Eastern,02-01-2024
PAT008917,23-09-1964,Female,White,Not Hispanic or Latino,23805,VA,Southern,15-09-2023
PAT008918,22-08-1995,Unknown,White,Not Hispanic or Latino,23831,VA,Southern,04-07-2023
PAT008919,02-11-1996,Female,Black or African American,Not Hispanic or Latino,23225,VA,Central,12-03-2025
PAT008920,03-09-1944,Female,White,Not Hispanic or Latino,23223,VA,Central,04-01-2025
PAT008921,04-08-1964,Male,Black or African American,Not Hispanic or Latino,23602,VA,Eastern,17-01-2025
PAT008922,22-07-1962,Female,White,Not Hispanic or Latino,23225,VA,Central,15-06-2023
PAT008923,14-07-1962,Female,White,Not Hispanic or Latino,23223,VA,Central,30-03-2023
PAT008924,14-04-1966,Female,White,Not Hispanic or Latino,22902,VA,Western,05-03-2025
PAT008925,21-07-1999,Male,White,Not Hispanic or Latino,22401,VA,Northern,30-11-2024
PAT008926,11-06-1981,Male,White,Not Hispanic or Latino,22401,VA,Northern,26-04-2025
PAT008927,08-02-2022,Male,White,Not Hispanic or Latino,23221,VA,Central,15-11-2024
PAT008928,06-04-1947,Male,Black or African American,Not Hispanic or Latino,23221,VA,Central,18-06-2024
PAT008929,03-06-1961,Female,White,Not Hispanic or Latino,23221,VA,Central,03-02-2025
PAT008930,13-10-1969,Male,Asian,Not Hispanic or Latino,22901,VA,Western,21-09-2023
PAT008931,21-03-1989,Male,Unknown,Not Hispanic or Latino,22551,VA,Northern,12-07-2025
PAT008932,10-12-1977,Male,Black or African American,Not Hispanic or Latino,22551,VA,Northern,22-09-2025
PAT008933,17-05-1982,Female,Black or African American,Not Hispanic or Latino,23225,VA,Central,05-11-2025
PAT008934,14-10-1965,Male,White,Not Hispanic or Latino,22405,VA,Northern,24-06-2023
PAT008935,08-07-1981,Female,White,Not Hispanic or Latino,22401,VA,Northern,12-12-2024
PAT008936,21-08-2020,Female,Asian,Not Hispanic or Latino,22901,VA,Western,16-06-2024
PAT008937,19-07-2001,Male,White,Not Hispanic or Latino,22405,VA,Northern,05-01-2024
PAT008938,27-06-1936,Male,White,Not Hispanic or Latino,22401,VA,Northern,14-05-2025
PAT008939,08-03-1952,Female,White,Not Hispanic or Latino,22901,VA,Western,04-09-2023
PAT008940,10-08-1988,Male,White,Not Hispanic or Latino,23834,VA,Southern,21-01-2023
PAT008941,13-08-2004,Male,Asian,Not Hispanic or Latino,23221,VA,Central,10-08-2023
PAT008942,27-10-2023,Male,Asian,Not Hispanic or Latino,22551,VA,Northern,02-07-2024
PAT008943,21-11-1993,Male,White,Not Hispanic or Latino,23803,VA,Southern,09-12-2025
PAT008944,12-11-1996,Female,White,Not Hispanic or Latino,23805,VA,Southern,06-03-2025
PAT008945,26-07-2025,Male,White,Hispanic or Latino,22405,VA,Northern,08-09-2025
PAT008946,14-01-1972,Female,Black or African American,Not Hispanic or Latino,23601,VA,Eastern,14-12-2024
PAT008947,07-08-1969,Male,Black or African American,Not Hispanic or Latino,23831,VA,Southern,01-10-2025
PAT008948,13-06-1983,Male,White,Not Hispanic or Latino,23831,VA,Southern,07-12-2023
PAT008949,17-10-1978,Male,Multiple,Hispanic or Latino,22903,VA,Western,13-05-2023
PAT008950,01-05-1975,Male,White,Not Hispanic or Latino,22901,VA,Western,20-03-2024
PAT008951,16-03-1937,Male,White,Not Hispanic or Latino,23221,VA,Central,07-02-2023
PAT008952,10-03-1954,Other,White,Not Hispanic or Latino,22405,VA,Northern,29-06-2025
PAT008953,13-12-1998,Female,Asian,Not Hispanic or Latino,23221,VA,Central,27-10-2024
PAT008954,24-11-1956,Female,White,Not Hispanic or Latino,23221,VA,Central,30-11-2024
PAT008955,04-02-2012,Male,Black or African American,Not Hispanic or Latino,23601,VA,Eastern,27-01-2023
PAT008956,01-09-2000,Male,Black or African American,Not Hispanic or Latino,22911,VA,Western,05-11-2024
PAT008957,14-11-1982,Male,White,Not Hispanic or Latino,23221,VA,Central,18-05-2023
PAT008958,07-06-1943,Female,Multiple,Not Hispanic or Latino,23220,VA,Central,30-07-2023
PAT008959,06-11-1989,Female,Black or African American,Hispanic or Latino,22901,VA,Western,13-08-2025
PAT008960,01-10-1945,Female,White,Not Hispanic or Latino,23601,VA,Eastern,12-03-2025
PAT008961,13-07-1984,Male,White,Not Hispanic or Latino,23221,VA,Central,14-03-2025
PAT008962,20-12-1965,Male,Multiple,Not Hispanic or Latino,23223,VA,Central,10-09-2025
PAT008963,03-09-2020,Female,White,Not Hispanic or Latino,22405,VA,Northern,21-11-2023
PAT008964,19-06-1947,Male,White,Not Hispanic or Latino,23602,VA,Eastern,19-11-2024
PAT008965,07-04-2025,Female,White,Not Hispanic or Latino,23834,VA,Southern,02-05-2025
PAT008966,22-03-1979,Female,Black or African American,Not Hispanic or Latino,23223,VA,Central,05-03-2023
PAT008967,16-04-1962,Male,Asian,Not Hispanic or Latino,23602,VA,Eastern,23-03-2024
PAT008968,23-11-1996,Male,Black or African American,Hispanic or Latino,23221,VA,Central,09-08-2023
PAT008969,05-04-1939,Male,White,Not Hispanic or Latino,23223,VA,Central,03-12-2024
PAT008970,15-12-1988,Female,Multiple,Not Hispanic or Latino,22903,VA,Western,29-04-2025
PAT008971,19-02-2011,Male,Black or African American,Not Hispanic or Latino,23831,VA,Southern,08-04-2023
PAT008972,08-12-1962,Female,Black or African American,Not Hispanic or Latino,23803,VA,Southern,26-01-2025
PAT008973,15-09-1984,Male,Asian,Not Hispanic or Latino,23185,VA,Eastern,23-07-2025
PAT008974,05-02-1963,Female,Other,Not Hispanic or Latino,23225,VA,Central,06-11-2024
PAT008975,28-05-1973,Male,Black or African American,Not Hispanic or Latino,23602,VA,Eastern,28-05-2023
PAT008976,06-06-1967,Female,White,Not Hispanic or Latino,22902,VA,Western,05-11-2025
PAT008977,01-03-1982,Male,Asian,Hispanic or Latino,22901,VA,Western,02-11-2024
PAT008978,19-05-2004,Female,Black or African American,Not Hispanic or Latino,23606,VA,Eastern,23-06-2025
PAT008979,09-07-1983,Male,American Indian or Alaska Native,Not Hispanic or Latino,23185,VA,Eastern,18-05-2024
PAT008980,03-12-1948,Male,Black or African American,Not Hispanic or Latino,22911,VA,Western,21-12-2024
PAT008981,27-07-1983,Female,Black or African American,Hispanic or Latino,23223,VA,Central,09-10-2023
PAT008982,05-03-1982,Female,White,Not Hispanic or Latino,22551,VA,Northern,11-08-2023
PAT008983,09-11-2015,Female,White,Not Hispanic or Latino,23220,VA,Central,26-09-2023
PAT008984,28-09-1998,Male,American Indian or Alaska Native,Hispanic or Latino,23602,VA,Eastern,30-08-2024
PAT008985,28-11-1987,Female,Native Hawaiian or Other Pacific Islander,Hispanic or Latino,22903,VA,Western,17-10-2024
PAT008986,27-08-1946,Male,White,Hispanic or Latino,22551,VA,Northern,20-03-2025
PAT008987,08-12-1989,Female,White,Not Hispanic or Latino,23606,VA,Eastern,03-12-2024
PAT008988,01-06-1965,Male,White,Not Hispanic or Latino,23220,VA,Central,05-07-2023
PAT008989,12-10-1996,Female,White,Not Hispanic or Latino,23225,VA,Central,27-06-2025
PAT008990,05-04-1967,Female,White,Not Hispanic or Latino,23221,VA,Central,16-01-2025
PAT008991,25-10-1961,Female,Unknown,Hispanic or Latino,22902,VA,Western,24-02-2025
PAT008992,04-01-1978,Male,White,Not Hispanic or Latino,23831,VA,Southern,28-06-2023
PAT008993,15-11-1956,Male,White,Not Hispanic or Latino,23220,VA,Central,30-04-2025
PAT008994,18-02-1948,Male,White,Not Hispanic or Latino,22554,VA,Northern,15-04-2024
PAT008995,23-01-2012,Female,Black or African American,Not Hispanic or Latino,23834,VA,Southern,31-12-2025
PAT008996,05-08-2006,Male,American Indian or Alaska Native,Not Hispanic or Latino,22901,VA,Western,14-10-2023
PAT008997,21-04-2007,Female,Asian,Not Hispanic or Latino,22405,VA,Northern,25-07-2023
PAT008998,01-03-1974,Female,Black or African American,Not Hispanic or Latino,23834,VA,Southern,22-03-2025
PAT008999,08-07-1992,Male,White,Not Hispanic or Latino,22911,VA,Western,02-12-2023
PAT009000,21-04-1990,Male,Black or African American,Not Hispanic or Latino,22911,VA,Western,02-04-2024
PAT009001,17-05-1986,Female,White,Not Hispanic or Latino,23601,VA,Eastern,07-02-2025
PAT009002,16-07-1985,Female,White,Not Hispanic or Latino,22401,VA,Northern,31-07-2025
PAT009003,21-10-2004,Male,Asian,Not Hispanic or Latino,22901,VA,Western,12-12-2024
PAT009004,28-11-1969,Male,White,Not Hispanic or Latino,22554,VA,Northern,01-10-2025
PAT009005,27-05-1978,Male,Black or African American,Not Hispanic or Latino,23805,VA,Southern,15-04-2025
PAT009006,02-08-1945,Female,Black or African American,Hispanic or Latino,22554,VA,Northern,17-06-2024
PAT009007,07-08-1948,Male,Asian,Unknown,23221,VA,Central,05-06-2023
PAT009008,24-05-1995,Male,White,Hispanic or Latino,22401,VA,,30-11-2024
PAT009009,18-07-1986,Female,Asian,Not Hispanic or Latino,23225,VA,Central,08-05-2024
PAT009010,17-06-2024,Female,Multiple,Unknown,23225,VA,Central,15-12-2025
PAT009011,28-01-2022,Male,White,Not Hispanic or Latino,23601,VA,Eastern,07-11-2024
PAT009012,05-02-1954,Female,White,Hispanic or Latino,23221,VA,Central,15-05-2025
PAT009013,05-07-1962,Female,White,Not Hispanic or Latino,23223,VA,Central,11-07-2024
PAT009014,02-09-1992,Female,Black or African American,Not Hispanic or Latino,23220,VA,Central,02-11-2024
PAT009015,10-01-1944,Female,Black or African American,Hispanic or Latino,23185,VA,Eastern,05-07-2023
PAT009016,13-05-1936,Female,Black or African American,Not Hispanic or Latino,23220,VA,Central,08-10-2024
PAT009017,01-12-1993,Male,White,Not Hispanic or Latino,22901,VA,Western,22-02-2023
PAT009018,22-10-1989,Female,White,Not Hispanic or Latino,22401,VA,Northern,13-03-2023
PAT009019,17-04-1968,Male,White,Hispanic or Latino,23831,VA,Southern,11-06-2024
PAT009020,25-08-1984,Male,Black or African American,Not Hispanic or Latino,23221,VA,Central,24-09-2024
PAT009021,10-08-1964,Male,Unknown,Not Hispanic or Latino,23805,VA,Southern,03-04-2025
PAT009022,21-10-2018,Female,Asian,Not Hispanic or Latino,23185,VA,Eastern,19-07-2024
PAT009023,04-04-2004,Male,Black or African American,Not Hispanic or Latino,23223,VA,Central,13-02-2025
PAT009024,17-02-1983,Male,Asian,Not Hispanic or Latino,23805,VA,Southern,21-10-2023
PAT009025,01-04-1974,Female,Black or African American,Hispanic or Latino,22903,VA,Western,24-08-2024
PAT009026,18-11-1973,Female,White,Hispanic or Latino,22903,VA,Western,25-12-2023
PAT009027,03-11-1949,Female,Multiple,Not Hispanic or Latino,23220,VA,Central,27-06-2023
PAT009028,02-11-1942,Male,White,Not Hispanic or Latino,23805,VA,Southern,24-12-2024
PAT009029,28-05-1981,Female,Native Hawaiian or Other Pacific Islander,Not Hispanic or Latino,23803,VA,Southern,24-08-2024
PAT009030,19-11-1955,Female,White,Not Hispanic or Latino,23223,VA,Central,10-05-2023
PAT009031,19-06-2020,Male,White,Not Hispanic or Latino,23225,VA,Central,16-03-2023
PAT009032,08-03-2000,Male,White,Hispanic or Latino,22551,VA,Northern,07-05-2025
PAT009033,28-07-1983,Male,Black or African American,Not Hispanic or Latino,23225,VA,Central,16-03-2023
PAT009034,27-03-2013,Male,Native Hawaiian or Other Pacific Islander,Unknown,23223,VA,Central,26-05-2023
PAT009035,01-05-2019,Male,White,Not Hispanic or Latino,22902,VA,Western,21-08-2025
PAT009036,18-04-1943,Female,White,Not Hispanic or Latino,23834,VA,Southern,10-08-2024
PAT009037,23-11-1971,Male,White,Not Hispanic or Latino,23805,VA,Southern,13-02-2023
PAT009038,17-02-1982,Female,White,Not Hispanic or Latino,22902,VA,Western,14-04-2025
PAT009039,23-03-1972,Male,Black or African American,Not Hispanic or Latino,23221,VA,Central,05-07-2025
PAT009040,13-03-2007,Female,White,Not Hispanic or Latino,23225,VA,Central,11-05-2024
PAT009041,01-03-1991,Female,White,Not Hispanic or Latino,23225,VA,Central,08-09-2023
PAT009042,18-05-2014,Female,Black or African American,Not Hispanic or Latino,22401,VA,Northern,29-10-2024
PAT009043,08-04-1989,Male,Asian,Not Hispanic or Latino,23220,VA,Central,09-06-2023
PAT009044,14-09-2010,Female,White,Not Hispanic or Latino,22401,VA,Northern,29-11-2024
PAT009045,13-08-1946,Female,Asian,Not Hispanic or Latino,23225,VA,Central,07-10-2025
PAT009046,05-10-1974,Male,Other,Not Hispanic or Latino,23805,VA,Southern,10-03-2023
PAT009047,05-01-1953,Male,Other,Hispanic or Latino,23834,VA,Southern,16-10-2024
PAT009048,09-08-1963,Male,White,Hispanic or Latino,23220,VA,Central,02-01-2025
PAT009049,25-10-1991,Male,White,Hispanic or Latino,22902,VA,Western,02-05-2024
PAT009050,07-01-1965,Male,Black or African American,Not Hispanic or Latino,23225,VA,Central,27-01-2023
PAT009051,16-08-1948,Female,Asian,Not Hispanic or Latino,23834,VA,Southern,15-08-2023
PAT009052,25-05-2020,Male,Black or African American,Hispanic or Latino,22551,VA,Northern,25-12-2023
PAT009053,11-06-1984,Male,White,Not Hispanic or Latino,23834,VA,Southern,12-05-2023
PAT009054,10-07-1987,Male,White,Not Hispanic or Latino,23834,VA,Southern,03-09-2025
PAT009055,12-12-1986,Male,Black or African American,Not Hispanic or Latino,23220,VA,Central,25-09-2024
PAT009056,15-04-1970,Male,White,Not Hispanic or Latino,23223,VA,Central,30-12-2023
PAT009057,24-08-1970,Male,Black or African American,Not Hispanic or Latino,22554,VA,Northern,31-08-2024
PAT009058,05-09-2009,Male,White,Not Hispanic or Latino,23223,VA,Central,13-10-2023
PAT009059,21-07-1964,Female,White,Not Hispanic or Latino,23803,VA,Southern,19-08-2023
PAT009060,04-06-1944,Male,White,Not Hispanic or Latino,23220,VA,Central,18-08-2023
PAT009061,14-12-1997,Female,White,Hispanic or Latino,23834,VA,Southern,26-05-2024
PAT009062,28-09-2000,Female,Multiple,Not Hispanic or Latino,23831,VA,Southern,02-06-2023
PAT009063,14-08-1985,Female,White,Not Hispanic or Latino,22903,VA,Western,11-05-2025
PAT009064,21-01-1968,Male,Asian,Not Hispanic or Latino,23831,VA,Southern,04-05-2023
PAT009065,25-07-1939,Female,Asian,Not Hispanic or Latino,22901,VA,Western,19-02-2024
PAT009066,07-12-1944,Male,White,Not Hispanic or Latino,22901,VA,Western,02-04-2024
PAT009067,11-07-1986,Female,Asian,Not Hispanic or Latino,22401,VA,Northern,30-12-2023
PAT009068,11-08-1978,Male,American Indian or Alaska Native,Not Hispanic or Latino,22911,VA,Western,16-04-2023
PAT009069,10-11-2000,Male,White,Not Hispanic or Latino,23223,VA,Central,10-02-2025
PAT009070,08-12-1972,Male,White,Not Hispanic or Latino,23221,VA,Central,05-11-2023
PAT009071,20-05-2018,Female,White,Not Hispanic or Latino,23223,VA,Central,11-10-2023
PAT009072,15-06-2017,Female,White,Not Hispanic or Latino,23185,VA,Eastern,25-11-2024
PAT009073,28-06-1989,Male,Black or African American,Not Hispanic or Latino,23831,VA,Southern,21-08-2025
PAT009074,21-09-1977,Male,White,Not Hispanic or Latino,23601,VA,,04-04-2025
PAT009075,18-09-2019,Male,White,Not Hispanic or Latino,23803,VA,Southern,19-02-2024
PAT009076,09-03-1935,Male,Asian,Hispanic or Latino,22405,VA,Northern,08-08-2025
PAT009077,04-07-2005,Other,White,Not Hispanic or Latino,23606,VA,Eastern,26-11-2023
PAT009078,17-12-1938,Female,White,Not Hispanic or Latino,23834,VA,Southern,05-08-2025
PAT009079,16-05-1937,Female,White,Not Hispanic or Latino,23834,VA,Southern,04-01-2024
PAT009080,16-11-1954,Male,White,Not Hispanic or Latino,23803,VA,Southern,04-03-2024
PAT009081,12-09-1939,Female,White,Not Hispanic or Latino,23831,VA,Southern,19-08-2025
PAT009082,25-08-1967,Female,Black or African American,Not Hispanic or Latino,23221,VA,Central,26-04-2025
PAT009083,19-02-1944,Male,White,Not Hispanic or Latino,22405,VA,Northern,09-09-2023
PAT009084,24-03-2021,Male,Unknown,Not Hispanic or Latino,22554,VA,Northern,04-07-2023
PAT009085,06-12-1936,Male,White,Not Hispanic or Latino,23601,VA,Eastern,13-10-2023
PAT009086,01-12-1967,Male,Black or African American,Not Hispanic or Latino,22911,VA,Western,15-01-2024
PAT009087,22-04-1996,Female,Black or African American,Not Hispanic or Latino,22554,VA,Northern,14-07-2023
PAT009088,09-06-2009,Other,White,Not Hispanic or Latino,23223,VA,Central,23-01-2025
PAT009089,27-02-1999,Female,White,Not Hispanic or Latino,23601,VA,Eastern,13-10-2024
PAT009090,08-09-1943,Female,White,Not Hispanic or Latino,23185,VA,Eastern,19-06-2024
PAT009091,08-01-2025,Female,Black or African American,Not Hispanic or Latino,23831,VA,Southern,01-08-2025
PAT009092,07-01-1953,Male,White,Not Hispanic or Latino,22405,VA,Northern,31-10-2025
PAT009093,16-07-1956,Male,American Indian or Alaska Native,Not Hispanic or Latino,23805,VA,Southern,30-10-2024
PAT009094,01-10-1998,Female,Black or African American,Not Hispanic or Latino,23831,VA,Southern,03-07-2025
PAT009095,15-06-1995,Female,Black or African American,Not Hispanic or Latino,23220,VA,Central,23-05-2025
PAT009096,23-10-2009,Female,White,Not Hispanic or Latino,23225,VA,Central,13-10-2023
PAT009097,05-04-1974,Male,White,Not Hispanic or Latino,23223,VA,Central,03-05-2023
PAT009098,06-07-1991,Female,Multiple,Not Hispanic or Latino,23606,VA,Eastern,04-10-2024
PAT009099,21-05-1969,Male,White,Not Hispanic or Latino,23805,VA,Southern,02-09-2024
PAT009100,02-07-1983,Male,Black or African American,Not Hispanic or Latino,23221,VA,Central,07-03-2024
PAT009101,06-10-1960,Female,White,Not Hispanic or Latino,22903,VA,Western,18-06-2025
PAT009102,20-09-2020,Male,Black or African American,Not Hispanic or Latino,23602,VA,Eastern,20-03-2025
PAT009103,07-11-1993,Male,White,Hispanic or Latino,23225,VA,Central,04-03-2024
PAT009104,07-07-1974,Female,White,Not Hispanic or Latino,23221,VA,Central,03-02-2023
PAT009105,10-09-1977,Female,White,Not Hispanic or Latino,22911,VA,Western,27-03-2023
PAT009106,06-08-1989,Female,White,Not Hispanic or Latino,22551,VA,Northern,08-11-2023
PAT009107,08-01-1944,Female,White,Not Hispanic or Latino,23221,VA,Central,09-04-2025
PAT009108,02-10-1971,Male,Black or African American,Not Hispanic or Latino,22554,VA,Northern,20-10-2025
PAT009109,03-10-1951,Male,White,Not Hispanic or Latino,22901,VA,Western,06-06-2025
PAT009110,09-04-1978,Female,Black or African American,Not Hispanic or Latino,22902,VA,Western,12-03-2023
PAT009111,02-02-1987,Female,Black or African American,Not Hispanic or Latino,23220,VA,Central,06-03-2025
PAT009112,25-04-1969,Female,Black or African American,Hispanic or Latino,23606,VA,Eastern,02-06-2025
PAT009113,17-03-2020,Female,White,Not Hispanic or Latino,22554,VA,Northern,13-01-2025
PAT009114,10-06-1962,Female,Black or African American,Hispanic or Latino,22901,VA,Western,17-08-2024
PAT009115,21-09-2025,Female,Black or African American,Not Hispanic or Latino,23831,VA,Southern,18-11-2025
PAT009116,05-07-1966,Female,White,Unknown,23805,VA,Southern,21-12-2024
PAT009117,21-02-2005,Female,White,Not Hispanic or Latino,23220,VA,Central,13-11-2025
PAT009118,14-09-1951,Male,Black or African American,Not Hispanic or Latino,23220,VA,Central,16-03-2023
PAT009119,25-12-2013,Female,White,Hispanic or Latino,23225,VA,Central,31-03-2023
PAT009120,28-03-2006,Female,Multiple,Hispanic or Latino,23225,VA,Central,13-01-2023
PAT009121,19-07-1971,Male,Asian,Not Hispanic or Latino,22401,VA,Northern,01-08-2023
PAT009122,20-05-2011,Female,White,Not Hispanic or Latino,22554,VA,Northern,13-02-2024
PAT009123,20-11-1991,Male,White,Not Hispanic or Latino,23220,VA,Central,16-02-2025
PAT009124,09-05-2003,Female,Asian,Not Hispanic or Latino,23803,VA,Southern,18-02-2023
PAT009125,21-07-1947,Male,Black or African American,Hispanic or Latino,23225,VA,Central,12-08-2024
PAT009126,28-08-1997,Female,Multiple,Not Hispanic or Latino,22405,VA,Northern,30-10-2023
PAT009127,14-02-1976,Female,Black or African American,Not Hispanic or Latino,23223,VA,Central,25-04-2023
PAT009128,22-03-1962,Male,Black or African American,Not Hispanic or Latino,23223,VA,Central,10-11-2023
PAT009129,19-09-2019,Female,Asian,Not Hispanic or Latino,23221,VA,Central,10-12-2024
PAT009130,09-12-1999,Male,Asian,Not Hispanic or Latino,23803,VA,Southern,01-08-2025
PAT009131,21-02-1958,Male,White,Not Hispanic or Latino,23803,VA,Southern,08-08-2025
PAT009132,17-10-2020,Female,Asian,Not Hispanic or Latino,23223,VA,Central,19-02-2023
PAT009133,22-04-2002,Unknown,White,Not Hispanic or Latino,23220,VA,Central,09-12-2024
PAT009134,01-12-1940,Male,Black or African American,Hispanic or Latino,23606,VA,Eastern,07-06-2025
PAT009135,09-02-1968,Male,White,Not Hispanic or Latino,22554,VA,Northern,24-04-2024
PAT009136,22-04-1961,Male,Black or African American,Not Hispanic or Latino,22405,VA,Northern,07-09-2023
PAT009137,09-02-2010,Male,White,Not Hispanic or Latino,23225,VA,Central,10-10-2024
PAT009138,24-05-1949,Female,Asian,Unknown,22901,VA,Western,16-12-2023
PAT009139,25-05-2002,Male,Black or African American,Not Hispanic or Latino,22902,VA,Western,17-11-2023
PAT009140,17-03-2007,Female,Black or African American,Not Hispanic or Latino,23185,VA,Eastern,31-12-2024
PAT009141,17-01-2002,Male,American Indian or Alaska Native,Not Hispanic or Latino,23602,VA,Eastern,12-10-2023
PAT009142,28-08-1974,Male,Black or African American,Not Hispanic or Latino,23225,VA,Central,08-01-2023
PAT009143,14-03-1989,Male,Black or African American,Not Hispanic or Latino,23834,VA,Southern,07-12-2023
PAT009144,28-01-1997,Male,Asian,Unknown,23223,VA,Central,27-04-2023
PAT009145,08-12-2010,Female,White,Not Hispanic or Latino,22405,VA,Northern,24-07-2024
PAT009146,03-10-1964,Male,Unknown,Not Hispanic or Latino,23221,VA,Central,27-08-2024
PAT009147,08-01-1987,Female,Native Hawaiian or Other Pacific Islander,Not Hispanic or Latino,23221,VA,Central,18-01-2025
PAT009148,25-12-2006,Male,Black or African American,Not Hispanic or Latino,22405,VA,Northern,23-09-2025
PAT009149,13-10-1952,Female,White,Hispanic or Latino,22405,VA,Northern,05-05-2024
PAT009150,17-04-1982,Female,Black or African American,Not Hispanic or Latino,23223,VA,Central,28-08-2024
PAT009151,27-11-1959,Female,Multiple,Not Hispanic or Latino,23221,VA,Central,13-09-2025
PAT009152,09-06-1995,Female,Other,Hispanic or Latino,22405,VA,Northern,28-06-2024
PAT009153,18-12-2021,Female,Black or African American,Not Hispanic or Latino,22554,VA,Northern,10-12-2025
PAT009154,08-04-1990,Male,White,Unknown,23220,VA,Central,06-12-2025
PAT009155,09-11-1994,Female,White,Not Hispanic or Latino,23220,VA,Central,11-08-2024
PAT009156,21-07-1943,Female,White,Not Hispanic or Latino,23221,VA,Central,20-09-2023
PAT009157,02-11-1981,Male,Multiple,Not Hispanic or Latino,23223,VA,Central,11-02-2023
PAT009158,25-01-2015,Female,Multiple,Not Hispanic or Latino,23223,VA,Central,12-11-2025
PAT009159,04-11-2010,Male,Black or African American,Not Hispanic or Latino,22903,VA,Western,26-02-2023
PAT009160,18-02-2015,Female,White,Not Hispanic or Latino,22902,VA,Western,08-03-2024
PAT009161,06-08-1946,Female,White,Hispanic or Latino,23185,VA,Eastern,02-05-2023
PAT009162,16-01-1941,Male,Other,Not Hispanic or Latino,23223,VA,Central,14-08-2024
PAT009163,19-08-2017,female,White,Not Hispanic or Latino,23221,VA,Central,08-08-2023
PAT009164,16-02-1979,Female,Multiple,Not Hispanic or Latino,23803,VA,Southern,19-09-2025
PAT009165,01-12-1952,Male,White,Not Hispanic or Latino,23220,VA,Central,15-02-2024
PAT009166,13-06-1999,Male,White,Not Hispanic or Latino,23223,VA,Central,21-12-2025
PAT009167,22-06-1984,Female,Black or African American,Not Hispanic or Latino,23225,VA,Central,02-03-2024
PAT009168,25-05-1983,Male,Black or African American,Not Hispanic or Latino,23831,VA,Southern,13-02-2025
PAT009169,01-07-1948,Male,White,Not Hispanic or Latino,23834,VA,Southern,04-10-2023
PAT009170,13-07-2018,Male,Asian,Not Hispanic or Latino,22401,VA,Northern,21-08-2024
PAT009171,09-08-1935,Male,Multiple,Hispanic or Latino,23803,VA,Southern,31-10-2023
PAT009172,04-09-1990,Female,White,Not Hispanic or Latino,23220,VA,Central,31-01-2024
PAT009173,20-09-2012,Male,Black or African American,Not Hispanic or Latino,23221,VA,Central,23-10-2025
PAT009174,27-06-2003,Male,Black or African American,Not Hispanic or Latino,22405,VA,Northern,28-12-2025
PAT009175,21-10-1939,Female,Multiple,Not Hispanic or Latino,22554,VA,Northern,10-01-2023
PAT009176,19-04-1986,Male,Black or African American,Unknown,23221,VA,Central,17-01-2025
PAT009177,01-07-2004,Male,White,Not Hispanic or Latino,23221,VA,Central,21-03-2025
PAT009178,15-08-1997,Female,Black or African American,Not Hispanic or Latino,22554,VA,Northern,29-09-2023
PAT009179,14-07-1964,Male,White,Not Hispanic or Latino,23831,VA,Southern,16-04-2023
PAT009180,24-11-2019,Male,Asian,Not Hispanic or Latino,22901,VA,Western,25-05-2025
PAT009181,16-07-1954,Female,Black or African American,Not Hispanic or Latino,23220,VA,Central,30-07-2025
PAT009182,09-03-1985,Female,Asian,Not Hispanic or Latino,22901,VA,Western,23-05-2024
PAT009183,16-04-1997,Female,Black or African American,Not Hispanic or Latino,23225,VA,Central,02-07-2024
PAT009184,27-10-1973,Male,White,Hispanic or Latino,22902,VA,Western,26-03-2024
PAT009185,20-04-1975,Female,White,Not Hispanic or Latino,22903,VA,Western,07-05-2024
PAT009186,24-03-2014,Other,White,Unknown,23834,VA,Southern,27-03-2023
PAT009187,18-11-1991,Male,White,Not Hispanic or Latino,23831,VA,Southern,21-01-2024
PAT009188,26-10-2020,Female,Asian,Not Hispanic or Latino,23834,VA,Southern,29-04-2024
PAT009189,28-12-1986,Male,Black or African American,Not Hispanic or Latino,22901,VA,Western,10-07-2023
PAT009190,20-05-2005,Female,Black or African American,Not Hispanic or Latino,23225,VA,Central,15-09-2024
PAT009191,09-06-1983,Female,Asian,Not Hispanic or Latino,22911,VA,Western,18-02-2024
PAT009192,15-11-1939,Female,Black or African American,Not Hispanic or Latino,23225,VA,Central,17-03-2023
PAT009193,20-10-1986,Female,White,Not Hispanic or Latino,23220,VA,Central,04-05-2025
PAT009194,03-09-2011,Male,Black or African American,Not Hispanic or Latino,23223,VA,Central,16-01-2025
PAT009195,19-06-1995,Male,White,Not Hispanic or Latino,23225,VA,Central,12-07-2025
PAT009196,13-10-2018,Female,White,Not Hispanic or Latino,23220,VA,Central,06-03-2023
PAT009197,09-11-2001,Female,White,Not Hispanic or Latino,22401,VA,Northern,03-12-2024
PAT009198,13-04-1983,Female,Unknown,Not Hispanic or Latino,23220,VA,Central,15-04-2023
PAT009199,01-12-1982,Female,Other,Not Hispanic or Latino,23223,VA,Central,13-08-2023
PAT009200,16-11-1964,Male,White,Not Hispanic or Latino,23223,VA,Central,29-05-2025
PAT009201,09-11-1941,Male,Multiple,Not Hispanic or Latino,23601,VA,Eastern,06-03-2023
PAT009202,06-12-1983,Unknown,Black or African American,Not Hispanic or Latino,23220,VA,Central,26-10-2025
PAT009203,15-09-1939,Female,White,Not Hispanic or Latino,23225,VA,Central,20-05-2023
PAT009204,14-12-1939,Female,White,Hispanic or Latino,22401,VA,Northern,03-03-2025
PAT009205,15-09-1950,Female,Asian,Not Hispanic or Latino,22405,VA,Northern,19-04-2024
PAT009206,10-04-1947,Male,White,Not Hispanic or Latino,23803,VA,Southern,01-09-2023
PAT009207,18-05-1990,Male,Black or African American,Not Hispanic or Latino,23223,VA,Central,19-06-2025
PAT009208,04-08-1994,Female,Multiple,Not Hispanic or Latino,23221,VA,Central,27-02-2025
PAT009209,23-08-1997,Male,White,Not Hispanic or Latino,22405,VA,,17-05-2023
PAT009210,27-03-1967,Male,Black or African American,Not Hispanic or Latino,23220,VA,Central,07-12-2023
PAT009211,25-08-1962,Male,White,Not Hispanic or Latino,23831,VA,Southern,04-12-2023
PAT009212,22-10-2017,Male,Black or African American,Not Hispanic or Latino,22901,VA,,08-04-2025
PAT009213,17-11-1960,Male,White,Hispanic or Latino,23223,VA,Central,24-07-2023
PAT009214,18-11-1996,Female,White,Not Hispanic or Latino,23831,VA,Southern,23-01-2025
PAT009215,23-08-2001,Male,Black or African American,Hispanic or Latino,23601,VA,Eastern,07-05-2023
PAT009216,07-05-1938,Female,Black or African American,Not Hispanic or Latino,22911,VA,Western,02-05-2025
PAT009217,17-02-2019,Female,Black or African American,Not Hispanic or Latino,22903,VA,Western,24-01-2025
PAT009218,16-07-1981,Male,Asian,Not Hispanic or Latino,23803,VA,Southern,06-10-2025
PAT009219,25-07-1957,Female,Other,Not Hispanic or Latino,22554,VA,Northern,06-06-2024
PAT009220,28-12-1967,Male,White,Not Hispanic or Latino,23220,VA,Central,08-07-2024
PAT009221,01-05-1979,Male,White,Not Hispanic or Latino,22401,VA,Northern,02-05-2023
PAT009222,09-12-1964,Male,White,Hispanic or Latino,23220,VA,Central,29-06-2025
PAT009223,02-07-1970,Male,White,Not Hispanic or Latino,23601,VA,Eastern,03-05-2024
PAT009224,02-02-1963,Female,White,Not Hispanic or Latino,22551,VA,Northern,01-10-2024
PAT009225,15-01-1936,Female,White,Not Hispanic or Latino,22551,VA,Northern,22-11-2023
PAT009226,17-07-1981,Female,White,Not Hispanic or Latino,23221,VA,Central,28-12-2023
PAT009227,17-09-1937,Female,White,Hispanic or Latino,23223,VA,Central,17-09-2024
PAT009228,07-08-1988,Male,White,Not Hispanic or Latino,22554,VA,Northern,13-06-2024
PAT009229,27-10-2010,Male,White,Hispanic or Latino,23805,VA,Southern,06-02-2025
PAT009230,20-11-1989,Female,White,Not Hispanic or Latino,23606,VA,Eastern,04-02-2024
PAT009231,21-07-1994,Female,White,Not Hispanic or Latino,22554,VA,Northern,18-07-2024
PAT009232,12-12-1983,Male,White,Not Hispanic or Latino,22911,VA,Western,13-05-2024
PAT009233,02-02-1992,Male,White,Hispanic or Latino,23223,VA,Central,20-01-2024
PAT009234,23-12-1966,Male,White,Not Hispanic or Latino,22405,VA,Northern,27-12-2024
PAT009235,19-12-1980,Male,Black or African American,Not Hispanic or Latino,23803,VA,Southern,30-05-2025
PAT009236,15-08-1964,Male,White,Not Hispanic or Latino,22901,VA,Western,25-10-2024
PAT009237,13-12-1972,Female,Black or African American,Not Hispanic or Latino,22901,VA,Western,07-08-2023
PAT009238,08-05-1992,Female,Black or African American,Not Hispanic or Latino,22401,VA,Northern,10-06-2024
PAT005116,12-03-1990,Male,Black or African American,Not Hispanic or Latino,22551,VA,Northern,01-05-2023
PAT009240,04-05-1990,Female,Asian,Not Hispanic or Latino,22902,VA,Western,23-07-2023
PAT009241,13-11-1984,Female,White,Not Hispanic or Latino,23225,VA,Central,10-08-2025
PAT009242,16-03-1985,Female,Asian,Not Hispanic or Latino,23220,VA,Central,15-06-2025
PAT009243,15-03-2004,Female,White,Not Hispanic or Latino,22911,VA,Western,30-07-2023
PAT009244,07-07-1968,Female,Other,Not Hispanic or Latino,23223,VA,Central,19-01-2023
PAT009245,06-05-1947,Male,White,Not Hispanic or Latino,22551,VA,Northern,19-11-2023
PAT009246,20-12-1981,Male,White,Not Hispanic or Latino,22901,VA,Western,25-08-2024
PAT009247,18-09-2001,Male,White,Unknown,23220,VA,Central,24-09-2025
PAT009248,13-08-2012,Male,Black or African American,Not Hispanic or Latino,23601,VA,Eastern,10-12-2023
PAT009249,02-08-1962,Female,White,Not Hispanic or Latino,23805,VA,Southern,13-12-2024
PAT009250,03-04-2016,Female,White,Not Hispanic or Latino,23225,VA,Central,20-04-2024
PAT009251,11-02-1966,Male,White,Not Hispanic or Latino,22554,VA,Northern,12-05-2025
PAT009252,05-08-1986,Female,White,Not Hispanic or Latino,23223,VA,Central,07-05-2025
PAT009253,13-05-2024,Male,Asian,Not Hispanic or Latino,23225,VA,Central,19-10-2025
PAT009254,02-11-1988,Male,Other,Not Hispanic or Latino,22902,VA,Western,11-06-2025
PAT009255,23-07-2025,Male,White,Not Hispanic or Latino,22401,VA,Northern,12-10-2025
PAT009256,12-12-1938,Male,Black or African American,Not Hispanic or Latino,22401,VA,Northern,14-01-2024
PAT009257,08-02-1984,Female,Black or African American,Not Hispanic or Latino,23223,VA,Central,02-03-2023
PAT009258,28-10-1979,Female,Black or African American,Not Hispanic or Latino,23225,VA,Central,08-04-2024
PAT009259,05-03-2005,Male,Black or African American,Not Hispanic or Latino,22901,VA,Western,03-06-2025
PAT009260,14-08-1948,Male,White,Not Hispanic or Latino,23834,VA,Southern,23-10-2024
PAT009261,01-11-2016,Female,White,Not Hispanic or Latino,22903,VA,Western,24-04-2024
PAT009262,06-05-2020,Male,White,Hispanic or Latino,23220,VA,Central,23-04-2025
PAT009263,08-05-1942,Female,Black or African American,Not Hispanic or Latino,23223,VA,Central,03-04-2024
PAT009264,17-03-1964,Female,Asian,Not Hispanic or Latino,23606,VA,Eastern,31-05-2023
PAT009265,22-09-1946,Female,White,Not Hispanic or Latino,23220,VA,Central,18-01-2025
PAT009266,08-02-2008,Male,Black or African American,Not Hispanic or Latino,23803,VA,Southern,12-11-2024
PAT009267,06-04-1983,Female,White,Unknown,22901,VA,Western,02-04-2024
PAT009268,28-08-1984,Male,White,Not Hispanic or Latino,23606,VA,Eastern,30-08-2024
PAT009269,27-06-2014,Male,Black or African American,Not Hispanic or Latino,23831,VA,Southern,01-10-2023
PAT009270,11-02-1969,Male,Asian,Not Hispanic or Latino,23803,VA,Southern,03-03-2023
PAT009271,24-01-2011,Male,Black or African American,Not Hispanic or Latino,23602,VA,Eastern,18-01-2025
PAT009272,12-01-2010,Male,White,Not Hispanic or Latino,23221,VA,Central,03-02-2025
PAT009273,13-09-1990,Female,White,Hispanic or Latino,23225,VA,Central,30-06-2024
PAT009274,05-02-1986,Female,Asian,Not Hispanic or Latino,23805,VA,Southern,04-12-2024
PAT009275,19-10-1939,Male,White,Not Hispanic or Latino,23834,VA,,21-12-2023
PAT009276,13-09-2015,Male,White,Not Hispanic or Latino,23221,VA,Central,28-03-2025
PAT009277,14-06-1953,Male,Asian,Not Hispanic or Latino,22901,VA,Western,13-03-2023
PAT009278,06-11-1948,Male,White,Not Hispanic or Latino,23223,VA,Central,09-12-2024
PAT009279,03-06-1958,Male,White,Hispanic or Latino,23225,VA,Central,03-07-2025
PAT009280,03-06-1979,Female,Black or African American,Not Hispanic or Latino,23221,VA,Central,30-08-2025
PAT009281,09-09-1961,Male,White,Not Hispanic or Latino,22903,VA,Western,22-03-2024
PAT009282,15-03-1974,Female,Black or African American,Not Hispanic or Latino,22405,VA,Northern,01-07-2024
PAT009283,17-06-2017,Male,Black or African American,Not Hispanic or Latino,23220,VA,Central,16-05-2023
PAT009284,23-07-1992,Male,Black or African American,Not Hispanic or Latino,23805,VA,Southern,18-08-2023
PAT009285,14-05-1987,Male,Asian,Not Hispanic or Latino,23220,VA,Central,23-03-2025
PAT009286,13-11-1971,Female,White,Not Hispanic or Latino,23220,VA,Central,17-10-2024
PAT009287,26-12-1988,Male,White,Not Hispanic or Latino,23225,VA,Central,17-11-2024
PAT009288,26-03-2018,Female,Unknown,Hispanic or Latino,23221,VA,Central,19-09-2023
PAT009289,26-11-1977,Female,White,Not Hispanic or Latino,22554,VA,Northern,09-07-2025
PAT009290,22-12-2006,Male,Multiple,Not Hispanic or Latino,22901,VA,,05-01-2023
PAT009291,17-05-2004,Male,White,Not Hispanic or Latino,22901,VA,Western,10-12-2023
PAT009292,15-12-1942,Female,White,Not Hispanic or Latino,23803,VA,Southern,12-07-2024
PAT009293,20-09-1959,Female,White,Hispanic or Latino,23602,VA,Eastern,19-05-2024
PAT009294,18-05-1983,Female,Other,Not Hispanic or Latino,23220,VA,Central,06-10-2023
PAT009295,04-09-1995,Male,White,Hispanic or Latino,23225,VA,Central,26-05-2024
PAT009296,01-12-2025,Male,White,Not Hispanic or Latino,22901,VA,Western,11-12-2025
PAT009297,26-09-1967,Female,Black or African American,Not Hispanic or Latino,23803,VA,Southern,06-11-2024
PAT009298,17-11-1977,Female,White,Not Hispanic or Latino,23803,VA,Southern,05-09-2023
PAT009299,07-01-1952,Male,Black or African American,Not Hispanic or Latino,22902,VA,Western,01-08-2024
PAT009300,11-01-1964,Male,Black or African American,Not Hispanic or Latino,23220,VA,Central,19-08-2023
PAT009301,02-12-1964,Female,White,Not Hispanic or Latino,23602,VA,Eastern,10-02-2025
PAT009302,11-04-1979,Male,White,Not Hispanic or Latino,23606,VA,Eastern,19-03-2023
PAT009303,04-03-1940,Male,Asian,Not Hispanic or Latino,22405,VA,Northern,21-05-2023
PAT009304,23-07-1957,Male,White,Not Hispanic or Latino,23225,VA,Central,13-09-2024
PAT009305,05-01-1947,Female,White,Not Hispanic or Latino,23220,VA,Central,26-11-2023
PAT009306,14-05-1961,Male,Black or African American,Not Hispanic or Latino,23606,VA,Eastern,14-05-2025
PAT009307,05-05-1936,F,Other,Not Hispanic or Latino,23220,VA,Central,02-11-2023
PAT009308,17-10-2014,Male,White,Not Hispanic or Latino,23601,VA,Eastern,23-03-2025
PAT009309,02-03-1978,Female,White,Not Hispanic or Latino,23834,VA,Southern,01-07-2024
PAT009310,27-09-1981,Female,White,Not Hispanic or Latino,23602,VA,Eastern,19-10-2024
PAT009311,28-02-1981,Male,White,Not Hispanic or Latino,22405,VA,Northern,07-03-2025
PAT009312,05-10-2007,Female,White,Not Hispanic or Latino,22401,VA,Northern,16-05-2024
PAT009313,24-02-2018,Unknown,Asian,Not Hispanic or Latino,23831,VA,Southern,05-06-2025
PAT009314,22-07-1970,Female,White,Not Hispanic or Latino,23602,VA,Eastern,11-10-2025
PAT009315,25-02-1979,Male,White,Not Hispanic or Latino,22911,VA,Western,11-03-2025
PAT009316,28-08-1970,Male,White,Not Hispanic or Latino,22401,VA,Northern,08-03-2024
PAT009317,19-05-1990,Female,Asian,Not Hispanic or Latino,23831,VA,Southern,28-04-2023
PAT009318,17-04-1951,Female,Asian,Not Hispanic or Latino,22911,VA,Western,18-08-2024
PAT009319,09-07-2004,Female,White,Hispanic or Latino,22554,VA,Northern,22-03-2023
PAT009320,05-07-1991,Female,Black or African American,Not Hispanic or Latino,23831,VA,Southern,25-01-2024
PAT009321,25-03-1935,Female,White,Not Hispanic or Latino,23221,VA,Central,08-04-2024
PAT009322,05-08-1990,Female,Unknown,Not Hispanic or Latino,23831,VA,Southern,28-09-2025
PAT009323,04-05-1984,Female,Unknown,Hispanic or Latino,23221,VA,Central,26-04-2025
PAT009324,22-04-2022,Male,White,Not Hispanic or Latino,22903,VA,Western,13-01-2025
PAT009325,11-05-1968,Female,Black or African American,Not Hispanic or Latino,23606,VA,Eastern,31-08-2023
PAT009326,01-12-2009,Male,Unknown,Not Hispanic or Latino,23223,VA,Central,29-10-2025
PAT009327,08-10-1987,Other,Unknown,Not Hispanic or Latino,22903,VA,Western,16-03-2023
PAT009328,12-04-1967,Female,White,Not Hispanic or Latino,23831,VA,Southern,25-07-2024
PAT009329,21-11-2003,Female,White,Not Hispanic or Latino,23225,VA,Central,20-11-2025
PAT009330,19-06-1967,Male,Multiple,Not Hispanic or Latino,23185,VA,Eastern,19-12-2023
PAT009331,20-07-1975,Male,White,Not Hispanic or Latino,22911,VA,Western,02-02-2025
PAT009332,07-10-1995,Male,Unknown,Not Hispanic or Latino,22405,VA,Northern,28-01-2025
PAT009333,14-10-1965,Male,White,Not Hispanic or Latino,22405,VA,Northern,27-07-2025
PAT009334,06-12-1969,Male,White,Not Hispanic or Latino,23221,VA,Central,06-05-2024
PAT009335,08-09-1969,Male,White,Not Hispanic or Latino,23220,VA,Central,23-12-2023
PAT009336,08-06-1983,Male,White,Not Hispanic or Latino,23223,VA,Central,09-09-2023
PAT009337,20-04-1982,Female,White,Not Hispanic or Latino,23223,VA,Central,25-11-2024
PAT009338,27-08-1965,Female,White,Not Hispanic or Latino,22901,VA,Western,26-11-2023
PAT009339,01-09-2003,Male,White,Not Hispanic or Latino,22401,VA,Northern,19-07-2025
PAT009340,22-02-2010,Female,Black or African American,Not Hispanic or Latino,23185,VA,Eastern,11-05-2025
PAT009341,10-10-1956,Male,Black or African American,Not Hispanic or Latino,23223,VA,Central,06-02-2023
PAT009342,13-12-2003,Male,Multiple,Not Hispanic or Latino,23602,VA,Eastern,01-07-2024
PAT009343,25-04-1946,Male,White,Not Hispanic or Latino,23831,VA,Southern,13-03-2024
PAT009344,27-02-1952,Female,White,Not Hispanic or Latino,23602,VA,Eastern,20-05-2024
PAT009345,24-01-2005,Female,White,Hispanic or Latino,22405,VA,Northern,17-01-2024
PAT009346,23-12-1972,Female,Other,Not Hispanic or Latino,22401,VA,Northern,18-12-2025
PAT009347,24-11-1969,Female,White,Not Hispanic or Latino,23834,VA,Southern,17-08-2025
PAT009348,14-07-2024,Male,Black or African American,Not Hispanic or Latino,22911,VA,Western,03-04-2025
PAT009349,21-08-1983,Female,White,Not Hispanic or Latino,22405,VA,Northern,16-04-2023
PAT009350,03-02-1964,Female,White,Not Hispanic or Latino,23220,VA,Central,27-08-2024
PAT009351,08-09-1975,Male,American Indian or Alaska Native,Not Hispanic or Latino,22554,VA,Northern,20-05-2024
PAT009352,28-08-1937,Female,Asian,Not Hispanic or Latino,23805,VA,Southern,18-03-2025
PAT009353,21-02-1960,Female,White,Not Hispanic or Latino,22911,VA,Western,18-08-2025
PAT009354,26-08-1938,Male,Black or African American,Not Hispanic or Latino,23223,VA,Central,30-03-2024
PAT009355,10-12-1954,Male,White,Not Hispanic or Latino,23221,VA,Central,30-09-2023
PAT009356,19-04-1985,Female,White,Not Hispanic or Latino,22405,VA,Northern,23-09-2023
PAT009357,05-05-1956,Female,Black or African American,Not Hispanic or Latino,22903,VA,Western,05-10-2025
PAT009358,25-08-1968,Male,White,Not Hispanic or Latino,23221,VA,Central,22-07-2025
PAT009359,12-05-1993,Male,Black or African American,Not Hispanic or Latino,23834,VA,Southern,25-11-2024
PAT009360,04-03-2006,Male,White,Not Hispanic or Latino,23831,VA,Southern,18-01-2024
PAT009361,10-02-2005,Male,Asian,Not Hispanic or Latino,23223,VA,Central,03-06-2025
PAT009362,23-04-1990,Male,White,Not Hispanic or Latino,23225,VA,Central,24-01-2024
PAT009363,19-04-1991,Male,American Indian or Alaska Native,Not Hispanic or Latino,23834,VA,Southern,30-12-2025
PAT009364,27-09-1968,Male,Other,Hispanic or Latino,23223,VA,Central,28-12-2023
PAT009365,25-01-1935,Female,White,Not Hispanic or Latino,22903,VA,Western,04-08-2025
PAT009366,21-12-1950,Female,White,Not Hispanic or Latino,23221,VA,Central,24-01-2025
PAT009367,26-09-1980,Male,White,Not Hispanic or Latino,23223,VA,Central,04-07-2025
PAT009368,13-01-2010,Male,Unknown,Hispanic or Latino,23221,VA,Central,30-12-2023
PAT009369,08-06-1967,Female,Black or African American,Unknown,23221,VA,Central,22-04-2023
PAT009370,10-06-1988,Female,Black or African American,Not Hispanic or Latino,22551,VA,Northern,16-06-2023
PAT009371,22-12-1947,Female,White,Not Hispanic or Latino,23606,VA,Eastern,16-08-2024
PAT009372,15-12-1994,Male,White,Hispanic or Latino,22911,VA,Western,11-12-2025
PAT009373,17-02-1965,Male,White,Not Hispanic or Latino,22551,VA,Northern,16-03-2024
PAT009374,24-07-1964,Male,White,Not Hispanic or Latino,23185,VA,Eastern,05-04-2024
PAT009375,20-06-1942,Male,White,Not Hispanic or Latino,23223,VA,Central,02-11-2024
PAT009376,05-10-1935,Male,White,Not Hispanic or Latino,23220,VA,Central,24-08-2023
PAT009377,11-09-1938,Female,White,Not Hispanic or Latino,23606,VA,Eastern,21-12-2023
PAT009378,11-11-1953,Female,White,Hispanic or Latino,23803,VA,Southern,28-06-2023
PAT009379,15-05-1981,Male,Unknown,Not Hispanic or Latino,23805,VA,Southern,09-10-2025
PAT009380,14-10-1992,Male,Black or African American,Not Hispanic or Latino,22902,VA,Western,01-04-2025
PAT009381,17-04-1965,Male,Black or African American,Hispanic or Latino,23834,VA,Southern,24-12-2024
PAT009382,20-10-1951,Female,White,Not Hispanic or Latino,23834,VA,Southern,09-08-2025
PAT009383,23-02-1981,Female,White,Not Hispanic or Latino,23606,VA,Eastern,11-11-2023
PAT009384,01-03-1963,Unknown,White,Not Hispanic or Latino,23220,VA,Central,10-09-2023
PAT009385,04-01-1960,Female,White,Not Hispanic or Latino,23223,VA,Central,31-12-2023
PAT009386,22-07-1967,Male,White,Not Hispanic or Latino,23606,VA,Eastern,29-04-2023
PAT009387,11-03-1984,Female,White,Not Hispanic or Latino,22401,VA,Northern,21-10-2024
PAT009388,19-06-1983,Male,White,Not Hispanic or Latino,22903,VA,Western,09-08-2023
PAT009389,25-10-1999,Female,White,Not Hispanic or Latino,22901,VA,Western,25-03-2025
PAT009390,21-02-1946,Female,Black or African American,Not Hispanic or Latino,23220,VA,Central,13-11-2025
PAT009391,23-01-2025,Male,Unknown,Not Hispanic or Latino,22554,VA,Northern,12-12-2025
PAT009392,23-09-1970,Male,White,Not Hispanic or Latino,23606,VA,Eastern,11-01-2024
PAT009393,22-03-1952,Male,Multiple,Not Hispanic or Latino,22405,VA,Northern,17-09-2025
PAT009394,23-12-2016,Female,White,Not Hispanic or Latino,23834,VA,Southern,17-05-2025
PAT009395,22-12-1996,Female,Asian,Not Hispanic or Latino,23601,VA,Eastern,01-09-2024
PAT009396,07-09-1977,Other,White,Not Hispanic or Latino,23185,VA,Eastern,08-12-2024
PAT009397,04-08-1989,Male,White,Not Hispanic or Latino,22551,VA,Northern,15-11-2023
PAT009398,03-06-1964,Male,White,Not Hispanic or Latino,23221,VA,Central,20-03-2024
PAT009399,07-05-1962,Female,Asian,Not Hispanic or Latino,22405,VA,Northern,01-11-2024
PAT009400,15-07-2018,Male,Black or African American,Not Hispanic or Latino,22554,VA,Northern,05-07-2025
PAT009401,16-08-1980,Female,White,Hispanic or Latino,23834,VA,Southern,11-03-2024
PAT009402,26-12-2017,Female,Asian,Hispanic or Latino,22405,VA,Northern,05-03-2025
PAT009403,18-06-1963,Female,White,Not Hispanic or Latino,23606,VA,Eastern,22-10-2024
PAT009404,22-04-2006,Male,Black or African American,Not Hispanic or Latino,23185,VA,Eastern,19-01-2023
PAT009405,21-12-1971,Male,White,Not Hispanic or Latino,23225,VA,Central,08-07-2023
PAT009406,16-01-1971,Male,White,Hispanic or Latino,23225,VA,Central,03-06-2023
PAT009407,21-11-1980,Female,White,Not Hispanic or Latino,22405,VA,Northern,10-11-2025
PAT009408,03-07-2025,Male,Unknown,Not Hispanic or Latino,23185,VA,Eastern,03-11-2025
PAT009409,13-07-1999,Female,Black or African American,Not Hispanic or Latino,23225,VA,Central,15-10-2025
PAT009410,16-05-1939,Male,Multiple,Not Hispanic or Latino,22405,VA,Northern,04-07-2023
PAT009411,25-02-2011,Male,White,Not Hispanic or Latino,22405,VA,Northern,16-08-2024
PAT009412,12-04-1978,Male,American Indian or Alaska Native,Hispanic or Latino,22911,VA,Western,16-05-2025
PAT009413,26-11-1944,Female,White,Hispanic or Latino,23805,VA,Southern,14-04-2023
PAT009414,12-03-2001,Female,Asian,Unknown,22405,VA,Northern,03-03-2025
PAT009415,23-06-1942,Male,Asian,Not Hispanic or Latino,22405,VA,Northern,12-01-2025
PAT009416,15-09-1997,Male,White,Unknown,23225,VA,Central,29-09-2025
PAT009417,24-06-1987,Male,White,Hispanic or Latino,22901,VA,Western,29-08-2025
PAT009418,24-02-1982,Female,Black or African American,Not Hispanic or Latino,22401,VA,Northern,19-10-2025
PAT009419,23-09-1973,Female,Black or African American,Not Hispanic or Latino,23221,VA,Central,01-09-2024
PAT009420,27-08-1935,Male,Black or African American,Not Hispanic or Latino,23606,VA,Eastern,02-07-2024
PAT009421,22-12-2012,Female,Black or African American,Not Hispanic or Latino,23803,VA,Southern,11-01-2024
PAT009422,03-07-1980,Female,White,Not Hispanic or Latino,23602,VA,Eastern,24-02-2024
PAT009423,08-11-2013,Female,Black or African American,Hispanic or Latino,23220,VA,Central,19-03-2025
PAT009424,11-08-1988,Male,White,Not Hispanic or Latino,23606,VA,Eastern,02-09-2024
PAT009425,19-04-2017,Male,Black or African American,Not Hispanic or Latino,23185,VA,Eastern,14-10-2024
PAT009426,20-11-1974,Male,White,Not Hispanic or Latino,23223,VA,Central,16-03-2025
PAT009427,01-04-1995,Female,White,Not Hispanic or Latino,23220,VA,Central,17-03-2025
PAT009428,05-07-1954,Female,White,Not Hispanic or Latino,23220,VA,Central,21-04-2023
PAT009429,03-11-1985,Female,Black or African American,Not Hispanic or Latino,22911,VA,Western,14-06-2024
PAT009430,17-08-1975,Male,White,Not Hispanic or Latino,23225,VA,Central,24-04-2023
PAT009431,27-05-1962,Female,Black or African American,Not Hispanic or Latino,22401,VA,Northern,05-07-2023
PAT009432,21-12-1954,Female,Black or African American,Hispanic or Latino,23831,VA,Southern,05-02-2024
PAT009433,24-12-1977,Female,White,Not Hispanic or Latino,22551,VA,Northern,19-05-2024
PAT009434,12-07-1941,Male,White,Not Hispanic or Latino,22405,VA,Northern,15-09-2025
PAT009435,11-10-2002,Female,White,Not Hispanic or Latino,22551,VA,Northern,21-06-2025
PAT009436,23-08-1983,Female,White,Not Hispanic or Latino,23220,VA,Central,16-11-2024
PAT009437,17-05-1985,Male,Asian,Not Hispanic or Latino,22901,VA,Western,29-08-2025
PAT009438,23-03-2023,Male,White,Not Hispanic or Latino,22911,VA,Western,05-12-2024
PAT009439,04-10-1963,Male,Black or African American,Not Hispanic or Latino,23223,VA,Central,21-08-2024
PAT009440,06-09-1979,Male,Black or African American,Not Hispanic or Latino,23834,VA,Southern,20-01-2023
PAT009441,05-11-1975,Female,Multiple,Not Hispanic or Latino,23221,VA,Central,20-03-2024
PAT009442,05-04-2004,Male,White,Not Hispanic or Latino,23225,VA,Central,09-11-2025
PAT009443,16-04-1966,Male,White,Not Hispanic or Latino,23223,VA,Central,11-05-2025
PAT009444,03-03-2025,Male,White,Not Hispanic or Latino,22405,VA,Northern,11-10-2025
PAT009445,28-09-1978,Female,Asian,Not Hispanic or Latino,23223,VA,Central,05-06-2023
PAT009446,16-08-2014,Male,Black or African American,Not Hispanic or Latino,23220,VA,Central,05-10-2023
PAT009447,03-10-1979,Female,Asian,Hispanic or Latino,22554,VA,Northern,20-12-2023
PAT009448,24-02-1996,Unknown,White,Not Hispanic or Latino,22903,VA,Western,27-04-2025
PAT009449,14-08-2005,Female,White,Hispanic or Latino,23223,VA,Central,19-11-2024
PAT009450,06-10-1943,Male,White,Not Hispanic or Latino,23805,VA,Southern,26-03-2024
PAT009451,12-06-1979,Male,White,Not Hispanic or Latino,23601,VA,Eastern,23-10-2024
PAT009452,22-08-2008,Male,Multiple,Not Hispanic or Latino,23803,VA,Southern,14-06-2025
PAT009453,26-01-1987,Female,White,Not Hispanic or Latino,23221,VA,Central,30-10-2023
PAT009454,06-12-2008,Female,White,Not Hispanic or Latino,22405,VA,Northern,27-04-2024
PAT009455,18-03-1970,Female,Multiple,Not Hispanic or Latino,22551,VA,Northern,15-12-2025
PAT009456,04-08-1981,Female,Black or African American,Not Hispanic or Latino,23223,VA,Central,02-02-2024
PAT009457,21-10-1985,Male,White,Not Hispanic or Latino,23225,VA,Central,07-09-2024
PAT009458,14-03-2010,Female,White,Not Hispanic or Latino,22554,VA,Northern,18-10-2025
PAT009459,09-07-1971,Male,White,Not Hispanic or Latino,23831,VA,Southern,19-10-2024
PAT009460,22-08-2006,Male,White,Not Hispanic or Latino,23601,VA,Eastern,30-11-2025
PAT009461,25-02-1987,Female,White,Not Hispanic or Latino,22901,VA,Western,09-09-2023
PAT009462,24-06-1943,Female,White,Not Hispanic or Latino,22401,VA,Northern,13-12-2025
PAT009463,18-01-1943,Male,Other,Not Hispanic or Latino,22551,VA,Northern,09-10-2024
PAT009464,10-12-1995,Female,Asian,Not Hispanic or Latino,23223,VA,Central,22-02-2023
PAT009465,11-11-1979,Male,Black or African American,Unknown,22401,VA,Northern,25-01-2023
PAT009466,01-09-1970,Male,Black or African American,Hispanic or Latino,23185,VA,Eastern,04-01-2023
PAT009467,20-08-1994,Male,Unknown,Not Hispanic or Latino,23225,VA,Central,16-06-2024
PAT009468,14-08-1999,Female,Asian,Not Hispanic or Latino,23803,VA,Southern,10-03-2024
PAT009469,26-09-1993,Male,Black or African American,Not Hispanic or Latino,23834,VA,Southern,10-02-2025
PAT009470,26-07-2019,Female,Black or African American,Not Hispanic or Latino,23831,VA,Southern,06-03-2025
PAT009471,08-04-1997,Male,Asian,Not Hispanic or Latino,23221,VA,Central,07-09-2024
PAT009472,09-08-1993,Female,White,Not Hispanic or Latino,22551,VA,Northern,13-04-2024
PAT009473,19-08-2001,Female,Black or African American,Not Hispanic or Latino,23221,VA,Central,16-11-2023
PAT009474,14-12-1963,Female,White,Hispanic or Latino,23805,VA,Southern,25-10-2025
PAT009475,03-10-1974,Male,White,Not Hispanic or Latino,23831,VA,Southern,02-01-2023
PAT009476,16-04-1973,Female,Black or African American,Not Hispanic or Latino,22554,VA,Northern,28-02-2024
PAT009477,10-04-1992,Male,Asian,Not Hispanic or Latino,23831,VA,Southern,13-04-2023
PAT009478,04-03-1985,Female,White,Unknown,23223,VA,Central,18-01-2023
PAT009479,01-11-2015,Male,Multiple,Not Hispanic or Latino,23223,VA,Central,27-08-2025
PAT009480,01-07-1973,Female,White,Not Hispanic or Latino,22551,VA,Northern,24-05-2025
PAT009481,03-10-1973,Male,White,Not Hispanic or Latino,22903,VA,Western,28-12-2024
PAT009482,08-08-1992,Male,Black or African American,Not Hispanic or Latino,23834,VA,Southern,12-02-2025
PAT009483,18-10-1975,Male,White,Not Hispanic or Latino,22903,VA,Western,24-08-2023
PAT009484,15-02-2008,Male,White,Not Hispanic or Latino,23223,VA,Central,19-09-2025
PAT009485,13-04-1964,Male,White,Not Hispanic or Latino,23606,VA,Eastern,17-01-2025
PAT009486,15-10-1972,Male,White,Hispanic or Latino,23831,VA,Southern,09-12-2025
PAT009487,17-05-1968,Male,White,Not Hispanic or Latino,22903,VA,Western,11-01-2025
PAT009488,08-02-1983,Female,Black or African American,Not Hispanic or Latino,22901,VA,Western,02-06-2024
PAT009489,26-05-1952,Female,Black or African American,Unknown,23834,VA,Southern,13-05-2023
PAT009490,08-07-1961,Female,Black or African American,Not Hispanic or Latino,23223,VA,Central,06-01-2024
PAT009491,09-08-1985,Female,Asian,Not Hispanic or Latino,23834,VA,Southern,03-09-2025
PAT009492,08-05-1992,Female,White,Not Hispanic or Latino,23834,VA,Southern,20-11-2023
PAT009493,08-03-2023,Female,White,Not Hispanic or Latino,23831,VA,Southern,25-09-2025
PAT009494,13-06-2011,Female,White,Hispanic or Latino,23803,VA,Southern,16-06-2023
PAT009495,25-09-1976,Male,White,Not Hispanic or Latino,23225,VA,Central,11-11-2024
PAT009496,19-08-1949,Female,White,Not Hispanic or Latino,22405,VA,Northern,17-09-2023
PAT009497,27-03-1964,Female,Other,Not Hispanic or Latino,22401,VA,Northern,28-02-2023
PAT009498,19-06-2006,Male,White,Not Hispanic or Latino,23220,VA,Central,16-10-2024
PAT009499,24-06-1951,Female,White,Not Hispanic or Latino,23803,VA,Southern,16-06-2025
PAT009500,11-07-2000,Male,White,Not Hispanic or Latino,22554,VA,Northern,05-08-2024
PAT009501,24-06-2024,Male,White,Not Hispanic or Latino,23185,VA,Eastern,08-02-2025
PAT009502,06-05-1986,Female,Black or African American,Not Hispanic or Latino,23223,VA,Central,17-04-2025
PAT009503,24-11-1956,Female,White,Not Hispanic or Latino,22911,VA,Western,31-07-2023
PAT009504,20-04-1956,Male,Asian,Not Hispanic or Latino,23221,VA,Central,20-05-2024
PAT009505,25-01-1961,Male,White,Not Hispanic or Latino,22911,VA,Western,19-11-2024
PAT009506,12-04-1953,Female,Black or African American,Not Hispanic or Latino,22902,VA,Western,24-01-2025
PAT009507,27-06-2010,Female,Black or African American,Unknown,23803,VA,Southern,21-03-2025
PAT009508,06-09-2020,Female,Black or African American,Not Hispanic or Latino,23220,VA,,06-04-2025
PAT009509,17-01-1976,Male,American Indian or Alaska Native,Not Hispanic or Latino,23834,VA,Southern,28-09-2025
PAT009510,16-11-1997,Male,White,Not Hispanic or Latino,23805,VA,Southern,02-09-2025
PAT009511,28-08-1972,Female,Black or African American,Not Hispanic or Latino,23225,VA,Central,21-05-2024
PAT009512,16-10-1990,Male,White,Not Hispanic or Latino,23225,VA,Central,25-03-2024
PAT009513,27-11-1942,Female,Unknown,Not Hispanic or Latino,22902,VA,,14-06-2025
PAT009514,01-07-1995,Male,White,Not Hispanic or Latino,22551,VA,Northern,18-10-2025
PAT009515,11-06-2009,Male,White,Not Hispanic or Latino,23803,VA,Southern,24-04-2023
PAT009516,10-11-1965,Female,White,Hispanic or Latino,23831,VA,Southern,15-01-2025
PAT009517,23-08-2024,Male,Multiple,Not Hispanic or Latino,23221,VA,Central,26-06-2025
PAT009518,20-03-1948,Male,Black or African American,Not Hispanic or Latino,23185,VA,Eastern,17-06-2023
PAT009519,20-08-2025,Female,White,Hispanic or Latino,22405,VA,Northern,05-10-2025
PAT009520,12-07-2003,Male,White,Not Hispanic or Latino,23601,VA,Eastern,07-07-2025
PAT009521,12-03-2009,Male,Asian,Not Hispanic or Latino,22554,VA,Northern,01-03-2025
PAT009522,11-01-1987,Male,Asian,Hispanic or Latino,22554,VA,Northern,10-06-2023
PAT009523,16-07-2014,Male,White,Not Hispanic or Latino,23803,VA,Southern,19-05-2023
PAT009524,11-08-1968,Female,Asian,Not Hispanic or Latino,22405,VA,Northern,24-06-2025
PAT009525,26-05-2020,Male,White,Unknown,23602,VA,Eastern,05-07-2023
PAT009526,26-10-1979,Male,Black or African American,Not Hispanic or Latino,22551,VA,Northern,12-03-2023
PAT009527,17-11-1991,Male,Multiple,Not Hispanic or Latino,23602,VA,Eastern,15-01-2023
PAT009528,23-06-1983,Female,White,Not Hispanic or Latino,23602,VA,Eastern,15-02-2024
PAT009529,12-01-2008,Male,Unknown,Hispanic or Latino,23805,VA,Southern,13-03-2025
PAT009530,21-10-1970,Male,Black or African American,Not Hispanic or Latino,23225,VA,,18-10-2023
PAT009531,07-09-1969,Female,Black or African American,Not Hispanic or Latino,23223,VA,Central,10-03-2023
PAT009532,24-08-1963,Male,White,Not Hispanic or Latino,23220,VA,Central,16-12-2024
PAT009533,28-04-2023,Female,Multiple,Hispanic or Latino,22401,VA,Northern,19-06-2024
PAT009534,06-08-1994,Female,White,Not Hispanic or Latino,23803,VA,,21-09-2023
PAT009535,11-02-2008,Male,White,Not Hispanic or Latino,23606,VA,Eastern,11-05-2024
PAT009536,26-08-1943,Male,Other,Not Hispanic or Latino,23220,VA,Central,11-01-2024
PAT009537,11-09-1945,Female,Black or African American,Not Hispanic or Latino,23601,VA,Eastern,10-07-2025
PAT009538,25-09-1942,Male,Unknown,Not Hispanic or Latino,22405,VA,Northern,17-08-2023
PAT009539,19-12-2016,Male,Asian,Not Hispanic or Latino,23221,VA,Central,27-09-2024
PAT009540,16-04-1989,Female,Asian,Not Hispanic or Latino,22401,VA,Northern,08-09-2025
PAT009541,28-01-1953,Male,White,Not Hispanic or Latino,23834,VA,Southern,29-01-2024
PAT009542,12-09-2024,Unknown,Black or African American,Not Hispanic or Latino,22405,VA,Northern,29-09-2024
PAT009543,09-09-1969,Male,Black or African American,Not Hispanic or Latino,23805,VA,Southern,20-05-2025
PAT009544,04-09-1936,Female,Asian,Not Hispanic or Latino,23225,VA,Central,26-06-2025
PAT009545,18-04-1955,Male,White,Not Hispanic or Latino,22911,VA,Western,21-05-2025
PAT009546,14-11-1950,Female,Other,Not Hispanic or Latino,22401,VA,Northern,28-03-2025
PAT009547,12-08-2010,Male,Asian,Not Hispanic or Latino,23831,VA,Southern,29-12-2024
PAT009548,24-04-1946,Male,White,Not Hispanic or Latino,23223,VA,Central,18-08-2024
PAT009549,11-01-1974,Male,Black or African American,Not Hispanic or Latino,23225,VA,Central,12-09-2025
PAT009550,01-06-2021,Male,White,Not Hispanic or Latino,23831,VA,Southern,22-03-2023
PAT009551,23-06-2020,Female,Multiple,Not Hispanic or Latino,22401,VA,Northern,22-02-2023
PAT009552,11-09-1980,Female,Unknown,Not Hispanic or Latino,23223,VA,Central,18-12-2025
PAT009553,07-03-1968,Female,White,Not Hispanic or Latino,23831,VA,Southern,19-09-2025
PAT009554,25-05-1944,Female,Black or African American,Not Hispanic or Latino,23602,VA,Eastern,25-08-2025
PAT009555,02-03-1980,Female,White,Not Hispanic or Latino,22901,VA,Western,10-11-2023
PAT009556,01-02-1951,Female,White,Not Hispanic or Latino,22554,VA,Northern,25-06-2023
PAT009557,26-01-1996,Male,White,Not Hispanic or Latino,22911,VA,Western,12-09-2024
PAT009558,04-04-1981,Female,Black or African American,Not Hispanic or Latino,22551,VA,Northern,15-02-2025
PAT009559,22-09-1990,Male,Black or African American,Not Hispanic or Latino,23803,VA,Southern,26-05-2025
PAT009560,11-02-2004,Female,Black or African American,Not Hispanic or Latino,23223,VA,Central,22-02-2025
PAT009561,08-02-1969,Female,White,Hispanic or Latino,23223,VA,Central,04-02-2023
PAT009562,22-08-2017,Female,Black or African American,Not Hispanic or Latino,22903,VA,Western,03-04-2023
PAT009563,28-01-2024,Male,White,Hispanic or Latino,23223,VA,Central,05-01-2025
PAT009564,02-05-2008,Female,White,Hispanic or Latino,23601,VA,Eastern,24-09-2023
PAT009565,01-08-1965,Female,White,Not Hispanic or Latino,23225,VA,Central,18-03-2023
PAT009566,13-11-1976,Female,White,Not Hispanic or Latino,23223,VA,Central,22-09-2024
PAT009567,11-04-1966,Male,White,Not Hispanic or Latino,23225,VA,Central,14-12-2024
PAT009568,22-01-1991,Unknown,Multiple,Not Hispanic or Latino,23221,VA,Central,17-03-2025
PAT009569,07-09-1987,Male,White,Hispanic or Latino,23834,VA,Southern,22-08-2024
PAT009570,28-03-1945,F,American Indian or Alaska Native,Not Hispanic or Latino,23805,VA,Southern,15-09-2024
PAT009571,25-06-1949,Female,White,Not Hispanic or Latino,23803,VA,Southern,19-09-2025
PAT009572,24-09-2024,Male,White,Not Hispanic or Latino,23221,VA,Central,22-01-2025
PAT009573,26-02-1985,Unknown,American Indian or Alaska Native,Not Hispanic or Latino,23831,VA,Southern,12-01-2024
PAT009574,21-05-1971,Female,Multiple,Not Hispanic or Latino,23225,VA,,02-04-2025
PAT009575,20-11-2000,female,Asian,Not Hispanic or Latino,23803,VA,Southern,25-03-2023
PAT009576,12-05-2024,Male,Black or African American,Unknown,23601,VA,Eastern,24-11-2025
PAT009577,23-05-2007,Male,White,Not Hispanic or Latino,23225,VA,Central,12-10-2025
PAT009578,27-03-1940,Female,White,Not Hispanic or Latino,23602,VA,Eastern,02-08-2023
PAT009579,22-01-1971,Female,Asian,Not Hispanic or Latino,22911,VA,Western,13-08-2023
PAT009580,02-08-1964,Female,White,Unknown,23225,VA,Central,07-03-2024
PAT009581,27-08-1958,Female,American Indian or Alaska Native,Not Hispanic or Latino,23803,VA,Southern,23-10-2025
PAT009582,14-07-1957,Female,Asian,Hispanic or Latino,22401,VA,Northern,01-04-2024
PAT009583,28-04-1960,Female,White,Not Hispanic or Latino,23223,VA,Central,16-02-2025
PAT009584,22-02-1941,Female,White,Not Hispanic or Latino,22902,VA,Western,16-07-2023
PAT009585,04-01-1996,Male,White,Not Hispanic or Latino,22911,VA,Western,31-05-2024
PAT009586,14-05-2015,Male,White,Not Hispanic or Latino,22911,VA,Western,11-11-2023
PAT009587,08-08-1996,Female,Multiple,Not Hispanic or Latino,23803,VA,Southern,14-11-2023
PAT009588,14-04-1996,Male,White,Not Hispanic or Latino,22401,VA,Northern,18-09-2023
PAT009589,19-07-1983,Female,Black or African American,Not Hispanic or Latino,23225,VA,Central,19-03-2025
PAT009590,26-03-1973,Female,White,Not Hispanic or Latino,23223,VA,Central,17-10-2025
PAT009591,21-12-1978,Male,American Indian or Alaska Native,Not Hispanic or Latino,23223,VA,Central,27-09-2025
PAT009592,02-06-1986,Female,White,Not Hispanic or Latino,23220,VA,Central,01-11-2025
PAT009593,04-08-1966,Male,White,Not Hispanic or Latino,22551,VA,Northern,19-04-2024
PAT009594,03-04-1980,Female,Unknown,Not Hispanic or Latino,23223,VA,Central,12-10-2025
PAT009595,02-07-1974,Female,Black or African American,Not Hispanic or Latino,23831,VA,Southern,20-12-2023
PAT009596,09-02-2013,Female,White,Not Hispanic or Latino,23223,VA,Central,06-07-2025
PAT009597,11-07-2023,Male,Black or African American,Not Hispanic or Latino,22901,VA,Western,25-11-2025
PAT009598,25-05-1971,Male,Black or African American,Not Hispanic or Latino,23220,VA,Central,27-01-2025
PAT009599,09-07-1955,Male,Black or African American,Not Hispanic or Latino,23223,VA,Central,07-12-2024
PAT009600,17-11-1965,Female,Asian,Not Hispanic or Latino,22902,VA,Western,28-04-2025
PAT009601,12-12-1998,Female,White,Not Hispanic or Latino,22554,VA,Northern,26-06-2023
PAT009602,27-11-1965,Female,White,Not Hispanic or Latino,23220,VA,Central,24-03-2024
PAT009603,02-09-1993,Female,Black or African American,Hispanic or Latino,23831,VA,Southern,02-11-2025
PAT009604,05-07-1983,Female,Multiple,Not Hispanic or Latino,22901,VA,Western,23-01-2024
PAT009605,26-09-1935,Female,Unknown,Not Hispanic or Latino,23221,VA,Central,28-06-2025
PAT009606,13-10-1987,Male,Black or African American,Not Hispanic or Latino,22903,VA,Western,04-12-2023
PAT009607,27-03-1971,Male,White,Not Hispanic or Latino,22551,VA,Northern,03-05-2025
PAT009608,26-12-1960,Female,Multiple,Not Hispanic or Latino,23225,VA,Central,30-07-2024
PAT009609,14-05-2004,Male,White,Not Hispanic or Latino,23223,VA,Central,07-07-2024
PAT009610,14-03-2025,Female,White,Not Hispanic or Latino,23220,VA,Central,19-06-2025
PAT009611,10-04-1985,Female,Unknown,Not Hispanic or Latino,23221,VA,Central,28-10-2024
PAT009612,13-06-1970,Male,White,Not Hispanic or Latino,23220,VA,Central,09-02-2024
PAT009613,24-07-2021,Male,White,Not Hispanic or Latino,23221,VA,,30-06-2023
PAT009614,09-09-1972,Male,White,Not Hispanic or Latino,22401,VA,Northern,07-01-2025
PAT009615,27-02-1985,Female,Black or African American,Not Hispanic or Latino,22401,VA,Northern,21-12-2024
PAT009616,28-03-2017,Female,White,Not Hispanic or Latino,22554,VA,Northern,17-10-2023
PAT009617,11-08-1962,Male,White,Not Hispanic or Latino,22401,VA,Northern,23-01-2025
PAT009618,17-09-1995,Male,White,Not Hispanic or Latino,23220,VA,Central,11-11-2025
PAT009619,17-11-1952,Female,Black or African American,Not Hispanic or Latino,22902,VA,Western,28-01-2023
PAT009620,16-03-1983,Female,White,Not Hispanic or Latino,23185,VA,Eastern,06-11-2023
PAT009621,07-04-2013,Male,White,Hispanic or Latino,23223,VA,Central,08-03-2023
PAT009622,06-11-1979,Female,White,Not Hispanic or Latino,23601,VA,Eastern,27-09-2025
PAT009623,24-02-1982,Female,White,Not Hispanic or Latino,23221,VA,Central,07-11-2023
PAT009624,06-08-1984,Male,Black or African American,Not Hispanic or Latino,23225,VA,Central,21-05-2024
PAT009625,14-03-1953,Female,White,Not Hispanic or Latino,23221,VA,Central,08-07-2025
PAT009626,14-12-1968,Female,Other,Hispanic or Latino,23225,VA,Central,19-08-2024
PAT009627,11-10-1947,Female,Asian,Not Hispanic or Latino,23803,VA,Southern,22-08-2024
PAT009628,18-07-1963,Female,White,Not Hispanic or Latino,23834,VA,Southern,26-07-2025
PAT009629,19-05-1936,Female,White,Not Hispanic or Latino,22902,VA,Western,15-08-2024
PAT009630,20-10-1999,Female,Black or African American,Not Hispanic or Latino,23601,VA,Eastern,30-05-2023
PAT009631,16-07-1954,Male,Asian,Hispanic or Latino,22554,VA,Northern,10-10-2025
PAT009632,25-12-2020,Male,Other,Not Hispanic or Latino,23606,VA,Eastern,17-04-2025
PAT009633,23-05-2009,Female,White,Not Hispanic or Latino,23220,VA,Central,07-11-2024
PAT009634,21-07-2000,Female,White,Not Hispanic or Latino,23225,VA,Central,18-06-2025
PAT009635,25-04-2009,Male,American Indian or Alaska Native,Not Hispanic or Latino,22405,VA,Northern,07-03-2023
PAT009636,13-02-1972,Female,White,Not Hispanic or Latino,22401,VA,Northern,27-02-2024
PAT009637,16-02-1962,Male,Black or African American,Not Hispanic or Latino,23225,VA,Central,31-01-2023
PAT009638,10-04-2015,Female,White,Not Hispanic or Latino,23803,VA,Southern,29-02-2024
PAT009639,18-11-2008,Male,Black or African American,Hispanic or Latino,22902,VA,Western,23-01-2024
PAT009640,21-02-1987,Male,White,Not Hispanic or Latino,23831,VA,Southern,16-07-2023
PAT009641,04-01-1967,Male,Black or African American,Not Hispanic or Latino,23606,VA,Eastern,04-04-2025
PAT009642,27-09-2017,Female,White,Not Hispanic or Latino,22901,VA,Western,19-11-2023
PAT009643,05-07-1953,Female,American Indian or Alaska Native,Not Hispanic or Latino,23220,VA,Central,02-09-2023
PAT009644,17-09-2000,Male,Black or African American,Not Hispanic or Latino,22903,VA,Western,02-02-2024
PAT009645,12-02-2005,Female,Native Hawaiian or Other Pacific Islander,Not Hispanic or Latino,23223,VA,Central,08-05-2024
PAT009646,18-08-1942,Male,White,Not Hispanic or Latino,23803,VA,Southern,06-01-2025
PAT009647,09-04-1945,Male,Unknown,Not Hispanic or Latino,23220,VA,Central,12-10-2024
PAT009648,01-02-1981,Female,White,Not Hispanic or Latino,22551,VA,Northern,23-05-2025
PAT009649,14-09-1990,male,White,Not Hispanic or Latino,23601,VA,Eastern,27-04-2024
PAT009650,02-06-1995,Male,White,Not Hispanic or Latino,22554,VA,Northern,24-03-2025
PAT009651,14-03-2024,Male,White,Not Hispanic or Latino,22405,VA,Northern,07-08-2024
PAT009652,18-08-1986,Male,Black or African American,Not Hispanic or Latino,23221,VA,Central,24-10-2023
PAT009653,21-02-1950,Female,Black or African American,Not Hispanic or Latino,22902,VA,Western,22-05-2025
PAT009654,26-02-1965,Male,Black or African American,Not Hispanic or Latino,23221,VA,Central,21-11-2024
PAT009655,05-07-2006,Male,White,Hispanic or Latino,23185,VA,Eastern,04-05-2023
PAT009656,02-05-1944,Male,White,Not Hispanic or Latino,23220,VA,Central,23-10-2024
PAT009657,28-08-1977,Male,White,Not Hispanic or Latino,22911,VA,Western,06-02-2023
PAT009658,23-03-1984,Female,White,Not Hispanic or Latino,23220,VA,Central,18-03-2023
PAT009659,12-11-1992,Male,American Indian or Alaska Native,Not Hispanic or Latino,23221,VA,Central,15-05-2025
PAT009660,14-07-1991,Female,Multiple,Not Hispanic or Latino,22554,VA,Northern,12-04-2023
PAT009661,14-04-2008,Male,White,Not Hispanic or Latino,23220,VA,Central,12-03-2025
PAT009662,06-11-1982,Female,American Indian or Alaska Native,Not Hispanic or Latino,23220,VA,Central,18-08-2024
PAT009663,08-08-2024,Female,White,Not Hispanic or Latino,23225,VA,Central,25-12-2025
PAT009664,17-01-2001,Male,White,Not Hispanic or Latino,22551,VA,Northern,19-06-2023
PAT009665,25-05-1976,Male,White,Not Hispanic or Latino,23221,VA,Central,06-02-2023
PAT009666,01-10-2001,Female,White,Not Hispanic or Latino,22902,VA,Western,23-02-2023
PAT009667,11-01-1961,Other,White,Not Hispanic or Latino,23225,VA,Central,29-12-2023
PAT009668,16-01-1948,Male,White,Not Hispanic or Latino,23185,VA,Eastern,30-12-2023
PAT009669,16-05-1940,Other,Black or African American,Not Hispanic or Latino,22554,VA,Northern,17-11-2025
PAT009670,21-06-1977,Male,White,Not Hispanic or Latino,22551,VA,Northern,07-12-2025
PAT009671,27-09-1938,Female,Black or African American,Not Hispanic or Latino,22902,VA,Western,10-05-2023
PAT009672,15-03-2000,Female,Multiple,Not Hispanic or Latino,22902,VA,Western,27-12-2025
PAT009673,06-06-2004,Female,White,Not Hispanic or Latino,23805,VA,Southern,29-02-2024
PAT009674,19-03-2002,Male,Black or African American,Not Hispanic or Latino,22911,VA,Western,24-12-2023
PAT009675,02-05-1997,Male,Asian,Not Hispanic or Latino,23220,VA,Central,30-08-2024
PAT009676,28-11-1981,Female,Black or African American,Not Hispanic or Latino,22902,VA,Western,28-08-2024
PAT009677,10-06-1968,Female,Native Hawaiian or Other Pacific Islander,Hispanic or Latino,23805,VA,Southern,24-06-2023
PAT009678,13-09-1944,Male,Asian,Unknown,23831,VA,Southern,09-01-2025
PAT009679,15-05-1981,Male,Black or African American,Not Hispanic or Latino,23185,VA,Eastern,28-04-2023
PAT009680,27-11-1983,Male,Black or African American,Not Hispanic or Latino,23601,VA,Eastern,06-07-2024
PAT009681,07-07-1936,Male,White,Not Hispanic or Latino,22911,VA,Western,21-04-2025
PAT009682,08-09-1941,Male,Black or African American,Not Hispanic or Latino,22551,VA,Northern,18-12-2024
PAT009683,21-11-2014,Male,White,Not Hispanic or Latino,23223,VA,Central,04-02-2023
PAT009684,18-06-1971,Male,White,Not Hispanic or Latino,23221,VA,Central,06-10-2025
PAT009685,01-01-1996,Male,Unknown,Not Hispanic or Latino,23606,VA,Eastern,09-08-2025
PAT009686,19-10-2006,Female,White,Hispanic or Latino,23185,VA,Eastern,21-01-2024
PAT009687,26-08-1989,Male,Black or African American,Hispanic or Latino,23221,VA,Central,14-07-2023
PAT009688,26-02-1965,Male,Black or African American,Not Hispanic or Latino,23221,VA,Central,12-01-2025
PAT009689,17-12-1942,Male,Black or African American,Not Hispanic or Latino,23220,VA,Central,02-08-2024
PAT009690,08-04-2019,Male,White,Not Hispanic or Latino,22901,VA,Western,06-02-2025
PAT009691,19-07-1965,Male,White,Unknown,23225,VA,Central,25-06-2024
PAT009692,02-02-2025,Male,Other,Not Hispanic or Latino,22401,VA,Northern,11-07-2025
PAT009693,03-01-1969,Female,Black or African American,Not Hispanic or Latino,22902,VA,Western,03-03-2024
PAT009694,01-03-2015,Female,White,Not Hispanic or Latino,23225,VA,Central,07-12-2023
PAT009695,02-07-2002,Male,White,Not Hispanic or Latino,23601,VA,Eastern,08-06-2023
PAT009696,09-12-1948,Male,White,Not Hispanic or Latino,23601,VA,Eastern,02-03-2025
PAT009697,08-04-1984,Male,White,Not Hispanic or Latino,22401,VA,Northern,15-02-2025
PAT009698,02-05-1974,Female,White,Not Hispanic or Latino,22902,VA,Western,25-01-2024
PAT009699,03-01-1974,Male,White,Not Hispanic or Latino,22551,VA,Northern,25-06-2023
PAT009700,04-08-1964,Male,Black or African American,Not Hispanic or Latino,23223,VA,Central,10-10-2024
PAT009701,09-12-1983,Female,Black or African American,Not Hispanic or Latino,23185,VA,Eastern,15-11-2024
PAT009702,22-10-2004,Female,Multiple,Not Hispanic or Latino,22554,VA,Northern,01-03-2023
PAT009703,20-02-2008,Female,American Indian or Alaska Native,Not Hispanic or Latino,23220,VA,Central,12-01-2023
PAT009704,25-07-2015,Male,Black or African American,Not Hispanic or Latino,23834,VA,Southern,21-04-2024
PAT009705,06-06-1965,Male,Black or African American,Not Hispanic or Latino,22911,VA,Western,07-04-2024
PAT009706,12-10-2014,Female,Black or African American,Not Hispanic or Latino,23220,VA,Central,24-08-2025
PAT009707,08-07-1978,Female,Other,Not Hispanic or Latino,23223,VA,Central,08-01-2024
PAT009708,08-02-1986,Female,Unknown,Not Hispanic or Latino,23220,VA,Central,04-11-2023
PAT009709,26-03-1938,Male,White,Hispanic or Latino,23606,VA,Eastern,07-09-2025
PAT009710,13-01-1957,Male,White,Not Hispanic or Latino,22551,VA,Northern,30-10-2024
PAT009711,06-01-2012,Male,White,Not Hispanic or Latino,23223,VA,Central,10-12-2023
PAT009712,15-06-2001,Male,Black or African American,Hispanic or Latino,22911,VA,Western,27-06-2025
PAT009713,22-02-1986,Female,White,Not Hispanic or Latino,22554,VA,Northern,31-03-2023
PAT009714,03-08-1949,Male,White,Hispanic or Latino,23606,VA,Eastern,21-11-2024
PAT009715,05-03-2019,Male,White,Not Hispanic or Latino,23225,VA,Central,07-10-2025
PAT009716,25-11-1979,Male,White,Not Hispanic or Latino,23602,VA,Eastern,01-12-2023
PAT009717,11-02-1948,Female,White,Not Hispanic or Latino,23834,VA,Southern,06-12-2025
PAT009718,28-12-1981,Male,White,Unknown,23803,VA,Southern,01-04-2025
PAT009719,16-02-2000,Female,Black or African American,Not Hispanic or Latino,23803,VA,Southern,11-10-2024
PAT009720,03-02-1962,Female,Black or African American,Not Hispanic or Latino,22401,VA,Northern,12-06-2024
PAT009721,09-12-1973,Female,White,Not Hispanic or Latino,22401,VA,Northern,18-11-2023
PAT009722,26-12-1986,Female,White,Not Hispanic or Latino,22903,VA,Western,16-01-2025
PAT009723,15-07-2016,Male,White,Not Hispanic or Latino,23221,VA,Central,02-06-2023
PAT009724,03-08-2019,Male,Asian,Not Hispanic or Latino,23225,VA,Central,24-06-2024
PAT009725,01-10-1958,Male,White,Not Hispanic or Latino,23834,VA,Southern,03-04-2025
PAT009726,10-06-1981,Female,Black or African American,Not Hispanic or Latino,23223,VA,Central,20-04-2023
PAT009727,16-06-1943,Male,White,Not Hispanic or Latino,23220,VA,Central,29-01-2024
PAT009728,04-01-1952,Male,White,Not Hispanic or Latino,23185,VA,Eastern,06-10-2025
PAT009729,15-02-1984,Male,Multiple,Not Hispanic or Latino,23185,VA,Eastern,03-03-2025
PAT009730,21-04-1989,Male,Black or African American,Not Hispanic or Latino,22901,VA,,21-08-2023
PAT009731,05-11-1974,Female,Black or African American,Not Hispanic or Latino,23225,VA,Central,12-03-2024
PAT009732,28-04-1982,Male,Asian,Not Hispanic or Latino,22901,VA,Western,05-12-2025
PAT009733,06-08-2023,Male,White,Unknown,23803,VA,Southern,12-04-2024
PAT009734,19-08-2015,Male,White,Hispanic or Latino,22551,VA,Northern,02-01-2025
PAT009735,09-07-1977,Female,White,Not Hispanic or Latino,22401,VA,Northern,04-03-2023
PAT009736,03-10-1989,Female,White,Not Hispanic or Latino,23223,VA,Central,18-08-2024
PAT009737,25-03-1962,Male,White,Not Hispanic or Latino,22551,VA,Northern,28-04-2023
PAT009738,18-08-1979,Male,Asian,Not Hispanic or Latino,23805,VA,Southern,18-08-2024
PAT009739,14-02-1974,Female,Black or African American,Not Hispanic or Latino,22903,VA,Western,26-02-2024
PAT009740,06-12-1971,Female,White,Not Hispanic or Latino,23223,VA,Central,23-05-2023
PAT009741,09-02-1977,Male,White,Hispanic or Latino,23834,VA,Southern,11-10-2024
PAT009742,13-11-1998,Female,White,Not Hispanic or Latino,22551,VA,Northern,23-10-2023
PAT009743,05-09-1952,Male,White,Not Hispanic or Latino,23221,VA,Central,13-04-2024
PAT009744,21-01-1962,Male,White,Hispanic or Latino,23225,VA,Central,24-08-2024
PAT009745,03-12-2003,Female,Black or African American,Not Hispanic or Latino,22901,VA,Western,15-05-2025
PAT009746,13-05-1991,Male,Asian,Not Hispanic or Latino,22901,VA,Western,04-04-2024
PAT009747,26-10-1982,Male,White,Not Hispanic or Latino,22554,VA,Northern,20-07-2023
PAT009748,05-10-1997,Male,White,Not Hispanic or Latino,23805,VA,Southern,25-07-2024
PAT009749,13-07-1938,Female,American Indian or Alaska Native,Not Hispanic or Latino,23831,VA,Southern,28-10-2023
PAT009750,10-08-1958,Male,White,Hispanic or Latino,22911,VA,Western,10-06-2024
PAT009751,25-04-1997,Female,Asian,Not Hispanic or Latino,22902,VA,Western,21-07-2023
PAT009752,19-05-1994,Female,Black or African American,Not Hispanic or Latino,23223,VA,Central,20-01-2023
PAT009753,25-01-2012,Female,White,Not Hispanic or Latino,23602,VA,Eastern,12-08-2024
PAT009754,23-02-2004,Female,White,Not Hispanic or Latino,23221,VA,Central,01-09-2025
PAT009755,04-11-1976,Other,Multiple,Not Hispanic or Latino,22405,VA,Northern,18-08-2024
PAT009756,24-07-1965,Male,White,Not Hispanic or Latino,22902,VA,Western,04-08-2023
PAT009757,01-11-1978,Female,White,Not Hispanic or Latino,23834,VA,Southern,04-04-2023
PAT009758,14-09-1992,Female,Asian,Not Hispanic or Latino,22903,VA,Western,16-07-2025
PAT009759,04-01-1995,Female,White,Not Hispanic or Latino,22405,VA,Northern,29-01-2023
PAT009760,23-02-1986,Female,White,Not Hispanic or Latino,23223,VA,Central,23-07-2024
PAT009761,16-05-1965,Female,White,Not Hispanic or Latino,23223,VA,Central,17-10-2025
PAT009762,09-04-1972,Female,Asian,Not Hispanic or Latino,23221,VA,Central,30-01-2025
PAT009763,28-11-1940,Female,White,Not Hispanic or Latino,23834,VA,Southern,24-05-2024
PAT009764,16-10-1984,Male,White,Not Hispanic or Latino,23220,VA,Central,12-07-2023
PAT009765,25-09-2012,Female,White,Not Hispanic or Latino,22903,VA,Western,16-11-2023
PAT009766,27-06-1962,Female,Black or African American,Hispanic or Latino,22902,VA,Western,06-06-2023
PAT009767,02-06-1992,Female,Black or African American,Not Hispanic or Latino,23223,VA,Central,09-01-2023
PAT009768,07-10-1935,Female,White,Not Hispanic or Latino,22911,VA,Western,07-02-2023
PAT009769,04-12-1989,Male,White,Not Hispanic or Latino,23602,VA,Eastern,25-03-2025
PAT009770,23-10-1982,Male,White,Not Hispanic or Latino,23834,VA,Southern,04-07-2024
PAT009771,24-01-1980,Male,White,Not Hispanic or Latino,22554,VA,Northern,13-12-2023
PAT009772,24-06-2007,Female,Black or African American,Not Hispanic or Latino,22554,VA,Northern,08-03-2023
PAT009773,16-06-1966,Male,Other,Hispanic or Latino,23805,VA,Southern,25-10-2025
PAT009774,09-09-1974,Male,Unknown,Hispanic or Latino,22551,VA,Northern,10-11-2023
PAT009775,17-07-1984,Female,White,Not Hispanic or Latino,23220,VA,Central,23-03-2025
PAT009776,20-12-1987,Female,White,Hispanic or Latino,23221,VA,Central,12-08-2024
PAT009777,21-07-1958,Female,White,Not Hispanic or Latino,22401,VA,Northern,05-07-2023
PAT009778,28-06-1981,Female,Asian,Not Hispanic or Latino,23223,VA,Central,14-03-2023
PAT009779,24-12-1935,Female,White,Not Hispanic or Latino,23225,VA,Central,30-12-2023
PAT009780,21-09-1992,Male,Black or African American,Not Hispanic or Latino,23220,VA,Central,11-11-2025
PAT009781,24-12-2008,Male,White,Hispanic or Latino,22901,VA,Western,17-03-2025
PAT009782,03-04-1982,Female,White,Hispanic or Latino,22401,VA,Northern,04-11-2023
PAT009783,15-02-1939,Male,Multiple,Not Hispanic or Latino,22903,VA,Western,13-10-2023
PAT009784,25-03-1943,Female,White,Not Hispanic or Latino,22405,VA,Northern,05-03-2024
PAT009785,06-02-1972,Female,White,Not Hispanic or Latino,23223,VA,Central,10-03-2025
PAT009786,05-08-1983,Female,Native Hawaiian or Other Pacific Islander,Not Hispanic or Latino,22903,VA,Western,05-01-2023
PAT009787,27-12-1938,Female,White,Hispanic or Latino,22902,VA,Western,29-11-2025
PAT009788,25-06-1977,Male,White,Not Hispanic or Latino,23225,VA,Central,10-09-2023
PAT009789,23-03-1994,Female,White,Not Hispanic or Latino,23834,VA,Southern,26-08-2023
PAT009790,07-02-1952,Male,White,Hispanic or Latino,22903,VA,Western,24-12-2023
PAT009791,23-11-2010,Female,Multiple,Not Hispanic or Latino,22551,VA,Northern,22-01-2024
PAT009792,11-04-1973,Female,Black or African American,Hispanic or Latino,23606,VA,Eastern,21-04-2024
PAT009793,06-05-2010,Male,White,Not Hispanic or Latino,22401,VA,Northern,25-09-2024
PAT009794,01-03-1979,Male,Multiple,Not Hispanic or Latino,22554,VA,Northern,15-01-2024
PAT009795,20-08-1959,Male,Black or African American,Not Hispanic or Latino,22405,VA,Northern,12-09-2025
PAT009796,12-02-1986,Female,White,Not Hispanic or Latino,22911,VA,Western,15-05-2023
PAT009797,20-12-1941,Male,White,Not Hispanic or Latino,23602,VA,Eastern,21-10-2023
PAT009798,28-01-2015,Female,Black or African American,Not Hispanic or Latino,23831,VA,Southern,06-10-2023
PAT009799,08-06-1965,Female,Asian,Not Hispanic or Latino,23803,VA,Southern,15-01-2025
PAT009800,28-12-1949,Female,White,Not Hispanic or Latino,23225,VA,Central,09-10-2025
PAT009801,10-07-2000,Female,White,Not Hispanic or Latino,23221,VA,Central,27-09-2025
PAT009802,19-08-1987,Female,White,Not Hispanic or Latino,23223,VA,Central,18-07-2025
PAT009803,17-04-1956,Female,White,Not Hispanic or Latino,23803,VA,Southern,14-05-2025
PAT009804,05-02-1939,Female,Unknown,Not Hispanic or Latino,23805,VA,Southern,24-06-2023
PAT009805,04-06-2000,Male,White,Not Hispanic or Latino,23220,VA,Central,31-05-2023
PAT009806,07-11-1987,Female,White,Not Hispanic or Latino,22901,VA,Western,07-08-2023
PAT009807,11-08-1990,Male,Asian,Not Hispanic or Latino,23221,VA,Central,02-02-2025
PAT009808,28-03-2006,F,Black or African American,Not Hispanic or Latino,23602,VA,Eastern,09-04-2025
PAT009809,17-05-1966,Male,White,Not Hispanic or Latino,23831,VA,Southern,01-08-2023
PAT009810,05-04-1955,Male,Other,Not Hispanic or Latino,22902,VA,Western,07-01-2024
PAT009811,02-03-1953,Male,White,Not Hispanic or Latino,23225,VA,Central,25-05-2024
PAT009812,23-06-1982,Female,Asian,Not Hispanic or Latino,23225,VA,Central,02-05-2023
PAT009813,19-12-1936,Male,Asian,Not Hispanic or Latino,23223,VA,Central,29-02-2024
PAT009814,16-04-2022,Male,White,Not Hispanic or Latino,23220,VA,Central,14-12-2025
PAT009815,15-09-1996,Male,Black or African American,Not Hispanic or Latino,22902,VA,Western,09-09-2025
PAT009816,08-02-2020,Female,White,Hispanic or Latino,23803,VA,,18-05-2025
PAT009817,18-12-1977,Male,White,Not Hispanic or Latino,22405,VA,Northern,15-10-2023
PAT009818,02-11-2013,Female,White,Not Hispanic or Latino,22401,VA,Northern,04-03-2024
PAT009819,12-02-1993,Male,Other,Not Hispanic or Latino,23803,VA,Southern,19-04-2024
PAT009820,27-08-2023,Male,White,Not Hispanic or Latino,22554,VA,Northern,29-05-2024
PAT009821,01-09-2000,Female,Black or African American,Not Hispanic or Latino,23221,VA,Central,28-06-2025
PAT009822,15-11-1999,Female,Black or African American,Not Hispanic or Latino,22405,VA,Northern,10-09-2023
PAT009823,26-04-2004,Male,White,Not Hispanic or Latino,22405,VA,Northern,01-07-2025
PAT009824,09-11-2024,Female,White,Not Hispanic or Latino,23223,VA,Central,30-05-2025
PAT009825,27-05-1955,Female,White,Not Hispanic or Latino,23831,VA,Southern,03-10-2024
PAT009826,15-01-1986,Female,White,Not Hispanic or Latino,22911,VA,Western,01-02-2023
PAT009827,08-06-1975,Male,White,Not Hispanic or Latino,23223,VA,Central,21-10-2024
PAT009828,05-09-2009,Male,Asian,Hispanic or Latino,22405,VA,Northern,24-06-2024
PAT009829,04-12-1982,Female,White,Not Hispanic or Latino,23220,VA,Central,12-11-2025
PAT009830,18-11-1975,Male,Other,Not Hispanic or Latino,22405,VA,Northern,20-04-2024
PAT009831,02-06-1967,Male,White,Hispanic or Latino,22902,VA,Western,31-12-2025
PAT009832,16-08-1986,Female,Multiple,Not Hispanic or Latino,22405,VA,Northern,28-11-2024
PAT009833,24-08-1967,Male,Black or African American,Not Hispanic or Latino,23223,VA,Central,24-03-2024
PAT009834,12-02-1968,Female,White,Not Hispanic or Latino,22911,VA,Western,26-08-2024
PAT009835,28-06-1989,Female,Multiple,Not Hispanic or Latino,23221,VA,Central,19-03-2024
PAT009836,25-08-2006,Male,Asian,Not Hispanic or Latino,23185,VA,Eastern,19-02-2025
PAT009837,22-07-1984,Male,White,Not Hispanic or Latino,22911,VA,Western,05-05-2023
PAT009838,25-04-1995,Female,Asian,Not Hispanic or Latino,23601,VA,Eastern,05-07-2023
PAT009839,26-10-1974,Female,Asian,Not Hispanic or Latino,23803,VA,Southern,01-06-2025
PAT009840,19-02-2005,Male,Black or African American,Not Hispanic or Latino,23831,VA,Southern,21-11-2024
PAT009841,01-04-1979,Female,Multiple,Not Hispanic or Latino,23221,VA,Central,30-09-2025
PAT009842,04-12-1987,Female,Multiple,Hispanic or Latino,23601,VA,Eastern,07-06-2024
PAT009843,16-04-2024,Female,White,Hispanic or Latino,23225,VA,Central,04-07-2024
PAT009844,25-01-1993,Female,White,Not Hispanic or Latino,22902,VA,Western,21-09-2025
PAT009845,21-11-1981,Male,Black or African American,Not Hispanic or Latino,22902,VA,Western,26-02-2023
PAT009846,26-02-2012,Unknown,White,Not Hispanic or Latino,23805,VA,Southern,15-04-2023
PAT009847,10-01-1976,Male,American Indian or Alaska Native,Not Hispanic or Latino,23223,VA,Central,25-11-2025
PAT009848,16-01-1973,Male,White,Not Hispanic or Latino,22405,VA,Northern,17-07-2023
PAT009849,27-03-2013,Unknown,Black or African American,Unknown,23602,VA,Eastern,08-07-2025
PAT009850,10-03-2016,Male,White,Not Hispanic or Latino,23834,VA,Southern,06-07-2024
PAT009851,05-04-1992,Female,Black or African American,Not Hispanic or Latino,23223,VA,Central,19-10-2024
PAT009852,11-07-2006,Female,Black or African American,Not Hispanic or Latino,22902,VA,Western,19-02-2023
PAT009853,08-12-2015,Male,Black or African American,Not Hispanic or Latino,22551,VA,Northern,22-06-2025
PAT009854,04-11-1941,Female,Black or African American,Not Hispanic or Latino,23221,VA,Central,19-02-2023
PAT009855,24-03-1946,Female,Asian,Not Hispanic or Latino,23220,VA,Central,08-12-2024
PAT009856,27-09-1992,Male,Black or African American,Not Hispanic or Latino,22401,VA,Northern,24-04-2024
PAT009857,23-12-2015,Female,Other,Not Hispanic or Latino,23223,VA,Central,23-01-2023
PAT009858,04-09-1961,Female,White,Not Hispanic or Latino,22911,VA,Western,22-06-2024
PAT009859,14-06-1952,Female,Black or African American,Hispanic or Latino,23223,VA,Central,03-07-2025
PAT009860,15-12-2005,Male,Asian,Not Hispanic or Latino,22903,VA,Western,25-08-2024
PAT009861,11-01-1973,Female,White,Not Hispanic or Latino,22554,VA,Northern,24-04-2023
PAT009862,12-02-2014,Female,White,Not Hispanic or Latino,22554,VA,Northern,09-05-2025
PAT009863,01-05-1983,Male,White,Not Hispanic or Latino,23221,VA,Central,10-04-2023
PAT009864,13-12-2004,Female,Asian,Hispanic or Latino,23225,VA,Central,09-10-2024
PAT009865,20-12-1966,Other,White,Not Hispanic or Latino,23221,VA,Central,14-03-2023
PAT009866,03-01-1961,Male,White,Not Hispanic or Latino,22405,VA,Northern,11-06-2024
PAT009867,10-02-1940,Female,Black or African American,Not Hispanic or Latino,23220,VA,Central,15-12-2024
PAT009868,18-11-1937,Male,Black or African American,Not Hispanic or Latino,22901,VA,Western,04-03-2025
PAT009869,19-01-2010,Female,White,Not Hispanic or Latino,23185,VA,Eastern,05-06-2024
PAT009870,14-05-1935,Male,Black or African American,Not Hispanic or Latino,23831,VA,Southern,25-09-2024
PAT009871,01-05-1967,Female,White,Not Hispanic or Latino,23220,VA,Central,28-01-2023
PAT009872,02-05-1975,Male,Asian,Not Hispanic or Latino,23220,VA,Central,22-08-2024
PAT009873,09-07-1964,Male,Asian,Not Hispanic or Latino,23223,VA,Central,30-05-2024
PAT009874,17-07-1993,Female,Asian,Not Hispanic or Latino,23221,VA,Central,28-08-2024
PAT009875,26-09-1979,Female,White,Unknown,23225,VA,Central,19-12-2024
PAT009876,14-06-1973,Female,Asian,Not Hispanic or Latino,22401,VA,Northern,31-07-2024
PAT009877,19-09-1976,Male,American Indian or Alaska Native,Unknown,22405,VA,Northern,31-07-2024
PAT009878,05-07-1995,Female,Black or African American,Not Hispanic or Latino,22554,VA,,27-06-2025
PAT009879,03-01-1969,Male,Black or African American,Not Hispanic or Latino,23805,VA,Southern,22-12-2025
PAT009880,16-12-2006,Male,White,Not Hispanic or Latino,23831,VA,Southern,12-06-2023
PAT009881,04-09-1974,Female,Black or African American,Not Hispanic or Latino,23221,VA,Central,07-08-2023
PAT009882,12-07-1978,Male,White,Not Hispanic or Latino,23221,VA,Central,02-02-2025
PAT009883,22-09-2024,Female,Multiple,Not Hispanic or Latino,23803,VA,Southern,29-03-2025
PAT009884,01-10-2015,Male,Asian,Not Hispanic or Latino,22554,VA,Northern,07-05-2024
PAT009885,01-06-2004,Female,Black or African American,Unknown,23834,VA,Southern,25-05-2023
PAT009886,03-05-1992,Male,White,Not Hispanic or Latino,23225,VA,Central,16-07-2024
PAT009887,28-08-1983,Male,Multiple,Not Hispanic or Latino,22911,VA,Western,22-01-2024
PAT009888,02-11-2004,Female,White,Hispanic or Latino,22405,VA,Northern,17-11-2023
PAT009889,19-02-2000,Male,Black or African American,Not Hispanic or Latino,22911,VA,Western,03-04-2025
PAT009890,06-01-1945,Female,American Indian or Alaska Native,Not Hispanic or Latino,23223,VA,Central,21-09-2024
PAT009891,14-02-1995,Male,Black or African American,Not Hispanic or Latino,23223,VA,Central,22-08-2024
PAT009892,19-07-1986,Male,White,Not Hispanic or Latino,22551,VA,Northern,02-08-2024
PAT009893,17-11-1996,Female,White,Not Hispanic or Latino,22902,VA,Western,29-05-2024
PAT009894,03-05-1965,Female,American Indian or Alaska Native,Not Hispanic or Latino,23221,VA,Central,15-01-2024
PAT009895,28-02-1982,Female,White,Not Hispanic or Latino,23185,VA,Eastern,10-05-2024
PAT009896,05-11-2011,Male,White,Not Hispanic or Latino,22554,VA,Northern,25-07-2024
PAT009897,23-08-1978,Female,White,Not Hispanic or Latino,23221,VA,Central,26-07-2025
PAT009898,03-10-2015,Male,White,Not Hispanic or Latino,23223,VA,Central,05-09-2024
PAT009899,10-10-1944,Female,Black or African American,Not Hispanic or Latino,22901,VA,Western,11-01-2023
PAT009900,10-11-1966,Female,Other,Not Hispanic or Latino,23225,VA,Central,26-11-2024
PAT009901,09-09-1977,Female,Black or African American,Not Hispanic or Latino,22551,VA,Northern,25-04-2024
PAT009902,24-11-2021,Female,White,Not Hispanic or Latino,23831,VA,Southern,27-10-2025
PAT009903,01-09-2010,Male,Black or African American,Not Hispanic or Latino,23834,VA,Southern,14-05-2024
PAT009904,22-07-1945,Male,White,Not Hispanic or Latino,23606,VA,Eastern,06-05-2025
PAT009905,16-10-1999,Male,White,Not Hispanic or Latino,23601,VA,Eastern,16-07-2025
PAT009906,11-01-1944,Female,White,Not Hispanic or Latino,22902,VA,Western,15-07-2024
PAT009907,12-03-1977,Female,White,Not Hispanic or Latino,22401,VA,Northern,24-07-2023
PAT009908,04-08-1943,Male,Black or African American,Hispanic or Latino,22911,VA,Western,17-09-2023
PAT009909,15-10-1943,Male,White,Not Hispanic or Latino,23223,VA,Central,23-06-2025
PAT009910,14-08-1969,Female,White,Not Hispanic or Latino,22551,VA,Northern,30-03-2025
PAT009911,23-01-1936,Male,Black or African American,Hispanic or Latino,22401,VA,Northern,04-09-2023
PAT009912,12-04-1981,Male,White,Not Hispanic or Latino,23221,VA,Central,18-02-2025
PAT009913,11-03-1999,Male,White,Not Hispanic or Latino,23601,VA,Eastern,20-08-2023
PAT009914,28-07-1946,Male,Other,Not Hispanic or Latino,23225,VA,Central,01-02-2023
PAT009915,14-06-1944,Female,White,Not Hispanic or Latino,23606,VA,Eastern,14-10-2024
PAT009916,01-02-1942,Male,Native Hawaiian or Other Pacific Islander,Not Hispanic or Latino,23602,VA,Eastern,12-06-2025
PAT009917,19-12-2001,Male,White,Not Hispanic or Latino,23834,VA,Southern,20-09-2025
PAT009918,10-11-1990,Female,Black or African American,Not Hispanic or Latino,23223,VA,Central,01-07-2025
PAT009919,27-08-1983,Female,Multiple,Not Hispanic or Latino,22901,VA,Western,10-07-2024
PAT009920,26-06-2024,Male,White,Not Hispanic or Latino,22551,VA,Northern,18-10-2025
PAT009921,05-01-1976,Female,White,Not Hispanic or Latino,22903,VA,Western,07-02-2023
PAT009922,12-02-1964,Female,White,Not Hispanic or Latino,22903,VA,Western,31-07-2024
PAT009923,10-10-1952,Female,Black or African American,Not Hispanic or Latino,23803,VA,Southern,18-10-2024
PAT009924,05-06-1968,Female,White,Not Hispanic or Latino,23223,VA,Central,08-03-2025
PAT009925,09-08-2001,Female,Asian,Not Hispanic or Latino,23223,VA,Central,05-07-2024
PAT009926,24-06-1996,Female,Black or African American,Not Hispanic or Latino,23223,VA,Central,27-08-2025
PAT009927,14-11-1948,Male,White,Not Hispanic or Latino,22902,VA,Western,10-05-2024
PAT009928,09-12-1950,Male,Asian,Not Hispanic or Latino,23221,VA,Central,07-01-2023
PAT009929,01-06-1938,Male,Multiple,Hispanic or Latino,22554,VA,Northern,17-03-2024
PAT009930,15-11-2025,Female,White,Not Hispanic or Latino,23805,VA,Southern,15-12-2025
PAT009931,16-12-1961,Female,White,Not Hispanic or Latino,23221,VA,Central,17-12-2025
PAT009932,23-12-1940,Female,Black or African American,Not Hispanic or Latino,22902,VA,Western,30-08-2025
PAT009933,11-10-2013,Male,Black or African American,Not Hispanic or Latino,22551,VA,Northern,04-05-2023
PAT009934,19-09-1979,Male,White,Not Hispanic or Latino,22554,VA,Northern,19-11-2023
PAT009935,14-11-1937,Male,Multiple,Not Hispanic or Latino,23225,VA,Central,16-02-2023
PAT009936,14-07-2018,Female,White,Not Hispanic or Latino,23220,VA,Central,19-01-2024
PAT009937,14-08-1978,Male,White,Not Hispanic or Latino,22554,VA,Northern,25-06-2024
PAT009938,25-11-2002,Female,Black or African American,Hispanic or Latino,22554,VA,Northern,07-02-2024
PAT009939,02-01-1996,Female,Black or African American,Not Hispanic or Latino,23225,VA,Central,26-03-2025
PAT009940,14-02-1935,Male,White,Not Hispanic or Latino,22554,VA,Northern,03-04-2024
PAT009941,28-08-1945,Female,White,Not Hispanic or Latino,23225,VA,Central,12-12-2025
PAT009942,09-03-1971,Female,White,Not Hispanic or Latino,23834,VA,Southern,06-08-2023
PAT009943,19-05-1984,Male,White,Not Hispanic or Latino,23220,VA,Central,17-08-2023
PAT009944,22-04-1969,Female,White,Not Hispanic or Latino,22551,VA,Northern,14-11-2024
PAT009945,16-11-1990,Female,White,Not Hispanic or Latino,23221,VA,Central,03-12-2024
PAT009946,12-03-1981,Female,Black or African American,Not Hispanic or Latino,23803,VA,Southern,22-07-2023
PAT009947,03-10-1969,Female,White,Hispanic or Latino,22554,VA,Northern,24-05-2025
PAT009948,17-08-1966,Male,Asian,Not Hispanic or Latino,23220,VA,Central,10-09-2025
PAT009949,07-03-2009,Male,Asian,Not Hispanic or Latino,23803,VA,Southern,06-09-2025
PAT009950,01-01-1980,Female,American Indian or Alaska Native,Not Hispanic or Latino,22401,VA,Northern,07-02-2024
PAT009951,10-12-2019,Male,Other,Not Hispanic or Latino,23185,VA,Eastern,17-10-2023
PAT009952,10-08-1987,Male,Multiple,Not Hispanic or Latino,23805,VA,Southern,31-12-2023
PAT009953,19-07-1977,Female,Black or African American,Not Hispanic or Latino,23601,VA,Eastern,24-07-2024
PAT009954,18-02-2016,Male,White,Not Hispanic or Latino,23803,VA,Southern,04-07-2023
PAT009955,19-11-2013,Female,White,Not Hispanic or Latino,22903,VA,Western,30-08-2023
PAT009956,23-11-1957,Female,Black or African American,Not Hispanic or Latino,23601,VA,Eastern,07-09-2024
PAT009957,02-05-2012,Female,White,Not Hispanic or Latino,23805,VA,Southern,20-05-2023
PAT009958,05-09-1974,Female,White,Not Hispanic or Latino,22551,VA,Northern,13-07-2023
PAT006727,12-07-1971,Male,Multiple,Not Hispanic or Latino,22554,VA,Northern,16-07-2023
PAT009960,05-11-1989,Female,Black or African American,Not Hispanic or Latino,23220,VA,Central,22-01-2024
PAT009961,27-10-2018,Female,Asian,Not Hispanic or Latino,22901,VA,Western,22-01-2025
PAT009962,22-07-1995,Female,Asian,Not Hispanic or Latino,22551,VA,Northern,03-06-2024
PAT009963,19-04-2003,Female,Asian,Not Hispanic or Latino,23831,VA,,22-01-2024
PAT009964,16-12-2001,Female,Black or African American,Hispanic or Latino,22903,VA,Western,10-08-2024
PAT009965,17-03-1976,Male,White,Not Hispanic or Latino,23223,VA,Central,27-02-2025
PAT009966,24-08-1972,Male,White,Unknown,23225,VA,Central,09-05-2024
PAT009967,18-11-1951,Male,Asian,Not Hispanic or Latino,23223,VA,Central,20-04-2023
PAT009968,01-04-1964,Male,White,Not Hispanic or Latino,23221,VA,Central,07-07-2025
PAT009969,22-03-1992,Male,American Indian or Alaska Native,Not Hispanic or Latino,23220,VA,Central,18-07-2025
PAT009970,13-02-2001,Male,White,Not Hispanic or Latino,22902,VA,Western,02-01-2025
PAT009971,12-06-2006,Male,Black or African American,Not Hispanic or Latino,23221,VA,Central,20-11-2023
PAT009972,20-08-2012,Female,Black or African American,Not Hispanic or Latino,22902,VA,Western,23-07-2024
PAT009973,10-11-1940,Male,Black or African American,Not Hispanic or Latino,23221,VA,Central,12-08-2025
PAT009974,18-07-1973,Female,White,Hispanic or Latino,23606,VA,Eastern,25-09-2025
PAT009975,24-04-1981,Male,White,Not Hispanic or Latino,22554,VA,Northern,12-06-2023
PAT009976,14-09-2002,Male,Multiple,Not Hispanic or Latino,23225,VA,Central,06-12-2023
PAT009977,16-08-1967,Male,Black or African American,Not Hispanic or Latino,23223,VA,Central,16-10-2025
PAT009978,20-07-2008,Male,Black or African American,Not Hispanic or Latino,23803,VA,Southern,17-04-2023
PAT009979,15-01-1971,Male,American Indian or Alaska Native,Not Hispanic or Latino,23834,VA,Southern,05-12-2023
PAT009980,26-10-1995,Male,Multiple,Not Hispanic or Latino,23834,VA,Southern,04-10-2024
PAT009981,10-12-2020,Male,Multiple,Not Hispanic or Latino,23185,VA,Eastern,10-10-2024
PAT009982,03-04-1983,Female,Native Hawaiian or Other Pacific Islander,Not Hispanic or Latino,22901,VA,Western,16-10-2023
PAT009983,01-05-1990,Female,White,Not Hispanic or Latino,23831,VA,Southern,08-06-2023
PAT009984,26-08-2025,Male,White,Not Hispanic or Latino,23220,VA,Central,12-09-2025
PAT009985,25-10-1988,Female,Other,Not Hispanic or Latino,22554,VA,Northern,25-05-2024
PAT009986,08-12-1935,Female,White,Not Hispanic or Latino,22551,VA,Northern,26-04-2023
PAT009987,12-07-2002,Female,White,Not Hispanic or Latino,23225,VA,Central,19-12-2025
PAT009988,20-05-2022,Female,Black or African American,Not Hispanic or Latino,23225,VA,Central,30-03-2024
PAT009989,11-06-1935,Male,Black or African American,Not Hispanic or Latino,23220,VA,Central,11-06-2023
PAT009990,12-04-1981,Female,American Indian or Alaska Native,Not Hispanic or Latino,22902,VA,Western,10-05-2023
PAT009991,01-02-1980,Male,White,Not Hispanic or Latino,23220,VA,Central,24-10-2024
PAT009992,12-05-1944,Male,Other,Not Hispanic or Latino,22911,VA,Western,26-06-2025
PAT009993,03-04-1962,Male,White,Not Hispanic or Latino,22405,VA,Northern,04-09-2025
PAT009994,02-12-1975,Male,White,Not Hispanic or Latino,23220,VA,Central,02-08-2025
PAT009995,07-10-1999,Male,Other,Hispanic or Latino,22901,VA,Western,12-07-2025
PAT009996,01-07-1996,Male,Multiple,Not Hispanic or Latino,22911,VA,Western,22-04-2024
PAT009997,04-03-1990,Male,Unknown,Not Hispanic or Latino,22911,VA,Western,12-03-2024
PAT009998,08-04-1968,Female,Black or African American,Not Hispanic or Latino,23225,VA,Central,01-04-2023
PAT009999,04-01-2023,Male,White,Not Hispanic or Latino,23831,VA,Southern,21-12-2023
PAT010000,03-03-1984,Male,Black or African American,Not Hispanic or Latino,23601,VA,Eastern,23-11-2023
